conf,end,start,word
0.857658,0.659928,0.48,إِنَّ
0.998804,1.11,0.659928,ٱلْحَرْبَ
