conf,end,start,word
0.690771,0.69,0.45,إِنَّ
0.853306,0.9,0.690048,عَلَى
0.225934,1.14,0.9,ٱلْمُجْتَمَعِ
