conf,end,start,word
1.0,0.51,0.0,أَرْدُوغَانُ
0.521137,0.660751,0.51,إِنَّ
0.9099,0.998962,0.660751,ٱتَّدَخُّلَ
0.181241,1.17,1.02,ٱلْبَرِّيَّ
