conf,end,start,word
0.32681,0.48,0.0,ٱثَّانِيَةُ
0.577469,0.63,0.48,إِنْ
0.834345,1.026632,0.631387,قَرَّرَ
