conf,end,start,word
0.709518,0.45,0.0,ٱلْجَزِيرَةُ
0.753275,0.63,0.450414,إِنَّ
0.89422,1.107738,0.635787,بِلَادَهُ
