conf,end,start,word
0.914132,0.48,0.03,عَسْكَرِيَّةٌ
0.206753,0.63,0.48,أَنَّ
0.831078,0.999674,0.640324,مَطَارَ
