conf,end,start,word
0.472811,0.510576,0.0,ٱشَّاطِئُ
0.582947,1.169874,0.674849,إِتِّصَالَاتٌ
