conf,end,start,word
0.921349,0.508425,0.000626,ٱلْوَاقِعُ
0.457728,0.663826,0.508425,إِنَّ
0.325334,1.105149,0.663826,ٱنْفِجَارَ
