conf,end,start,word
0.594858,0.509954,0.0,ٱتَّالِيْ
0.991218,0.63,0.509954,إِنَّ
1.0,1.080571,0.630263,بِلَادَهُ
