conf,end,start,word
0.804959,0.480191,0.0,أَمِيرِيكِيَّةٌ
0.687028,0.63,0.480191,إِنَّ
0.983766,0.966408,0.631342,ٱلْوِلَايَاتِ
0.844771,1.17,0.966408,ٱلْمُتَّحِدَةَ
