conf,end,start,word
0.98189,0.265567,0.03,مِنْ
0.525983,0.498553,0.26925,أَيِّ
0.342467,0.630392,0.51,أَنَّ
0.966456,1.11,0.637086,ٱلْعَمَلَ
