conf,end,start,word
1.0,0.450633,0.03,قَالَ
0.737486,0.689881,0.450633,إِنَّ
0.336084,0.998893,0.72,قَرَارَ
