conf,end,start,word
0.901588,0.45,0.03,قَائِلًا
0.949004,0.69,0.45,إِنَّ
0.612576,1.169751,0.69,حُكُومَتَهُ
