conf,end,start,word
0.943648,0.51,0.03,مُسَلَّحَةٌ
0.709651,0.63012,0.51,أَنَّ
0.569455,1.164059,0.63012,مُقَاتِلِينَ
