conf,end,start,word
0.515919,0.685358,0.475496,أَنَّ
0.987318,0.93,0.69,هَذَا
0.390398,1.17,0.93,ٱلْحَشْدَ
