conf,end,start,word
0.864176,0.69,0.115313,أَنَّ
0.998609,0.990644,0.69,ٱلْحَشْدَ
0.946303,1.17,0.990644,ٱشَّعْبِيَّ
