conf,end,start,word
0.425211,0.66,0.475011,أَنَّ
0.914909,1.11,0.66,سُلَالَةَ
