conf,end,start,word
0.66508,0.629375,0.48,إِنَّ
1.0,1.038166,0.629375,إِيرَانَ
