conf,end,start,word
1.0,0.51,0.06,قَوْلُهُ
0.642386,0.63,0.51,أَنَّ
0.787627,1.057213,0.630133,ٱلْحَرَكَةَ
