conf,end,start,word
0.917456,0.509633,0.03,نِتَنْيَاهُو
0.622967,0.66,0.51158,أَنَّ
0.998349,1.167128,0.660041,إِسْرَائِيلَ
