conf,end,start,word
0.537911,0.27,0.0,أُمِّيْ
0.826964,0.688236,0.45,إِنَّ
0.647496,1.16981,0.688236,ٱتَّطَوُّرَاتِ
