conf,end,start,word
0.878778,0.481817,0.0,ٱلْجُدُوبِيُّ
0.744867,0.661212,0.481817,إِنَّ
0.523576,1.134728,0.661212,ٱتَّحْقِيقَ
