conf,end,start,word
0.711912,0.419911,0.0,أَمِيرِيكِيَّةٌ
0.902764,0.69,0.419911,إِنَّ
0.96864,1.138267,0.72,رُوسِيَا
