conf,end,start,word
0.993944,0.511028,0.0,أَرْدُوغَانُ
0.891914,0.66,0.511028,إِنَّ
0.991898,1.051504,0.66,بِلَادَهُ
