conf,end,start,word
0.986698,0.51,0.24,قَالَ
0.782541,0.66,0.51,إِنَّ
1.0,1.109714,0.660074,ٱلْحَشْدَ
