conf,end,start,word
0.711507,0.45,0.03,يَعْنِي
0.772398,0.63,0.48,أَنَّ
1.0,0.960036,0.63,ٱلْعَاهِلَ
0.671692,1.17,0.960036,ٱسُّعُودِيَّ
