conf,end,start,word
0.598943,0.961968,0.690235,طَرَفًا
0.375552,1.14,0.961968,سِيَاسِيًّا
