conf,end,start,word
0.819003,0.422678,0.03,وَكَالَةٌ
0.833136,0.659902,0.422678,إِنَّ
0.949653,1.17,0.659902,ٱلْمُتَظَاهِرِينَ
