conf,end,start,word
0.874753,0.45,0.124791,لَهُ
0.694314,0.600032,0.48,أَنَّ
0.823684,1.017011,0.600247,ٱلْمَبْعُوثَ
