conf,end,start,word
0.846444,0.72,0.42,إِنَّ
0.946608,1.058994,0.75,طَهْرَانَ
