conf,end,start,word
0.597235,0.659116,0.48,أَنَّ
0.888377,1.019139,0.659116,ٱصَّبْرَ
