conf,end,start,word
0.622086,0.51,0.03,جَزِيرَةٌ
0.452405,0.685275,0.51,إِنَّ
0.650457,0.967953,0.69,رَئِيسَ
