conf,end,start,word
0.380966,0.670343,0.030656,فَانِينَا
0.814069,1.14,0.670343,ٱلْقِمَّةُ
