conf,end,start,word
0.970405,0.48,0.030152,دَوْلَةٌ
0.521242,0.689366,0.48,أَنَّ
0.520634,1.17,0.69,مُقَاتِلِينَ
