conf,end,start,word
0.948239,0.21,0.03,قَالَ
1.0,0.51,0.21,فِيهَا
0.947647,0.66,0.51,إِنَّ
0.655733,1.095422,0.66,ٱسُّلُطَاتِ
