conf,end,start,word
1.0,0.45,0.03,قَالَ
0.931604,0.689547,0.45,إِنَّ
0.985945,1.17,0.69,سَفِينَةَ
