conf,end,start,word
0.246975,0.48,0.0,ٱنُّونُو
0.656829,1.036367,0.611968,ٱلْوَقْتُ
