conf,end,start,word
0.661766,0.51,0.03,لِلْجَزِيرَةِ
0.874874,0.66,0.51,إِنَّ
0.990254,1.018032,0.69,خَمْسَةَ
0.404671,1.165202,1.018286,عَشَرَ
