conf,end,start,word
0.601803,0.581309,0.0,أَعْيَانٌ
0.880948,1.091177,0.630164,ٱشْتِبَاكَاتٌ
