conf,end,start,word
0.676268,0.69,0.42,إِنَّ
0.758482,0.870288,0.690882,مَا
0.620906,1.166166,0.870288,صَدَرَ
