conf,end,start,word
0.58902,0.690097,0.51,إِنَّ
0.867636,1.033751,0.690097,إِثْنَيْنِ
