conf,end,start,word
0.824687,0.48,0.03,جَزِيرَةٌ
0.911973,0.65996,0.48,إِنَّ
0.922173,1.11,0.66,مُسَلَّحِينَ
