conf,end,start,word
0.251732,0.48,0.03,مَيْدَانِيَّةٌ
0.712959,0.719682,0.48,إِنَّ
0.531901,1.035969,0.72,جَوْلَةَ
