conf,end,start,word
0.956296,0.51,0.0,ٱلْيَمَنِيَّةُ
0.713675,0.630432,0.51,إِنَّ
0.676781,0.983064,0.630432,ٱلْقُوَّاتِ
0.267522,1.17,0.989929,ٱلْبَرِّيَّةَ
