conf,end,start,word
0.986394,0.484094,0.031109,بَيَانٌ
0.49024,0.66,0.484094,إِنَّ
0.92488,0.993959,0.66,ٱرَّئِيسَ
0.537929,1.17,0.993959,ٱسِّيسِيَّ
