conf,end,start,word
0.969972,0.48,0.0,ٱلْجَزِيرَةُ
0.531145,0.66,0.48,أَنَّ
0.994778,1.11,0.660899,قُوَّةً
