conf,end,start,word
0.501904,0.422823,0.0,ٱثَّانِيْ
0.851364,0.72,0.422823,إِنَّ
0.971201,1.17,0.81,بِلَادَهُ
