conf,end,start,word
0.94404,0.484171,0.0,ٱلْجَزِيرَةُ
0.429898,0.66,0.484171,أَنَّ
0.47895,1.107274,0.665122,ٱسِّتَّةَ
