conf,end,start,word
0.994809,0.480575,0.0,أَرْدُوغَانُ
0.633808,0.66,0.480575,إِنَّ
0.717968,0.81,0.660668,مَا
0.298003,1.139855,0.81,سَمَّاهُ
