conf,end,start,word
0.997884,0.452388,0.18,وَقَالَ
0.812004,0.659393,0.452388,إِنَّ
0.55427,1.16974,0.659835,مُنَافِسِيهِ
