conf,end,start,word
0.853302,0.63,0.45,إِنَّ
0.989955,1.080091,0.630388,إِيرَانَ
