conf,end,start,word
0.575594,0.48,0.03,يَمَنِيَّةٌ
0.662073,0.660023,0.48,إِنَّ
0.995212,0.93,0.660023,ٱلْجَيْشَ
0.446796,1.14,0.93,ٱلْوَطَنِيَّ
