conf,end,start,word
0.99896,0.508791,0.06,غَنِيَّةُ
0.487971,0.63,0.51,أَنَّ
0.971171,0.960728,0.63,لَجْنَةَ
0.416813,1.17,0.960728,ٱتَّحْقِيقِ
