conf,end,start,word
0.974787,0.45,0.0,أَدِيبُ
0.716315,0.66,0.48,أَنَّ
0.933926,1.045043,0.661425,ٱلِّقَاءَ
