conf,end,start,word
0.727182,0.48,0.0,ٱلْأَمِيرِيكِيَّةُ
0.622745,0.63,0.480345,إِنَّ
0.88005,0.961409,0.641251,سُعُودَ
0.452836,1.14,0.961409,ٱلْفَيْصَلِ
