conf,end,start,word
0.996429,0.538804,0.0,ٱلْجَزِيرَةُ
0.478203,0.634111,0.54,أَنَّ
0.840792,1.02848,0.634111,ٱسُّلُطَاتِ
