conf,end,start,word
0.797406,0.509511,0.03,قَوْلُهَا
0.651457,0.63,0.509511,إِنَّ
0.97637,1.17,0.63,حِسَابَهَا
