conf,end,start,word
0.218141,0.48,0.03,هَانِي
0.758144,0.689604,0.481667,إِنَّ
0.918786,1.079802,0.689921,دُخُولَ
