conf,end,start,word
0.745277,0.45,0.0,أَمْنِيَّةٌ
0.896364,0.66,0.451227,إِنَّ
0.928244,0.84,0.66,مَا
