conf,end,start,word
0.627691,0.663183,0.48,إِنَّ
0.676813,1.069433,0.663183,ٱلْكَثِيرَ
