conf,end,start,word
0.867637,0.51,0.0,أَمِيرِيكِيَّةٌ
0.778642,0.634682,0.51,إِنَّ
0.731821,1.069887,0.635814,ٱسِّينَارِيُوَ
