conf,end,start,word
0.560212,0.51,0.03,عَسْكَرِيَّةٌ
0.789607,0.659945,0.510522,إِنَّ
0.791761,0.962567,0.659945,ٱلْقُوَّاتِ
0.22031,1.17,0.962567,ٱلْمُسَلَّحَةَ
