conf,end,start,word
0.517498,0.449887,0.0,أَقْوَالُهُ
0.56186,0.630021,0.451201,أَنَّ
0.982414,0.998697,0.63087,قَادَةَ
