conf,end,start,word
0.568865,0.51,0.03,لِلْجَزِيرَةِ
0.544228,0.629891,0.51,إِنَّ
0.997992,0.870163,0.629891,ٱلْأَمْنَ
0.953935,1.169304,0.870163,ٱلْمِصْرِيَّ
