conf,end,start,word
0.330001,0.45,0.0,أُوتْشُو
0.689799,0.63,0.48,إِنَّ
0.995331,1.168323,0.631646,ٱنِّيَابَةَ
