conf,end,start,word
0.924958,0.659902,0.48,إِنَّ
0.937699,0.975804,0.659902,ٱلْعَمَلَ
0.338573,1.17,0.975804,ٱلْعَسْكَرِيَّ
