conf,end,start,word
0.997662,0.45,0.0,أَرْدُوغَانُ
0.654126,0.660132,0.45,إِنَّ
0.538225,1.169505,0.660902,ٱثَّلَاثَةَ
