conf,end,start,word
0.475024,0.66,0.42,إِنَّ
0.346843,1.05009,0.660414,قَرَارَهُ
