conf,end,start,word
0.822969,0.598513,0.0,ٱلْكَاظِمِينَ
0.995574,0.900712,0.600011,هُنَاكَ
0.690541,1.17,0.93,ضُغُوطٌ
