conf,end,start,word
0.876701,0.466095,0.0,ٱلْجَزِيرَةُ
0.440791,0.659665,0.48,إِنَّ
0.731178,1.076902,0.69,شَخْصًا
