conf,end,start,word
0.64006,0.63,0.500178,إِنَّ
0.988475,1.078484,0.634067,ٱسَّفِيرَ
