conf,end,start,word
0.746494,0.48009,0.03,يُقَاتِلُونَ
0.973973,0.66,0.48009,إِلَى
0.993797,0.78,0.66,مَا
0.999334,1.089237,0.78,حَدَثَ
