conf,end,start,word
1.0,0.48,0.202352,قَالَ
0.708679,0.677283,0.48,إِنَّ
0.52054,1.109764,0.69,سَفِينَةَ
