conf,end,start,word
0.59106,0.45,0.03,كَيْفِيَّةُ
0.515763,0.748534,0.459778,أَنَّ
0.316894,1.17,0.75,مُفَاوَضَاتٍ
