conf,end,start,word
0.932125,0.483296,0.0,ٱلْأَبْيَضُ
0.516801,0.629872,0.483296,إِنَّ
0.97292,1.020978,0.629872,ٱرَّئِيسَ
