conf,end,start,word
0.860662,0.479952,0.0,أَقْطَايْ
0.700923,0.66,0.479952,إِنَّ
0.806359,1.10188,0.665235,بِلَادَهُ
