conf,end,start,word
0.37113,0.494436,0.03,لُبْنَانِيٌّ
0.322803,0.631759,0.494436,إِنَّ
