conf,end,start,word
1.0,0.48,0.03,صَالِحٌ
0.335754,0.63,0.48,أَنَّ
0.562502,0.960536,0.644191,دَعْمًا
