conf,end,start,word
0.908324,0.51,0.0,ٱلْجَزِيرَةُ
0.488296,0.66,0.51,أَنَّ
0.671641,0.995356,0.66,دَوْلَةً
