conf,end,start,word
0.691265,0.511152,0.0,ٱلْعِرَاقِيَّةُ
0.615296,0.629991,0.511152,أَنَّ
0.688038,1.002387,0.629991,ٱتَّنْظِيمَ
