conf,end,start,word
0.372749,0.54,0.03,وَحَلَّاوِيْ
0.635228,0.659951,0.54,إِنَّ
0.724419,0.96517,0.659951,ٱلْقُوَّاتِ
0.123928,1.17,0.96517,ٱلْمُسَلَّحَةَ
