conf,end,start,word
0.994792,0.48,0.0,ٱطَّلَعَ
0.809436,0.980428,0.662558,وَزِيرُ
0.333868,1.17,0.99,خَارِجِيَّةٍ
