conf,end,start,word
0.663492,0.480222,0.03,صَوْتِيٌّ
0.853547,0.63,0.480222,إِنَّ
0.582956,1.11,0.63036,قُوَّاتِ
