conf,end,start,word
0.973655,0.48,0.0,ٱدَّوْلِيَّةُ
0.790213,0.66,0.48,إِنَّ
0.843931,0.99013,0.66005,أَحَدَ
