conf,end,start,word
0.693071,0.48,0.0,أَبْيَضُ
0.453803,0.635095,0.51,إِنَّ
0.74317,1.033508,0.635095,ٱرَّئِيسَ
