conf,end,start,word
0.836077,0.659864,0.51,أَنَّ
0.967079,0.933132,0.659864,ٱرَّئِيسَ
0.362885,1.17,0.933132,ٱلْفَرَنْسِيَّ
