conf,end,start,word
0.874493,0.693891,0.45,إِنَّ
0.518202,1.164479,0.693891,ٱتَّجْرِبَةَ
