conf,end,start,word
0.494329,0.63,0.45,أَنَّ
0.860614,0.994407,0.63,مَوْقِفَ
