conf,end,start,word
0.792371,0.66,0.45,أَنَّ
0.927845,0.996512,0.66,قَادَةَ
