conf,end,start,word
1.0,0.510259,0.03,وَقَالَتْ
0.963662,0.660066,0.510259,إِنَّ
0.963448,1.108853,0.660066,ٱلْمَسْؤُولِينَ
