conf,end,start,word
0.998767,0.51,0.0,ٱلْجَزِيرَةُ
0.847013,0.66,0.51,أَنَّ
0.857182,0.997446,0.66,قُوَّاتِ
0.243125,1.14,0.997446,ٱلْأَسَدِ
