conf,end,start,word
0.750982,0.69,0.39,أَنَّ
0.498036,1.109732,0.69,ٱشَّكَّ
