conf,end,start,word
0.996699,0.444264,0.06,ظَرِيفٌ
0.221784,0.659766,0.48,بِأَنَّ
0.945713,1.11,0.660605,مَجْمُوعَةً
