conf,end,start,word
0.991726,0.48037,0.0,ٱدِّينُ
0.918514,0.66,0.48037,إِنَّ
0.623417,1.139895,0.66,مُقَاتِلِيهِ
