conf,end,start,word
0.984433,0.48,0.0,أَحْمَدُ
0.708372,0.658739,0.48,أَنَا
0.802077,0.961118,0.658739,هُنَا
