conf,end,start,word
0.635652,0.449905,0.03,تُرْكِيَّةٌ
0.601039,0.72,0.449905,إِنَّ
0.967918,1.14,0.78,أَيَّ
