conf,end,start,word
0.990091,0.51,0.0,ٱلْعِرَاقِيُّ
0.621587,0.63,0.510099,أَنَّ
1.0,1.109715,0.630062,ٱلْكُتْلَةَ
