conf,end,start,word
0.377441,0.480399,0.0,ٱلْمُعَارِضُ
0.540682,0.654668,0.495354,أَنَّ
0.42948,0.983263,0.654668,قُوَّاتِ
0.151018,1.169656,0.99,حَفْتَرٍ
