conf,end,start,word
0.846958,0.69,0.48,أَنَّ
0.955053,1.165211,0.690171,ٱلْحُضُورَ
