conf,end,start,word
0.916731,0.51,0.048737,إِدْلِبُ
0.588685,0.66,0.51,أَنَّ
0.757927,1.020398,0.660159,أَكْثَرَ
