conf,end,start,word
0.659162,0.688939,0.45,إِنَّ
0.798704,1.17,0.697791,مِيلِيشِيَاتِ
