conf,end,start,word
0.404308,0.473634,0.0,ٱلْمَوْقِعُ
0.406479,0.686623,0.493807,إِنَّهَا
0.410147,1.152739,0.686623,مُحْتَوًى
