conf,end,start,word
0.952029,0.45,0.03,جَزِيرَةٌ
0.764302,0.66,0.45012,إِنَّ
0.890729,1.03196,0.66,عِدَّةَ
