conf,end,start,word
0.770192,0.499162,0.0,ٱلْجَزِيرَةُ
0.525223,0.66,0.51,أَنَّ
0.920166,1.00869,0.660029,أَحَدَ
0.207697,1.17,1.02,أَسْبَابِ
