conf,end,start,word
0.373804,0.48,0.03,لَكُمْ
0.569649,0.63,0.48029,إِنَّ
0.999227,1.11,0.630077,لَدَيْهَا
