conf,end,start,word
0.434547,0.45,0.0,ٱلْجَيْشُ
0.631057,0.661988,0.48,إِنَّ
0.363995,1.104319,0.661988,ٱتَّغْيِيرَ
