conf,end,start,word
0.995917,0.48,0.0,أُوبَامَا
0.984242,0.66,0.48,إِنَّ
0.990587,1.169374,0.66,بِلَادَهُ
