conf,end,start,word
0.365364,0.72,0.45,إِنَّهَا
0.579477,1.104037,0.736914,خَطٌّ
