conf,end,start,word
0.808948,0.48,0.03,وَلَهُ
0.532801,0.660678,0.481862,أَنَّ
0.90744,1.17,0.660678,ٱرِّيَاضَ
