conf,end,start,word
0.861332,0.691245,0.42,إِنَّ
0.468307,1.169136,0.691245,قَائِدَ
