conf,end,start,word
0.998088,0.45,0.03,لَهَا
0.681063,0.66,0.450084,أَنَّ
0.832692,1.047486,0.66,قَضِيَّةَ
