conf,end,start,word
0.81514,0.9,0.661225,عَلَى
0.226993,1.090865,0.9,ٱلْأَقَلِّ
