conf,end,start,word
0.678255,0.510814,0.0,ٱلْعِرَاقِيَّةُ
0.539144,0.659948,0.510814,إِنَّ
0.50865,1.020418,0.69,ثَلَاثَةَ
