conf,end,start,word
0.984739,0.48,0.03,حُكُومَةٌ
0.832562,0.63,0.480041,إِنَّ
0.845572,1.163035,0.63,ٱشْتِبَاكَاتٍ
