conf,end,start,word
0.789029,0.48,0.0,ٱلْإِسْرَائِيلِيُّ
0.961324,0.63,0.48014,إِنَّ
0.829433,1.000436,0.66,ثَلَاثَةَ
0.157022,1.17,1.000436,أَسَابِيعَ
