conf,end,start,word
0.449309,0.538095,0.03,تَرْزَحُ
0.637799,0.659762,0.539367,أَنَّ
0.98777,1.139024,0.659762,ٱلْإِيرَانِيِّينَ
