conf,end,start,word
0.317051,0.51,0.0,ٱدِّينِيَّةُ
0.744321,0.63009,0.513171,إِنَّ
0.994631,1.02,0.630125,ٱلْجَيْشَ
