conf,end,start,word
0.567335,0.480022,0.03,جُبَارِيْ
0.895977,0.601036,0.480022,إِنَّ
0.94993,1.112431,0.601036,ٱسُّعُودِيَّةَ
