conf,end,start,word
0.561541,0.691715,0.45,إِذَنْ
0.287509,1.17,0.703347,مُرَشَّحٌ
