conf,end,start,word
0.496377,0.515311,0.03,جَمَعَنَا
0.290093,0.629139,0.515311,أَنَّ
0.99321,0.93,0.629139,ٱلْوَضْعَ
0.96641,1.02,0.93,فِي
0.445273,1.17,1.02,سُورِيَا
