conf,end,start,word
0.784545,0.45,0.03,وُوتْش
0.427379,1.161754,0.677343,إِضْرَابٌ
