conf,end,start,word
0.892933,0.39,0.0,أُحِبُّ
0.933194,0.785304,0.42,أَنَّ
0.254027,1.169343,0.81,ٱرُّوسَ
