conf,end,start,word
0.56534,0.8097,0.032531,إِتِّفَاقُ
0.503677,1.17,0.812761,تَشْكِيلِ
