conf,end,start,word
0.768436,0.321031,0.03,تَعْدِيلُ
0.84618,0.78,0.321031,إِتِّفَاقِ
0.562934,1.14,0.78,ٱصَّخْرِيِّ
