conf,end,start,word
0.968125,0.355956,0.03,إِلَى
0.981634,0.75,0.355956,إِتِّفَاقٍ
0.420979,1.17,0.75,مُلْزِمًا
