conf,end,start,word
0.984323,0.298504,0.06,ضِمْنَ
1.0,0.81,0.298504,إِتِّفَاقِ
0.734933,1.17,1.02,أُوسْلُو
