conf,end,start,word
0.680602,0.35691,0.03,سَالَتْ
1.0,0.78,0.35691,إِتِّفَاقَ
0.756636,1.139675,0.78,ٱسَّلَامِ
