conf,end,start,word
0.863062,0.78,0.236962,إِتِّفَاقُ
0.532622,1.001147,0.78015,وَقْفِ
0.333003,1.17,1.001147,ٱلْقِتَالِ
