conf,end,start,word
0.921251,0.354033,0.15,إِلَى
0.965981,0.72,0.354033,إِتِّفَاقٍ
0.687119,1.14,0.72,بِشَأْنِهَا
