conf,end,start,word
0.891333,0.784527,0.08451,إِتِّفَاقٌ
0.693218,1.040788,0.784527,عَلَى
