conf,end,start,word
0.670143,0.327738,0.09,إِلَى
0.904737,0.78312,0.327738,إِتِّفَاقِ
0.2995,1.17,0.78312,ٱتَّطْبِيقِ
