conf,end,start,word
0.476207,0.389474,0.27,فِي
0.908684,0.779949,0.389474,إِتِّفَاقٍ
0.643525,1.022851,0.81,رُوسِيٍّ
