conf,end,start,word
0.991047,0.36,0.03,إِلَى
0.991047,0.75,0.36,إِتِّفَاقٍ
1.0,0.960443,0.75,مَعَ
0.82678,1.14,0.960443,إِيرَانَ
