conf,end,start,word
0.962845,0.325357,0.03,مِنْ
1.0,0.81,0.325357,إِتِّفَاقٍ
0.980627,1.17,0.81,لِوَقْفِ
