conf,end,start,word
0.955782,0.35532,0.06,إِلَى
0.988423,0.810241,0.35532,إِتِّفَاقٍ
