conf,end,start,word
0.791407,0.35711,0.214561,عَنْ
0.990883,0.75,0.35711,إِتِّفَاقِ
0.991516,1.145849,0.75011,تَسْوِيَةٍ
