conf,end,start,word
0.657422,0.44994,0.03,تَمْلِي
0.996213,0.75,0.44994,إِتِّفَاقَ
1.0,1.17,0.750015,ٱرِّيَاضِ
