conf,end,start,word
0.213846,0.29758,0.03,غَنِيَ
0.716354,0.779703,0.29758,ٱلْإِتِّفَاقُ
0.928287,1.109751,0.78278,بِلَادَهُ
