conf,end,start,word
0.851377,0.326445,0.06,رَامِي
0.994398,0.78,0.326445,إِتِّفَاقٍ
0.996167,0.988205,0.78,مَعَ
