conf,end,start,word
0.984481,0.418414,0.21,عَلَى
1.0,0.75,0.418414,إِتِّفَاقِ
0.922631,1.136306,0.75,سَلَامٍ
