conf,end,start,word
1.0,0.36,0.03,إِلَى
1.0,0.81,0.36,إِتِّفَاقٍ
0.909975,1.030499,0.81,مَعَ
0.405858,1.17,1.030499,إِيرَانَ
