conf,end,start,word
0.921562,0.750501,0.007379,إِتِّفَاقٌ
0.471996,1.166052,0.750501,أُرْدُنِيٌّ
