conf,end,start,word
0.994001,0.329269,0.03,إِثْرَ
1.0,0.84,0.329269,إِتِّفَاقٍ
0.43222,1.065279,0.840084,بَيْنَ
