conf,end,start,word
0.972386,0.328718,0.03,عَلَى
0.95989,0.690691,0.328718,إِتِّفَاقِ
0.950109,1.102962,0.690691,ٱتَّعَاوُنِ
