conf,end,start,word
0.928176,0.148783,0.03,فِي
0.957619,0.384964,0.148783,إِطَارِ
0.977907,0.78,0.384964,إِتِّفَاقِ
0.259932,1.17,0.810229,تَطْبِيقِهَا
