conf,end,start,word
0.994389,0.389065,0.12,عَلَى
1.0,0.749902,0.389065,إِتِّفَاقِ
0.996731,1.137315,0.75,سَلَامٍ
