conf,end,start,word
0.726593,0.339767,0.182374,إِلَى
0.926314,0.78,0.339767,إِتِّفَاقٍ
