conf,end,start,word
0.992228,0.389953,0.03,تَوْقِيعُ
1.0,0.75,0.389953,إِتِّفَاقِ
0.977025,1.100673,0.75,ٱرِّيَاضِ
