conf,end,start,word
0.98574,0.359562,0.181608,إِلَى
0.997987,0.78,0.359562,إِتِّفَاقٍ
0.997431,1.169414,0.78,لِوَقْفِ
