conf,end,start,word
0.927477,0.78,0.006314,إِتِّفَاقُ
0.2522,1.081306,0.811451,صَوْتٍ
