conf,end,start,word
0.945924,0.78,0.158633,إِتِّفَاقُ
0.563609,1.138489,0.81,شَرَاكَةٍ
