conf,end,start,word
0.894808,0.32927,0.031996,تَنْفِيذُ
1.0,0.78,0.32927,إِتِّفَاقِ
0.995933,1.16848,0.78,ٱرِّيَاضِ
