conf,end,start,word
0.752811,0.277109,0.03,إِلَى
0.992373,0.84,0.277109,إِتِّفَاقِ
0.302302,1.14,0.84,أُوسْلُو
