conf,end,start,word
0.989301,0.808846,0.272458,إِتِّفَاقُ
0.796222,1.106769,0.81,سَلَامٍ
