conf,end,start,word
0.938787,0.358748,0.03,قَالَتِ
0.890146,0.78,0.358748,ٱتِّفَاقٍ
