conf,end,start,word
0.70773,0.751366,0.0,ٱلْإِتِّفَاقُ
0.16181,1.099591,0.751366,لِمَاذَا
