conf,end,start,word
0.990751,0.388188,0.0,أَنَّ
0.990795,0.78,0.388188,إِتِّفَاقَ
0.968642,1.11,0.78,وَقْفِ
