conf,end,start,word
0.844843,0.348749,0.213084,إِلَى
0.962767,0.75,0.348749,إِتِّفَاقٍ
