conf,end,start,word
0.730884,0.40478,0.029419,أَنَّ
0.995672,0.749787,0.40478,إِتِّفَاقَ
0.444882,0.991023,0.75,وَقْفِ
0.436976,1.17,0.991023,إِطْلَاقِ
