conf,end,start,word
0.61988,0.32902,0.184984,إِلَى
0.93315,0.75,0.32902,إِتِّفَاقٍ
0.439647,1.17,0.75,مُلْزِمَةٍ
