conf,end,start,word
0.969937,0.326269,0.03,إِلَى
0.998513,0.78,0.326269,إِتِّفَاقٍ
0.618132,1.17,0.78,بِشَأْنِهَا
