conf,end,start,word
0.993102,0.329201,0.06,إِلَى
1.0,0.826925,0.329201,إِتِّفَاقٍ
