conf,end,start,word
0.743778,0.319778,0.03,إِعْلَانُ
0.99125,0.75,0.319778,إِتِّفَاقِ
0.667614,1.17,0.75,ٱتَّطْبِيقِ
