conf,end,start,word
0.960459,0.359282,0.030265,تَنْفِيذُ
0.920636,0.78,0.359282,إِتِّفَاقٍ
