conf,end,start,word
0.95749,0.327758,0.164651,إِلَى
0.985203,0.84,0.327758,إِتِّفَاقٍ
0.927122,1.17,0.87,بِشَأْنِ
