conf,end,start,word
0.919435,0.357466,0.03,عَلَى
0.920551,0.75,0.357466,إِتِّفَاقِ
0.240228,1.140838,0.75,ٱتَّطَوُّرَاتِ
