conf,end,start,word
1.0,0.39,0.0,أَيُّ
0.941851,0.810013,0.39,إِتِّفَاقٍ
0.484838,1.12383,0.810013,يَتِمُّ
