conf,end,start,word
0.996561,0.35651,0.03,عَلَى
0.882204,0.75,0.359361,إِتِّفَاقِ
0.661663,1.139836,0.78,تَطْبِيعٍ
