conf,end,start,word
0.982653,0.327728,0.03,عَلَى
1.0,0.78,0.327728,إِتِّفَاقٍ
0.965509,1.097217,0.78,لِوَقْفِ
