conf,end,start,word
0.790796,0.359787,0.030195,دُخُولُ
0.772679,0.771802,0.359787,إِتِّفَاقِ
0.38851,1.066464,0.781544,وَقْفِ
