conf,end,start,word
0.99816,0.329757,0.03,إِلَى
1.0,0.780366,0.329757,إِتِّفَاقٍ
0.241127,1.14,0.99,سِيَاسِيٍّ
