conf,end,start,word
0.78538,0.752119,0.02046,إِتِّفَاقُ
0.437458,1.003942,0.752119,وَقْفِ
0.232443,1.17,1.003942,ٱلْقِتَالِ
