conf,end,start,word
0.999288,0.329913,0.03,بَعْدَ
0.999608,0.840022,0.329913,إِتِّفَاقٍ
0.386841,1.115763,0.840022,بَيْنَ
