conf,end,start,word
0.368972,0.413098,0.03,تَعْلِيقِي
0.633299,0.826195,0.413098,إِتِّفَاقًا
0.824724,0.965332,0.826195,مَعَ
0.256601,1.14,0.965332,ٱلْغَرْبِ
