conf,end,start,word
0.606354,0.323395,0.03,دَخَلَ
0.987489,0.75,0.323395,إِتِّفَاقُ
1.0,1.17,0.75,أُوبِكْ
