conf,end,start,word
0.998026,0.780079,0.36,إِتِّفَاقُ
0.687682,1.096555,0.780079,ٱسَّلَامِ
