conf,end,start,word
0.998904,0.36,0.0,إِحْتِرَامُ
1.0,0.773307,0.360033,إِتِّفَاقِ
0.524928,1.035818,0.78,وَقْفِ
