conf,end,start,word
0.772617,0.340547,0.191072,إِلَى
1.0,0.81,0.340547,إِتِّفَاقٍ
1.0,1.167918,0.84,سِيَاسِيٍّ
