conf,end,start,word
0.938526,0.354401,0.03,إِلَى
0.974984,0.81,0.354401,إِتِّفَاقٍ
0.846386,1.17,0.81,بِشَأْنِ
