conf,end,start,word
0.949296,0.294261,0.0,أَيُّ
1.0,0.78,0.294261,إِتِّفَاقٍ
0.963062,1.169744,0.9,جَدِيدٍ
