conf,end,start,word
0.989755,0.841641,0.001365,إِتِّفَاقُ
0.373592,1.17,0.841641,سَلَامٍ
