conf,end,start,word
0.459886,0.273234,0.03,فِي
1.0,0.75,0.273234,إِتِّفَاقِ
1.0,1.169577,0.75,ٱدَّوْحَةِ
