conf,end,start,word
0.937383,0.384467,0.216591,إِلَى
0.988404,0.81,0.384467,إِتِّفَاقٍ
0.979878,1.169837,0.81,نِهَائِيٍّ
