conf,end,start,word
0.966374,0.328147,0.03,إِلَى
0.980784,0.81,0.328147,إِتِّفَاقٍ
0.670085,1.024031,0.810663,مَعَ
0.22225,1.17,1.024031,إِيرَانَ
