conf,end,start,word
0.405614,0.201579,0.03,وَصَلُوا
0.988077,0.358876,0.201579,إِلَى
0.99955,0.78,0.358876,إِتِّفَاقٍ
