conf,end,start,word
0.952509,0.751978,0.009166,إِتِّفَاقُ
0.797875,1.17,0.751978,ٱصُّخَيْرَاتِ
