conf,end,start,word
0.81954,0.341915,0.155665,إِلَى
0.975996,0.75,0.341915,إِتِّفَاقِ
1.0,1.168904,0.78,سَلَامٍ
