conf,end,start,word
0.933658,0.36,0.03,إِبْرَامُ
0.992001,0.749781,0.36,إِتِّفَاقٍ
0.977932,1.130157,0.78,شَامِلٍ
