conf,end,start,word
0.799985,0.330135,0.03,إِبْرَامُ
0.993986,0.78,0.330135,إِتِّفَاقٍ
1.0,1.10437,0.81,شَامِلٍ
