conf,end,start,word
1.0,0.390047,0.03,إِلَى
0.996807,0.81,0.390047,إِتِّفَاقٍ
0.823048,0.991666,0.81,عَبْرَ
0.508825,1.17,0.991666,ٱلْعَالَمِ
