conf,end,start,word
0.997118,0.329635,0.03,وَفْقَ
1.0,0.810078,0.329635,إِتِّفَاقٍ
0.186812,1.103371,0.810078,مُنْذُ
