conf,end,start,word
0.823905,0.337775,0.09,عَلَى
0.994877,0.779734,0.337775,إِتِّفَاقٍ
0.771648,1.087252,0.78,مَعَ
