conf,end,start,word
0.969219,0.357065,0.18,إِلَى
0.996757,0.78,0.357065,إِتِّفَاقٍ
