conf,end,start,word
0.963841,0.325366,0.0,أَمْسِ
0.997432,0.84,0.325366,إِتِّفَاقَ
0.685674,1.17,0.84,ٱسِّلْمِ
