conf,end,start,word
0.480396,0.415282,0.03,دَعْمًا
0.932993,0.78,0.415282,إِتِّفَاقِ
