conf,end,start,word
0.833053,0.319093,0.037697,إِلَى
0.922653,0.809957,0.319093,إِتِّفَاقٍ
0.95425,1.17,0.81,مَعَ
