conf,end,start,word
0.851415,0.313148,0.03113,إِلَى
0.984978,0.78,0.313148,إِتِّفَاقٍ
0.962451,0.99,0.78,مَا
