conf,end,start,word
0.982695,0.38824,0.186667,إِلَى
0.997584,0.75,0.38824,إِتِّفَاقِ
1.0,1.103317,0.78,سَلَامٍ
