conf,end,start,word
0.883606,0.324378,0.048187,عَنْ
0.931047,0.81,0.324378,إِتِّفَاقٍ
