conf,end,start,word
0.750467,0.371473,0.222786,مِنِ
0.888769,0.84,0.371473,ٱتِّفَاقِيَّةِ
0.673732,1.11,0.840063,عَادَةٍ
