conf,end,start,word
1.0,0.77982,0.306852,إِتِّفَاقُ
0.985605,1.101647,0.78,سَلَامٍ
