conf,end,start,word
0.649861,0.387416,0.03,وَطُبِّقَ
0.985822,0.779682,0.387416,إِتِّفَاقُ
0.962504,1.016613,0.780233,وَقْفِ
0.516602,1.17,1.02,إِطْلَاقِ
