conf,end,start,word
0.888872,0.39,0.03,إِحْيَاءُ
1.0,0.78,0.39,إِتِّفَاقِ
0.892009,0.997634,0.78,وَقْفِ
0.325485,1.17,0.997634,ٱلْقِتَالِ
