conf,end,start,word
0.642918,0.348409,0.031688,إِلَى
0.987725,0.811144,0.348409,إِتِّفَاقٍ
