conf,end,start,word
0.411407,0.409363,0.03,وَيَرْسُوَ
0.982241,0.780988,0.409363,إِتِّفَاقُ
0.132857,1.169607,0.780988,ٱلْمُعَارَضَةِ
