conf,end,start,word
0.998227,0.36,0.03,تَنْفِيذُ
0.904546,0.772191,0.36,إِتِّفَاقٍ
0.139278,1.139318,0.78,مُمَاثِلٍ
