conf,end,start,word
0.888217,0.294397,0.03,إِلَى
0.940005,0.81,0.294397,إِتِّفَاقٍ
0.876927,1.14,0.81,بِشَأْنِ
