conf,end,start,word
0.680022,0.333991,0.184981,إِلَى
0.970217,0.80356,0.333991,إِتِّفَاقٍ
