conf,end,start,word
0.627472,0.086559,0.03,فِي
0.988179,0.39,0.086559,إِطَارِ
1.0,0.75,0.39,إِتِّفَاقِ
1.0,1.168043,0.75,ٱدَّوْحَةِ
