conf,end,start,word
0.837753,0.362728,0.043773,إِلَى
0.99123,0.75,0.362728,إِتِّفَاقِ
0.750811,1.099695,0.750168,إِطَارٍ
