conf,end,start,word
0.93819,0.357237,0.03104,تَنْفِيذُ
0.902059,0.78,0.357237,إِتِّفَاقِ
0.236288,1.158091,0.78032,مِنْطَقَةِ
