conf,end,start,word
0.992563,0.78005,0.165357,إِتِّفَاقٌ
0.90382,1.079509,0.78005,يَمَنِيٌّ
