conf,end,start,word
0.994546,0.359639,0.03,عَلَى
1.0,0.78,0.359639,إِتِّفَاقٍ
1.0,1.169669,0.78,لِوَقْفِ
