conf,end,start,word
0.998187,0.299819,0.03,إِلَى
1.0,0.84,0.299819,إِتِّفَاقٍ
0.905774,1.034399,0.84,مَعَ
0.365191,1.17,1.034399,إِيرَانَ
