conf,end,start,word
0.998911,0.359936,0.03,تَوْقِيعُ
0.992822,0.78,0.359936,إِتِّفَاقٍ
0.170094,1.17,0.78,لِتَّهْدِئَةِ
