conf,end,start,word
1.0,0.39,0.06463,إِطَارُ
0.974908,0.779977,0.39,إِتِّفَاقٍ
0.995402,0.961441,0.780045,بَيْنَ
0.248849,1.17,0.961441,ٱطَّرَفَيْنِ
