conf,end,start,word
0.939358,0.415453,0.240079,إِلَى
0.973393,0.78,0.415453,إِتِّفَاقٍ
0.536724,1.138636,0.78,أَوَّلِيٍّ
