conf,end,start,word
0.99758,0.359548,0.0,أَنَّ
0.912349,0.756153,0.359548,إِتِّفَاقَ
0.476562,1.136079,0.756153,ٱتَّطْبِيعِ
