conf,end,start,word
0.532155,0.353373,0.03,بِأَنَّ
0.938541,0.781529,0.353373,إِتِّفَاقَ
0.300498,1.083684,0.781529,ٱسَّلَامِ
