conf,end,start,word
0.960039,0.299798,0.0,أَنَّ
0.989737,0.840018,0.33,إِتِّفَاقَ
0.986025,1.139684,0.840018,ٱدَّوْحَةِ
