conf,end,start,word
0.814114,0.346369,0.04028,مِنْ
0.941389,0.779622,0.346369,إِتِّفَاقٍ
