conf,end,start,word
0.997546,0.81,0.33,إِتِّفَاقٌ
0.426594,1.022019,0.81026,بَيْنَ
