conf,end,start,word
0.627228,0.354625,0.210249,إِلَى
0.983325,0.780059,0.354625,إِتِّفَاقِ
0.957325,1.138846,0.780059,تَهْدِئَةٍ
