conf,end,start,word
0.757246,0.844692,0.0,إِتِّفَاقُ
0.333325,1.07961,0.844692,أُوسْلُو
