conf,end,start,word
0.769544,0.286769,0.03,إِلَى
0.888592,0.81,0.286769,إِتِّفَاقٍ
