conf,end,start,word
0.892263,0.384928,0.242619,إِلَى
0.925077,0.809576,0.384928,إِتِّفَاقٍ
