conf,end,start,word
0.965614,0.356162,0.138033,إِلَى
0.997574,0.78,0.356162,إِتِّفَاقِ
0.992236,1.098735,0.781283,هُدْنَةٍ
