conf,end,start,word
0.985013,0.417521,0.046127,لَدَى
1.0,0.72,0.417521,ٱلْأُمَمِ
1.0,1.162079,0.72,ٱلْمُتَّحِدَةِ
