conf,end,start,word
0.987766,0.45,0.032354,مَقَرُّ
1.0,0.75,0.45,ٱلْأُمَمِ
1.0,1.082356,0.75,ٱلْمُتَّحِدَةِ
0.265975,1.17,1.082356,طَيِّبْ
