conf,end,start,word
0.982134,0.447371,0.0,ٱلَّتِي
0.978915,0.72,0.447371,ٱلْأُمَمُ
1.0,1.118654,0.72,ٱلْمُتَّحِدَةُ
