conf,end,start,word
0.816017,0.416266,0.030323,عُنْفُ
0.933612,0.72,0.428827,ٱلْأُمَمِ
1.0,1.082463,0.72,ٱلْمُتَّحِدَةِ
0.364666,1.17,1.082463,طَيِّبْ
