conf,end,start,word
0.960118,0.419346,0.031902,لَدَى
1.0,0.72,0.419346,ٱلْأُمَمِ
1.0,1.080069,0.72,ٱلْمُتَّحِدَةِ
