conf,end,start,word
0.371373,0.447056,0.0,إِنْتَهَى
0.355143,0.69,0.447056,ٱلْأَمْرُ
