conf,end,start,word
0.892657,0.389816,0.062722,وَفْدُ
1.0,0.75,0.389816,ٱلْأُمَمِ
1.0,1.099603,0.75,ٱلْمُتَّحِدَةِ
