conf,end,start,word
0.520492,0.269245,0.03,وَلَيْسَ
0.893826,0.418342,0.269245,عَنِ
0.996473,0.72,0.418342,ٱلْأُمَمِ
1.0,1.17,0.72,ٱلْمُتَّحِدَةِ
