conf,end,start,word
0.247736,0.435451,0.03,مِثْلُ
0.877757,0.75,0.435451,ٱلْأُمَمِ
1.0,1.10764,0.75,ٱلْمُتَّحِدَةِ
