conf,end,start,word
0.748804,0.480896,0.03,فَاصلٌ
0.497086,0.78,0.480896,لِلْأُمَمِ
0.933346,1.167648,0.78,ٱلْمُتَّحِدَةِ
