conf,end,start,word
0.326863,0.389644,0.000476,أَوْصَلَ
0.644884,0.69,0.38991,لِلْأُمَمِ
0.997257,1.13479,0.69,ٱلْمُتَّحِدَةِ
