conf,end,start,word
0.405591,0.270086,0.0,أَعْضَاءٌ
0.966736,0.416298,0.273251,فِي
0.998928,0.75,0.416298,ٱلْأُمَمِ
1.0,1.169732,0.75,ٱلْمُتَّحِدَةِ
