conf,end,start,word
0.874935,0.419928,0.0,أَعْرَبَتِ
1.0,0.75,0.419928,ٱلْأُمَمُ
1.0,1.080122,0.75,ٱلْمُتَّحِدَةُ
0.384716,1.17,1.080122,طَيِّبْ
