conf,end,start,word
0.928176,0.359401,0.03,هَذِهِ
0.988656,0.75,0.359401,ٱلْأُمَمُ
1.0,1.167427,0.75,ٱلْمُتَّحِدَةُ
