conf,end,start,word
0.933082,0.388043,0.030374,قُوَّاتُ
0.944303,0.724786,0.388043,ٱلْأَمْنِ
0.567025,1.17,0.724786,لِلْمُوَاطِنِينَ
