conf,end,start,word
0.357882,0.45,0.030176,مَجْلِسَ
0.991461,0.719387,0.45,ٱلْأَمْنِ
0.921556,1.103597,0.720278,لِعَقْدِ
