conf,end,start,word
0.849695,0.450071,0.061176,دَفَعَ
0.967728,0.660041,0.454254,ٱلْأَمْنُ
0.970165,0.995374,0.660084,ٱلْمِصْرِيُّ
