conf,end,start,word
0.977424,0.36,0.03,مَجْلِسُ
1.0,0.78,0.360062,ٱلْأَمْنِ
0.991281,0.989962,0.78,فِي
0.642545,1.167154,0.990195,وَقْتٍ
