conf,end,start,word
0.903342,0.39,0.03,قُوَّاتُ
0.99936,0.72,0.39,ٱلْأَمْنِ
0.623451,1.057287,0.72,شَنَّتْ
