conf,end,start,word
0.997069,0.39,0.03,مَجْلِسُ
1.0,0.721112,0.39,ٱلْأَمْنِ
0.799735,1.017957,0.721112,إِنَّهُ
