conf,end,start,word
0.988603,0.419905,0.038929,قُوَّاتُ
1.0,0.75,0.419905,ٱلْأَمْنِ
0.373561,1.17,0.96,ٱلْمِصْرِيَّةِ
