conf,end,start,word
0.952909,0.390011,0.03,عَزِيزِ
0.855397,0.805451,0.390011,ٱلْأَمْنِيِّ
0.517982,1.14,0.805451,وَٱلِٱسْتِقْرَارِ
