conf,end,start,word
0.996856,0.750104,0.0,ٱلْأَمْنُ
0.957601,1.100772,0.750104,ٱلْمِصْرِيُّ
