conf,end,start,word
0.395233,0.420047,0.03,تَنْفِيذُ
0.84035,0.750139,0.43564,ٱلْأَمْنِ
0.480222,1.11,0.750139,ٱلْفَرَنْسِيَّةِ
