conf,end,start,word
0.554807,0.270935,0.03,هَذَا
0.940632,0.750047,0.390291,ٱلْأَمْنُ
0.868536,1.17,0.750047,ٱلْجَمَاعِيُّ
