conf,end,start,word
0.994001,0.838921,0.019041,ٱلْأَمْنُ
0.484908,1.109424,0.84,فِيتُو
