conf,end,start,word
0.48954,0.318769,0.03,قِمَّةُ
0.945815,0.689364,0.318769,ٱلْأَمْنِ
0.923663,1.107395,0.689364,ٱنَّوَوِيِّ
