conf,end,start,word
0.997773,0.69,0.390943,ٱلْأَمْنِ
1.0,0.994407,0.69,ٱلْقَوْمِيِّ
0.235943,1.17,0.994407,ٱسَّابِقِ
