conf,end,start,word
0.973281,0.42,0.03,مَسْؤُولُ
0.986802,0.75038,0.420237,ٱلْأَمْنِ
0.525357,1.109495,0.75038,وَٱسِّيَاسَةِ
