conf,end,start,word
0.991241,0.419024,0.03153,عَلَى
1.0,0.69,0.419024,ٱلْأَمْنِ
1.0,1.108454,0.69,ٱلْقَوْمِيِّ
