conf,end,start,word
0.953709,0.420011,0.03032,تَدَخُّلُ
0.848077,0.803003,0.420011,ٱلْأَمْنِ
0.838772,1.007784,0.808803,فِي
0.259975,1.17,1.02,سِينَاءَ
