conf,end,start,word
0.948409,0.386913,0.030889,قُوَّاتُ
1.0,0.78,0.386913,ٱلْأَمْنِ
0.904876,1.14,0.78,قَتَلَ
