conf,end,start,word
0.987709,0.45,0.03,مَجْلِسُ
1.0,0.69,0.45,ٱلْأَمْنِ
1.0,0.995259,0.69,ٱدَّوْلِيُّ
0.318642,1.083069,0.995259,طَيِّبْ
