conf,end,start,word
0.995856,0.42,0.030998,مَجْلِسُ
0.995429,0.720028,0.42,ٱلْأَمْنِ
0.840336,1.025516,0.720028,بِوُجُودِ
