conf,end,start,word
0.968495,0.45,0.06,رَئِيسُ
0.999214,0.720019,0.45,ٱلْأَمْنِ
0.994987,0.988361,0.720019,ٱلْعَامِّ
0.612463,1.072988,0.988361,فِي
