conf,end,start,word
0.999209,0.42,0.03,قُوَّاتُ
0.999209,0.725717,0.42,ٱلْأَمْنِ
0.569468,1.099499,0.725717,بِٱلْقُوَّةِ
