conf,end,start,word
0.796372,0.45,0.03,مَجْلِسُ
1.0,0.72,0.45,ٱلْأَمْنِ
0.934884,0.92971,0.72,عَلَى
0.302643,1.17,0.93,مَشْرُوعِ
