conf,end,start,word
0.70569,0.419817,0.03,سُلُطَاتُ
0.99258,0.69,0.419817,ٱلْأَمْنِ
0.899077,1.14,0.690223,ٱلْبَلْجِيكِيِّ
