conf,end,start,word
0.722161,0.445497,0.03,عَزِيزِي
0.964954,0.72,0.445497,ٱلْأَمْنِيِّ
1.0,0.84,0.72,فِي
1.0,1.168832,0.84,ٱلْبِلَادِ
