conf,end,start,word
1.0,0.420061,0.06,رِجَالُ
0.99763,0.689867,0.420061,ٱلْأَمْنِ
0.170598,1.08,0.69,سَيَنْتَشِرُ
