conf,end,start,word
0.813847,0.390086,0.03,بِرِعَايَةِ
0.537473,0.720281,0.390086,ٱلْأَمْنِ
0.934354,1.07425,0.720281,ٱلْعَامِّ
