conf,end,start,word
0.432193,0.476569,0.03,بِطُولِ
0.458161,0.78,0.484919,أَمْنٍ
