conf,end,start,word
0.998798,0.450034,0.12,أَمَامَ
0.980106,0.75,0.450034,ٱلْأَمْنِ
0.598711,1.106524,0.75,ٱسُّعُودِيِّ
