conf,end,start,word
1.0,0.419972,0.03,إِدَارَةُ
0.999061,0.750246,0.42,ٱلْأَمْنِ
0.968208,1.106963,0.750246,ٱلْعَامِّ
