conf,end,start,word
0.994261,0.42,0.030084,مَجْلِسُ
0.998669,0.720181,0.42,ٱلْأَمْنِ
0.233027,1.16932,0.720181,مُنَدِّدَةً
