conf,end,start,word
0.997385,0.42,0.030113,مَجْلِسُ
1.0,0.75,0.42,ٱلْأَمْنِ
0.904685,0.985957,0.75,تَحْتَ
0.129225,1.17,0.99,ٱلْقَصْفِ
