conf,end,start,word
0.946953,0.45,0.03,مُسْتَوَى
0.960088,0.720249,0.45,ٱلْأَمْنِ
0.599385,1.139873,0.72081,ٱلْمَطْلُوبِ
