conf,end,start,word
0.319087,0.443461,0.311591,أَنَّ
1.0,0.72,0.443461,ٱلْأَمْنَ
0.996066,1.138805,0.72,ٱلْمِصْرِيَّ
