conf,end,start,word
0.965676,0.36,0.03,مَجْلِسُ
1.0,0.78047,0.36,ٱلْأَمْنِ
0.857479,1.169193,0.78047,ٱدَّاخِلِيِّ
