conf,end,start,word
0.961494,0.84,0.010092,ٱلْأَمِيرِيكِيَّةُ
0.908035,0.987839,0.84,مِنْ
0.147079,1.17,0.99,تُرْكِيَا
