conf,end,start,word
0.832759,0.840022,0.000784,ٱلْأَمِيرِيكِيَّةُ
0.476943,0.984443,0.840022,أَنَا
