conf,end,start,word
0.928106,0.809923,0.001902,ٱلْأَمِيرِيكِيَّةُ
0.404241,1.168895,0.809923,ٱرَّاهِنَةُ
