conf,end,start,word
0.470097,0.27701,0.03,كَانَ
0.850824,0.779996,0.27701,ٱلْأَمِيرِيكِيَّةُ
0.845466,1.14,0.779996,ٱلْمُشْتَرَكَةُ
