conf,end,start,word
0.418559,0.300032,0.03,خَارِجَ
0.674999,0.81,0.30619,ٱلْأَمِيرِيكِيَّةِ
0.127094,1.11,0.81,نَادٍ
