conf,end,start,word
0.964354,0.810007,0.0,ٱلْأَمِيرِيكِيَّةُ
0.997919,0.900197,0.810007,فِي
0.945438,1.17,0.900197,ٱلْقُدْسِ
