conf,end,start,word
0.803264,0.296799,0.03,كَانَ
0.599198,0.840705,0.296799,ٱلْأَمِيرِيكِيَّةُ
0.182783,1.17,0.840705,ٱلْمُشْتَرَكَةُ
