conf,end,start,word
0.893166,0.869078,0.0,ٱلْأَمِيرِيكِيَّةُ
0.579301,1.169426,0.871156,مِصْرُ
