conf,end,start,word
0.953737,0.81,0.012035,ٱلْأَمِيرِيكِيَّةُ
0.998691,1.020086,0.81,جُونْ
0.991568,1.14,1.020086,كِيرِي
