conf,end,start,word
0.692587,0.264472,0.0,ٱلْقُوَّاتُ
0.991402,0.870969,0.264472,ٱلْأَمِيرِيكِيَّةُ
0.781668,0.995615,0.870969,مِنَ
0.342535,1.17,0.995615,ٱلْعِرَاقِ
