conf,end,start,word
0.937503,0.358672,0.0,ٱلْخَارِجِيَّةِ
0.950634,0.78,0.358672,ٱلْأَمِيرِيكِيَّةِ
0.753482,0.9,0.780643,مَا
