conf,end,start,word
0.841011,0.84,0.000632,ٱلْأَمِيرِيكِيَّةُ
0.644559,1.003361,0.84,فِي
0.154277,1.17,1.02,بَارِيسَ
