conf,end,start,word
0.864149,0.809965,0.0,ٱلْأَمِيرِيكِيَّةُ
0.999002,1.020216,0.81,جُونْ
0.985734,1.14,1.020216,كِيرِي
