conf,end,start,word
0.483619,0.329954,0.03,خَزَّانَا
0.659389,0.81,0.329954,ٱلْأَمِيرِيكِيَّةَ
0.862738,0.96,0.81,إِنَّ
