conf,end,start,word
0.597012,0.250796,0.0,ٱسِّيَاسَةُ
0.857163,0.860453,0.250796,ٱلْأَمِيرِيكِيَّةُ
0.439709,1.018577,0.87,إِنَّ
