conf,end,start,word
0.633665,0.269811,0.03,سَلَامٌ
0.567282,0.84,0.269811,ٱلْأَمِيرِيكِيَّةُ
0.904932,1.169845,0.84,لِإِنْهَاءِ
