conf,end,start,word
0.416303,0.807534,0.027403,ٱلْأَمِيرِيكِيَّةُ
0.839498,0.96,0.81,إِنَّ
0.974023,1.17,0.96,رُوسِيَا
