conf,end,start,word
0.932282,0.81,0.04217,ٱلْأَمِيرِيكِيَّةُ
0.991703,0.96,0.810041,إِلَى
0.562472,1.14,0.96,وَقْتٍ
