conf,end,start,word
0.594829,0.836249,0.0,ٱلْأَمِيرِيكِيُّ
0.431234,1.021709,0.839113,مَايْكِلْ
0.317129,1.17,1.021709,بْرَاوُنْ
