conf,end,start,word
0.975692,0.918128,0.015296,ٱلْأَمِيرِيكِيَّةُ
0.477414,1.138917,0.93,إِنَّمَا
