conf,end,start,word
0.994829,0.901149,0.0,ٱلْأَمِيرِيكِيَّةُ
0.940098,1.020477,0.93,فِي
0.587711,1.17,1.020477,بَارِيسَ
