conf,end,start,word
0.839946,0.840032,0.0,ٱلْأَمِيرِيكِيَّةُ
0.911322,0.990219,0.840032,إِنْ
0.165057,1.17,0.990219,وَصَلَتْ
