conf,end,start,word
0.973801,0.964351,0.0,ٱلْأَمِيرِيكِيَّةُ
0.494974,1.109465,0.964351,نَعَمْ
