conf,end,start,word
0.810283,0.420805,0.03,وَكَالَةُ
0.946684,0.69,0.420805,ٱلْأَنۢبَاءْ
0.591674,1.16684,0.69,ٱلْإِمَارَاتِيِّ
