conf,end,start,word
0.50412,0.329596,0.0,أَنْجَزَ
0.995532,0.810006,0.329596,ٱلْأَنْبَاءَ
0.856396,0.975904,0.810006,مِنْ
