conf,end,start,word
0.374655,0.503742,0.03,مُوجَزُٱلْأَنۢبَاءْ
0.570421,0.717736,0.503742,ٱلْأَنْبَاءُ
0.895891,0.863307,0.719796,مِنْ
0.345635,1.134013,0.87,قَنَاةِ
