conf,end,start,word
0.430678,0.83991,0.54,بَرَامِيلُ
0.562706,1.138251,0.84,قَنَاةِ
