conf,end,start,word
0.745183,0.72,0.03,مُوجَزُٱلْأَنۢبَاءْ
0.997135,1.035329,0.75,شُكْرًا
0.256097,1.169484,1.050996,لَكُمْ
