conf,end,start,word
0.721124,0.356242,0.03,وَكَالَةُ
0.995868,0.782845,0.356242,ٱلْأَنۢبَاءْ
0.648208,1.17,0.782845,ٱسُّعُودِيَّةِ
