conf,end,start,word
0.843973,0.418463,0.03,مُنْجَزُ
0.981432,0.75,0.418463,ٱلْأَنۢبَاءْ
0.993317,0.959865,0.75,مِنْ
