conf,end,start,word
0.521838,0.78,0.3744,أَنْبَاءٌ
0.669248,0.97404,0.789411,مِنْ
