conf,end,start,word
0.381267,0.36,0.12,جَاءَتِ
0.998273,0.720799,0.360133,ٱلْأَنۢبَاءُ
0.913558,0.882912,0.720799,مِنْ
