conf,end,start,word
0.931737,0.41904,0.03,وَكَالَةُ
0.995879,0.720272,0.41904,ٱلْأَنۢبَاءْ
0.835729,1.166345,0.720272,ٱسُّعُودِيَّةِ
