conf,end,start,word
0.511083,0.411038,0.03,وَجُزْءٌ
0.921968,0.87,0.72,مِنْ
