conf,end,start,word
0.951235,0.420349,0.03,وَكَالَةُ
0.974603,0.72106,0.420349,ٱلْأَنۢبَاءْ
0.910508,1.162868,0.72106,ٱسُّعُودِيَّةِ
