conf,end,start,word
1.0,0.39,0.03,وَكَالَةُ
1.0,0.690089,0.39,ٱلْأَنۢبَاءْ
0.992498,1.080594,0.690089,ٱسُّورِيَّةِ
0.445045,1.17,1.080594,نَعَمْ
