conf,end,start,word
0.998522,0.419974,0.03,وَكَالَةُ
1.0,0.690012,0.419974,ٱلْأَنۢبَاءْ
0.999336,1.081307,0.690012,ٱلْفَرَنْسِيَّةِ
