conf,end,start,word
0.926365,0.42,0.037521,وَكَالَةُ
1.0,0.720653,0.42,ٱلْأَنۢبَاءْ
0.871358,1.169268,0.720653,ٱسُّعُودِيَّةِ
