conf,end,start,word
0.675447,0.690456,0.03,مُوجَزُٱلْأَنۢبَاءْ
0.897639,0.839518,0.690456,مِنْ
0.491248,1.103896,0.84,قَنَاةِ
