conf,end,start,word
0.915135,0.722795,0.024278,ٱلْأَنۢبَاءُ
0.242033,1.159273,0.722795,مُنْقَسِمَةٌ
