conf,end,start,word
0.25773,0.307239,0.09,جُزْءُ
0.997647,0.81,0.307239,ٱلْأَنۢبَاءْ
