conf,end,start,word
0.360444,0.369377,0.09,مُنْجَزُ
0.992781,0.75,0.369377,ٱلْأَنۢبَاءْ
