conf,end,start,word
0.863071,0.417696,0.031457,وَكَالَةُ
1.0,0.72,0.417696,ٱلْأَنۢبَاءْ
0.962403,1.074914,0.72,ٱلْيَمَنِيَّةِ
