conf,end,start,word
0.520458,0.419953,0.03,مُوجَزُ
0.941438,0.781255,0.419953,ٱلْأَنۢبَاءْ
0.968856,0.947653,0.781255,مِنْ
