conf,end,start,word
0.487008,0.411501,0.0,ٱلْمَجْلِسُ
0.983474,0.72,0.411501,ٱلْأَنْبَاءُ
0.966782,0.869711,0.72,مِنْ
0.506643,1.138139,0.87,قَنَاةِ
