conf,end,start,word
1.0,0.42,0.032669,وَكَالَةُ
1.0,0.690095,0.42,ٱلْأَنۢبَاءْ
0.994232,1.020082,0.690095,ٱسُّورِيَّةِ
0.131948,1.17,1.020082,نَفْسُهَا
