conf,end,start,word
0.614509,0.359998,0.03,بِأَهَمِّ
0.996564,0.78,0.359998,ٱلْأَنۢبَاءْ
0.927957,0.960988,0.78,مِنْ
