conf,end,start,word
0.442066,0.39,0.03,مُنْجَزُ
0.814485,0.693504,0.396704,ٱلْأَنۢبَاءْ
0.417151,1.097806,0.809883,قَنَاةُ
