conf,end,start,word
0.4715,0.244626,0.0,أَهَمُّ
0.932786,0.869321,0.244626,ٱلْأَنۢبَاءْ
