conf,end,start,word
0.859796,0.74968,0.372195,ٱلْأَنۢبَاءُ
0.779249,0.899513,0.74968,مِنْ
0.279208,1.14,0.9,قِيَادَاتٍ
