conf,end,start,word
0.985377,0.36,0.03,وَكَالَةُ
0.982508,0.780632,0.36,ٱلْأَنۢبَاءْ
0.340455,1.169616,0.780632,ٱلْبَحْرِيَّةِ
