conf,end,start,word
0.356475,0.327031,0.03,تِلْكَ
0.986328,0.87,0.327031,أَنْبَاءٌ
