conf,end,start,word
0.81511,0.417168,0.03,وَكَالَةُ
1.0,0.751004,0.417168,ٱلْأَنۢبَاءْ
0.372607,1.14,0.751004,ٱلْقَطَرِيِّ
