conf,end,start,word
0.518086,0.410451,0.09,جُزْءُ
0.977239,0.84,0.410451,ٱلْأَنۢبَاءْ
