conf,end,start,word
0.326374,0.514865,0.03,مُوجَزُٱلْأَنۢبَاءْ
0.666169,0.78,0.514865,ٱلْأَنۢبَاءُ
0.977347,0.982155,0.78,مِنْ
