conf,end,start,word
0.655797,0.390002,0.03,مُنْجَزُ
0.862618,0.749809,0.3972,ٱلْأَنۢبَاءْ
0.954341,0.899879,0.749809,مِنَ
0.174652,1.17,0.99,ٱسِّيسِيِّ
