conf,end,start,word
0.591598,0.349421,0.12,جَاءَتِ
0.998891,0.78,0.349421,ٱلْأَنۢبَاءُ
0.967359,0.93,0.78,مِنْ
