conf,end,start,word
1.0,0.36,0.065312,أَهَمُّ
0.954916,0.780391,0.36,ٱلْأَنۢبَاءْ
0.987568,1.17,0.81,حَيْثُ
