conf,end,start,word
0.839979,0.389967,0.03,مُنْجَزُ
0.981369,0.78,0.389967,ٱلْأَنۢبَاءْ
0.91588,0.93,0.78,مِنْ
