conf,end,start,word
0.426001,0.45,0.03,مَنَازِلُ
0.579264,0.783146,0.457538,أَنْبَاءٍ
