conf,end,start,word
0.413075,0.467787,0.03,مَجَازِرُ
0.722604,0.776623,0.467787,أَنْبَاءٍ
0.892421,0.992213,0.78,مِنْ
