conf,end,start,word
0.412364,0.50034,0.03,مُوجَزُٱلْأَنۢبَاءْ
0.567111,0.75,0.50034,ٱلْأَنْبَاءُ
0.991309,0.952123,0.75,مِنْ
