conf,end,start,word
0.424434,0.42,0.03,مُنْجَزُ
0.911819,0.75,0.420897,ٱلْأَنۢبَاءْ
0.781385,0.9,0.75,مِنْ
