conf,end,start,word
0.770537,0.387053,0.03,وَكَالَاتُ
1.0,0.781874,0.387053,ٱلْأَنۢبَاءْ
0.238481,1.17,0.781874,ٱلْقَطَرِيِّ
