conf,end,start,word
0.425811,0.36,0.03,مُنْجَزُ
0.915141,0.780345,0.363722,ٱلْأَنۢبَاءْ
0.987717,0.929869,0.780345,مِنْ
0.393001,1.14,0.93,قَنَاةِ
