conf,end,start,word
0.368809,0.690019,0.03,مُوجَزُٱلْأَنۢبَاءْ
0.72881,0.81,0.690019,مِنْ
0.813593,1.109903,0.81,قَنَاةِ
