conf,end,start,word
0.388733,0.749898,0.03,مُوجَزُٱلْأَنۢبَاءْ
0.866496,0.869901,0.749898,مِنْ
0.392552,1.132118,0.87,قَنَاةِ
