conf,end,start,word
0.598018,0.358843,0.03,مُنْجَزُ
0.980513,0.75,0.358843,ٱلْأَنۢبَاءْ
0.760407,0.873191,0.750047,مِنْ
0.377539,1.165355,0.873191,قَنَاةِ
