conf,end,start,word
0.802214,0.895503,0.719896,مِنْ
0.145778,1.17,0.9,قِيَادَاتٍ
