conf,end,start,word
0.55886,0.690207,0.03,مُوجَزُٱلْأَنۢبَاءْ
0.958638,0.81,0.690207,مِنْ
0.848094,1.035364,0.81,قَنَاةِ
