conf,end,start,word
0.224239,0.383977,0.03,وَجُزْءُ
0.854703,0.75,0.383977,ٱلْأَنۢبَاءْ
0.984066,0.93,0.75,مِنْ
