conf,end,start,word
0.397018,0.355706,0.03,مُوجَزُ
0.93143,0.78,0.355706,ٱلْأَنۢبَاءْ
0.599872,0.930707,0.78,مِنْ
