conf,end,start,word
0.468604,0.39,0.03,مُوجَزُ
0.828486,0.763797,0.393151,ٱلْأَنۢبَاءْ
