conf,end,start,word
0.738101,0.445255,0.000926,أَهَمُّ
0.798477,0.888927,0.750016,مِنْ
