conf,end,start,word
1.0,0.21,0.03,مِنْ
1.0,0.420004,0.21,أَهَمِّ
0.985707,0.75,0.420004,ٱلْأَنۢبَاءْ
0.917058,0.871062,0.75,مِنَ
0.14532,1.17,0.99,ٱسَّمَاءِ
