conf,end,start,word
0.687217,0.328737,0.03,لِأَهَمِّ
0.997913,0.781622,0.328737,ٱلْأَنۢبَاءْ
0.912251,0.90311,0.781622,مِنْ
