conf,end,start,word
0.273371,0.449171,0.03,جَزْلَةُ
0.970898,0.81,0.449171,أَنْبَاءٍ
