conf,end,start,word
0.734113,0.72089,0.03,مُوجَزُٱلْأَنۢبَاءْ
0.552504,0.838228,0.72089,مِنْ
0.634057,1.105593,0.839702,قَنَاةِ
