conf,end,start,word
0.915989,0.390041,0.03,وَكَالَةُ
0.997261,0.69,0.390041,ٱلْأَنۢبَاءْ
0.718075,1.139418,0.69,ٱلْقَطَرِيَّةِ
