conf,end,start,word
0.980333,0.419739,0.03,وَكَالَةُ
0.997481,0.691954,0.419739,ٱلْأَنۢبَاءْ
0.722122,1.146686,0.691954,ٱسُّعُودِيَّةِ
