conf,end,start,word
0.576066,0.47047,0.03,مَجَازِرُ
0.654817,0.78,0.473597,أَنْبَاءٍ
0.837109,0.989779,0.78,مِنْ
