conf,end,start,word
0.500054,0.358031,0.03,مَوْجَةُ
0.979494,0.78,0.358031,ٱلْأَنۢبَاءْ
0.810855,0.98282,0.81,مِنْ
