conf,end,start,word
0.345377,0.500798,0.03,مُوجَزُٱلْأَنۢبَاءْ
0.648794,0.72072,0.500798,ٱلْأَنْبَاءُ
0.914104,0.84,0.72072,مِنْ
0.967471,1.107385,0.84,قَنَاةِ
