conf,end,start,word
0.374835,0.357364,0.06,ضَرَبَتِ
0.996925,0.78,0.357364,ٱلْأَنْبَاءُ
0.752527,1.099355,0.78,بِشَأْنِ
