conf,end,start,word
0.982331,0.298119,0.0,ٱلِٱحْتِلَالِ
1.0,0.839977,0.298119,ٱلْإِسْرَائِيلِيِّ
0.94384,1.01919,0.84,فِي
0.145641,1.17,1.02,سِينَاءَ
