conf,end,start,word
0.580677,0.329267,0.03,وُزَرَاءُ
0.993519,0.810338,0.329267,ٱلْإِسْرَائِيلِيُّ
0.18852,1.139402,0.810338,بِإِنْشَاءِ
