conf,end,start,word
0.679926,0.280572,0.03,مِنَ
0.79465,0.87,0.280572,ٱلْإِسْرَائِيلِيِّ
0.226161,1.17,0.871874,قَانُونًا
