conf,end,start,word
0.982713,0.870008,0.001201,ٱلْإِسْرَائِيلِيُّ
0.937283,0.989288,0.870039,فِي
0.145163,1.168573,0.99,جِنِيفَ
