conf,end,start,word
0.768347,0.930782,0.0,ٱلْإِسْرَائِيلِيَّةُ
0.657738,1.079958,0.930782,عَلَى
0.346873,1.17,1.08,غَزَّةَ
