conf,end,start,word
0.570903,0.840738,0.018872,ٱلْإِسْرَائِيلِيُّ
0.457398,1.17,0.853539,يَعْمَلُ
