conf,end,start,word
0.910566,0.84,0.002963,ٱلْإِسْرَائِيلِيَّةُ
0.229033,0.959075,0.840641,أَنَّ
