conf,end,start,word
0.633888,0.300508,0.0,ٱدِّفَاعِ
0.984965,0.84,0.300508,ٱلْإِسْرَائِيلِيِّ
0.678656,1.045887,0.84,بِنْيَ
