conf,end,start,word
0.998716,0.9,0.003751,ٱلْإِسْرَائِيلِيُّ
0.966254,1.020076,0.9,فِي
0.15245,1.17,1.020076,سِينَاءَ
