conf,end,start,word
0.632264,0.598008,0.0,ٱلْأَسْرَى
0.883157,1.08,0.619977,إِلَيَّ
