conf,end,start,word
0.555734,0.287537,0.03,وُزَرَاءُ
0.543726,0.84,0.287537,ٱلْإِسْرَائِيلِيُّ
0.230247,1.17,0.840164,نِتَنْيَاهُو
