conf,end,start,word
0.951787,0.839902,0.007575,ٱلْإِسْرَائِيلِيُّ
0.566267,1.075645,0.87,خِلَالَ
