conf,end,start,word
0.99716,0.87,0.002229,ٱلْإِسْرَائِيلِيُّ
0.979852,0.965909,0.870026,فِي
0.29398,1.17,0.965909,ٱلْعَاصِمَةِ
