conf,end,start,word
0.982046,0.899279,0.008229,ٱلْإِسْلَامِيَّةُ
0.970349,1.03621,0.9,فِي
0.316206,1.17,1.05,تُونِسَ
