conf,end,start,word
0.626402,0.295228,0.0,ٱلَّتِي
0.989374,0.901007,0.295228,ٱلْإِسْلَامِيَّةُ
0.221741,1.17,0.901007,إِنْسِدَادٌ
