conf,end,start,word
0.998853,0.33,0.0,ٱدَّوْلَةُ
0.999553,0.84,0.33,ٱلْإِسْلَامِيَّةُ
0.388197,0.987892,0.84,أَنَا
0.113012,1.14,0.997453,أَقْصِدُ
