conf,end,start,word
0.917339,0.870146,0.083583,ٱلْإِسْلَامِيَّةُ
0.351526,1.17,0.870146,عَمْدٌ
