conf,end,start,word
0.946129,0.294601,0.0,ٱدَّوْلَةُ
0.997559,0.841462,0.294601,ٱلْإِسْلَامِيَّةُ
0.199878,1.17,0.841462,قَتَلَهُ
