conf,end,start,word
1.0,0.33,0.0,ٱدَّوْلَةُ
1.0,0.810518,0.33,ٱلْإِسْلَامِيَّةُ
0.928218,0.963433,0.810518,فِي
0.394983,1.17,0.963433,ٱلْمَدِينَةِ
