conf,end,start,word
1.0,0.9,0.000173,ٱلْإِسْلَامِيَّةُ
0.948712,1.019922,0.9,فِي
0.248282,1.16581,1.02,مِصْرَ
