conf,end,start,word
0.991122,0.33,0.0,ٱدَّوْلَةُ
0.991122,0.840036,0.33,ٱلْإِسْلَامِيَّةُ
0.379117,1.169706,0.840036,تَسْجِيلٌ
