conf,end,start,word
1.0,0.33,0.0,ٱدَّوْلَةُ
1.0,0.780404,0.33,ٱلْإِسْلَامِيَّةُ
0.952913,0.960374,0.780404,فِي
0.246517,1.169467,0.960374,بَلَدٍ
