conf,end,start,word
0.574451,0.262306,0.0,ٱدَّوْلَةُ
1.0,0.87,0.262306,ٱلْإِسْلَامِيَّةُ
0.993979,1.018119,0.87,فِي
0.8301,1.169261,1.02,مِصْرَ
