conf,end,start,word
0.835786,0.300084,0.03,حَرَامٌ
0.995144,0.87,0.300406,ٱلْإِسْلَامِيَّةُ
0.250702,1.17,0.87,نَجِيبٌ
