conf,end,start,word
0.995436,0.87,0.059132,ٱلْإِسْلَامِيَّةُ
0.977525,1.016003,0.87,فِي
0.307293,1.168373,1.02,مِصْرَ
