conf,end,start,word
0.999488,0.33,0.0,ٱدَّوْلَةُ
1.0,0.78,0.33,ٱلْإِسْلَامِيَّةُ
0.775154,0.9,0.78,أَنَّ
0.111583,1.023216,0.900328,مَا
