conf,end,start,word
0.929893,0.329306,0.0,ٱشَّامِ
0.997864,0.81,0.329306,ٱلْإِسْلَامِيَّةِ
0.984226,0.930916,0.81,مَا
