conf,end,start,word
0.98513,0.329825,0.0,ٱدَّوْلَةُ
0.99965,0.84,0.329825,ٱلْإِسْلَامِيَّةُ
0.995544,0.989235,0.84,أَنَّ
0.07958,1.082891,0.99,مِصْرَ
