conf,end,start,word
0.989892,0.869352,0.050188,ٱلْإِسْلَامِيَّةُ
0.174595,1.060049,0.87,إِنَّمَا
