conf,end,start,word
0.998141,0.87,0.042994,ٱلْإِسْلَامِيَّةُ
0.964004,1.017089,0.87,فِي
0.149092,1.109822,1.019822,مِصْرَ
