conf,end,start,word
0.985666,0.870157,0.116503,ٱلْإِسْلَامِيَّةُ
0.347306,1.17,0.870157,هُجُومٌ
