conf,end,start,word
0.996573,0.299965,0.0,ٱدَّوْلَةُ
1.0,0.871594,0.299965,ٱلْإِسْلَامِيَّةُ
0.323227,1.17,0.871594,تَسَجَّلَ
