conf,end,start,word
0.631374,0.33,0.0,ٱدَّوْلَةُ
0.666834,0.813191,0.33,ٱلْإِسْلَامِيَّةُ
0.659769,1.025683,0.822194,نَعَمْ
