conf,end,start,word
1.0,0.87001,0.120701,ٱلْإِسْلَامِيَّةُ
0.962175,0.990121,0.87001,مِنْ
0.775512,1.16743,0.990121,جِهَةٍ
