conf,end,start,word
1.0,0.870194,0.121926,ٱلْإِسْلَامِيَّةُ
0.959537,1.169847,0.870194,مِنْهَا
