conf,end,start,word
0.921976,0.319834,0.0,ٱدَّوْلَةُ
1.0,0.810007,0.319834,ٱلْإِسْلَامِيَّةُ
0.998747,0.93,0.810007,فِي
0.961554,1.17,0.93,ٱلْمَدِينَةِ
