conf,end,start,word
0.679273,0.247722,0.0,ٱدَّوْلَةُ
1.0,0.870155,0.247722,ٱلْإِسْلَامِيَّةُ
0.965783,0.990406,0.870155,مِنْ
0.779842,1.139816,0.990406,جِهَةٍ
