conf,end,start,word
0.84314,0.78,0.071332,ٱلْإِيرَانِيُّ
0.884727,1.035035,0.78,مُحَمَّدْ
0.360973,1.14,1.035035,مُرْسِي
