conf,end,start,word
0.988671,0.749951,0.3,ٱلْإِيرَانِيُّ
0.991919,1.029275,0.749951,مُحَمَّدْ
0.300642,1.17,1.05,مُرْسِي
