conf,end,start,word
0.954286,0.328407,0.0,ٱرَّئِيسُ
0.999527,0.78,0.328407,ٱلْإِيرَانِيُّ
0.900145,1.041584,0.78,حَسَنْ
