conf,end,start,word
0.891218,1.050786,0.81,مُحَمَّدْ
0.546453,1.17,1.050786,مُرْسِي
