conf,end,start,word
0.757723,0.78,0.035078,ٱلْإِيرَانِيُّ
0.994593,1.050004,0.78,مُحَمَّدْ
0.885016,1.17,1.050004,مُرْسِي
