conf,end,start,word
0.993299,0.839941,0.27,ٱلْإِيرَانِيُّ
0.712236,1.056976,0.839941,مُحَمَّدْ
0.427842,1.17,1.056976,مُرْسِي
