conf,end,start,word
0.975687,0.299881,0.0,ٱرَّئِيسُ
1.0,0.785886,0.299881,ٱلْإِيرَانِيُّ
0.46767,1.136568,0.785886,وَحَسَبَ
