conf,end,start,word
0.960213,0.81,0.0,ٱلْإِيرَانِيُّ
0.982415,1.049794,0.810234,مُحَمَّدْ
0.79163,1.17,1.05,مُرْسِي
