conf,end,start,word
0.999017,0.810024,0.101201,ٱلْإِيرَانِيُّ
0.993415,1.050666,0.810024,مُحَمَّدْ
0.741028,1.17,1.050666,مُرْسِي
