conf,end,start,word
0.917379,0.35975,0.0,ٱلْقَوْمِيَّةِ
0.99899,0.78,0.35975,ٱلْإِيرَانِيَّةِ
0.993403,0.991182,0.78,عَلِي
0.348059,1.17,0.991182,خَامِنْئِي
