conf,end,start,word
0.966653,0.33,0.0,ٱرَّئِيسُ
1.0,0.802389,0.33,ٱلْإِيرَانِيُّ
0.618136,1.056169,0.81111,حَسَنْ
