conf,end,start,word
0.994133,0.779965,0.004816,ٱلْإِيرَانِيُّ
0.985859,1.048281,0.779965,مُحَمَّدْ
0.707843,1.17,1.05,مُرْسِي
