conf,end,start,word
0.996215,0.78,0.072699,ٱلْإِيرَانِيُّ
0.526199,1.063395,0.78,حَسَنْ
