conf,end,start,word
0.866751,0.329974,0.0,ٱرَّئِيسُ
1.0,0.84,0.329974,ٱلْإِيرَانِيُّ
0.750218,1.078975,0.84,حَسَنْ
