conf,end,start,word
0.907862,0.326346,0.03,جَاءَتِ
0.810168,0.780032,0.326346,ٱلْإِيرَانِيُّ
0.971323,1.058381,0.780032,مُحَمَّدْ
0.602607,1.17,1.058381,مُرْسِي
