conf,end,start,word
0.9575,0.329792,0.0,ٱثَّوْرِيُّ
0.998854,0.75,0.329792,ٱلْإِيرَانِيُّ
0.851091,1.109771,0.75004,ٱلِّوَاءُ
