conf,end,start,word
0.527076,0.308076,0.0,ٱلْأَعْلَى
0.963493,0.84,0.308076,ٱلْإِيرَانِيُّ
0.881856,1.000844,0.84,إِنَّ
