conf,end,start,word
0.994182,0.840042,0.00448,ٱلْإِيرَانِيُّ
0.475328,1.054606,0.840042,مُحَمَّدْ
0.346073,1.17,1.054606,مُرْسِي
