conf,end,start,word
0.998537,0.840002,0.067119,ٱلْإِيرَانِيُّ
0.128782,1.168011,0.840002,حَسَنًا
