conf,end,start,word
0.529397,0.355336,0.0,ٱلْخَارِجِيَّةِ
0.640786,0.7201,0.355336,ٱلْإِيرَانِيِّ
0.958639,1.034193,0.721433,مُحَمَّدْ
0.386998,1.17,1.05,مُرْسِي
