conf,end,start,word
0.948135,0.750494,0.33,ٱلْإِيرَانِيُّ
0.961364,1.022961,0.750804,مُحَمَّدْ
0.719012,1.14,1.022961,مُرْسِي
