conf,end,start,word
0.699514,0.807019,0.010386,ٱلْإِيرَانِيَّةُ
0.778355,1.054668,0.807019,ٱلَّتِي
