conf,end,start,word
0.893122,0.75,0.311158,ٱلْإِيرَانِيُّ
0.996941,1.053833,0.75163,مُحَمَّدْ
0.678412,1.17,1.053833,مُرْسِي
