conf,end,start,word
0.154605,0.344219,0.0,ٱلْأَلْمَانِيُّ
0.979678,0.810065,0.344219,ٱلْإِيرَانِيُّ
0.992222,1.050422,0.810065,مُحَمَّدْ
0.885337,1.17,1.050422,مُرْسِي
