conf,end,start,word
0.741585,0.840064,0.270248,ٱلْإِيرَانِيُّ
0.951379,1.052691,0.840064,مُحَمَّدْ
0.804856,1.17,1.052691,مُرْسِي
