conf,end,start,word
0.838836,0.78,0.030008,ٱلْإِيرَانِيُّ
0.983722,1.051305,0.78,مُحَمَّدْ
0.815578,1.17,1.051305,مُرْسِي
