conf,end,start,word
0.995754,0.36,0.0,ٱرَّئِيسُ
1.0,0.749973,0.36,ٱلْإِيرَانِيُّ
0.972491,0.9808,0.75,حَسَنْ
0.131045,1.14,0.9808,رُوحَانِي
