conf,end,start,word
0.989948,0.329992,0.0,ٱرَّئِيسُ
1.0,0.78,0.329992,ٱلْإِيرَانِيُّ
0.657643,1.063298,0.78,حَسَنْ
