conf,end,start,word
1.0,0.750058,0.003089,ٱلْإِيرَانِيُّ
0.976486,1.054784,0.750058,مُحَمَّدْ
0.609353,1.17,1.054784,مُرْسِي
