conf,end,start,word
0.99481,0.329987,0.0,ٱرَّئِيسُ
1.0,0.804327,0.329987,ٱلْإِيرَانِيُّ
0.303088,1.109019,0.84,حَسَنْ
