conf,end,start,word
0.994489,0.72001,0.338473,ٱلْإِيرَانِيُّ
0.99738,1.020408,0.72001,مُحَمَّدْ
0.786942,1.14,1.020408,مُرْسِي
