conf,end,start,word
0.707954,0.780076,0.33,ٱلْإِيرَانِيُّ
0.962628,1.049571,0.780076,مُحَمَّدْ
0.715047,1.17,1.05,مُرْسِي
