conf,end,start,word
0.632932,0.329842,0.03,مِنَ
0.466772,0.810322,0.329842,ٱلْإِيرَانِيِّينَ
