conf,end,start,word
0.362814,0.41332,0.0,ٱلْخَارِجِيَّةِ
0.990941,0.749995,0.41332,ٱلْإِيرَانِيِّ
0.998556,1.02082,0.749995,مُحَمَّدْ
0.668722,1.14,1.02082,مُرْسِي
