conf,end,start,word
0.866453,0.781071,0.27,ٱلْإِيرَانِيُّ
0.890965,1.050579,0.781071,مُحَمَّدْ
0.568867,1.17,1.050579,مُرْسِي
