conf,end,start,word
0.701937,0.35969,0.0,ٱلْخَارِجِيَّةِ
0.574103,0.720171,0.35969,ٱلْإِيرَانِيَّةِ
0.96584,1.039832,0.720171,مُحَمَّدْ
0.244171,1.17,1.05,مُرْسِي
