conf,end,start,word
0.985406,0.869977,0.329596,ٱلْإِيرَانِيُّ
0.179455,1.163374,0.87,حَسَنًا
