conf,end,start,word
0.610581,0.808577,0.3,ٱلْإِيرَانِيِّينَ
0.913081,1.057955,0.808577,مُحَمَّدْ
0.471466,1.17,1.057955,مُرْسِي
