conf,end,start,word
0.998014,0.330014,0.0,ٱرَّئِيسُ
0.99919,0.75,0.330014,ٱلْإِيرَانِيُّ
0.914569,1.042939,0.75,حَسَنْ
