conf,end,start,word
0.990536,0.7501,0.002124,ٱلْإِيرَانِيُّ
0.982575,1.057407,0.7501,مُحَمَّدْ
0.601496,1.17,1.057407,مُرْسِي
