conf,end,start,word
0.92447,0.75,0.33,ٱلْإِيرَانِيُّ
0.989733,1.052607,0.750964,مُحَمَّدْ
0.679581,1.17,1.052607,مُرْسِي
