conf,end,start,word
0.993772,0.33,0.0,ٱرَّئِيسُ
1.0,0.789604,0.33,ٱلْإِيرَانِيُّ
0.459882,1.049008,0.789604,وَحِزْبُ
0.46259,1.168875,1.049008,ٱلَّهِ
