conf,end,start,word
0.960431,0.78,0.33,ٱلْإِيرَانِيُّ
0.936774,1.052728,0.78,مُحَمَّدْ
0.630646,1.17,1.052728,مُرْسِي
