conf,end,start,word
0.978029,0.330214,0.03,حَسَبَ
0.972851,0.84,0.330559,ٱلْإِيرَانِيِّ
0.188187,1.133588,0.84,فِيمَا
