conf,end,start,word
0.307481,0.351035,0.0,ٱسِّيَاسَةِ
0.398368,0.780663,0.351035,ٱلْإِيرَانِيَّةِ
0.932191,1.051544,0.792634,مُحَمَّدْ
0.579025,1.17,1.051544,مُرْسِي
