conf,end,start,word
0.991288,0.299993,0.0,ٱرَّئِيسُ
1.0,0.837157,0.299993,ٱلْإِيرَانِيُّ
0.535029,1.113661,0.84,حَسَنْ
