conf,end,start,word
0.97943,0.780054,0.0,ٱلْإِيرَانِيُّ
0.982787,1.051944,0.780054,مُحَمَّدْ
0.733711,1.17,1.051944,مُرْسِي
