conf,end,start,word
0.515676,0.359965,0.0,ٱثَّوْرِيَّةِ
0.964895,0.750044,0.359965,ٱلْإِيرَانِيَّةِ
0.977304,0.900177,0.750063,أَنَّ
0.224502,1.159942,0.900177,ٱلْخَطَرَ
