conf,end,start,word
0.99239,0.36,0.0,ٱرَّئِيسُ
1.0,0.779965,0.36,ٱلْإِيرَانِيُّ
0.90343,1.004493,0.78,حَسَنْ
0.221936,1.17,1.004493,رُوحَانِي
