conf,end,start,word
0.737143,0.810033,0.130548,ٱلْإِيرَانِيَّةُ
0.718564,0.96,0.810033,ٱلِّي
0.633627,1.108208,0.96,هُوَ
