conf,end,start,word
0.983704,0.36,0.0,ٱثَّوْرِيُّ
0.999617,0.78,0.360269,ٱلْإِيرَانِيُّ
0.889898,1.081522,0.78,كَانُوا
