conf,end,start,word
0.946755,0.750103,0.300132,ٱلْإِيرَانِيُّ
0.958594,1.050284,0.750103,مُحَمَّدْ
0.692878,1.17,1.050284,مُرْسِي
