conf,end,start,word
0.980069,0.809947,0.008348,ٱلْإِيرَانِيُّ
0.891598,1.058289,0.809947,مُحَمَّدْ
0.591588,1.17,1.058289,مُرْسِي
