conf,end,start,word
0.550934,0.33,0.0,ٱرَّئِيسُ
0.842176,0.81,0.339963,ٱلْإِيرَانِيُّ
0.336077,1.139806,0.810107,حَسَنْ
