conf,end,start,word
0.691678,0.298017,0.0,ٱلْقَوْمِيِّ
0.86686,0.78,0.298017,ٱلْإِيرَانِيِّ
0.97303,1.008382,0.783653,عَلِي
0.109545,1.169097,1.019549,شُكْرًا
