conf,end,start,word
0.973177,0.33,0.0,ٱلْوَفْدُ
0.999083,0.84,0.33,ٱلْإِيرَانِيُّ
0.479558,0.989034,0.84,عَلَى
0.223781,1.14,0.99,ٱلْأَرْضِ
