conf,end,start,word
0.498592,0.782283,0.101489,ٱلْإِيرَانِيُّ
0.694103,1.17,0.785338,وَفَتْحُ
