conf,end,start,word
0.998663,0.780019,0.212315,ٱلْإِيرَانِيُّ
0.993977,1.148577,0.780019,لِشُّؤُونِ
