conf,end,start,word
0.939482,0.39,0.060054,غَرْبَ
1.0,0.781163,0.391816,ٱلْبِلَادِ
0.805972,0.935514,0.781163,بَيْنَ
0.370576,1.14,0.935514,ٱطَّرَفَيْنِ
