conf,end,start,word
0.435582,0.326108,0.03,شَمَالِيِّ
0.990787,0.87,0.326108,ٱلْبِلَادِ
