conf,end,start,word
0.905752,0.329464,0.03,جَنُوبِيَّ
0.982011,0.84,0.329464,ٱلْبِلَادِ
