conf,end,start,word
0.805498,0.342367,0.03,مُدُنُ
0.983226,0.75,0.342367,ٱلْبِلَادِ
0.653409,1.17,0.75,ٱحْتِجَاجَاتٌ
