conf,end,start,word
0.822614,0.75,0.307946,ٱلْبِلَادُ
0.495038,0.99473,0.75,عَقِبَ
0.317099,1.17,0.99473,ٱثَّوْرَةِ
