conf,end,start,word
0.533487,0.267767,0.03,شَرْقِيَّ
0.997635,0.81,0.267767,ٱلْبِلَادِ
