conf,end,start,word
0.549614,0.329944,0.0,أَسْلِحَةٌ
0.998589,0.419923,0.329944,فِي
1.0,0.753228,0.419923,ٱلْبِلَادِ
0.885952,1.021174,0.78,خِلَالَ
0.378034,1.17,1.021174,سَاعَاتٍ
