conf,end,start,word
0.531085,0.31598,0.03,غَرْبِيَّ
0.919177,0.823725,0.31598,ٱلْبِلَادِ
