conf,end,start,word
1.0,0.42,0.03,رَئِيسُ
0.997594,0.752152,0.42,ٱلْبِلَادِ
0.645194,1.018182,0.752152,سَلْفَا
0.630102,1.139835,1.02,كِيرْ
