conf,end,start,word
0.637737,0.253422,0.03066,شَمَالَ
0.980064,0.9,0.253422,ٱلْبِلَادِ
