conf,end,start,word
0.282643,0.359197,0.03,ثَلَاثُ
1.0,0.81,0.365262,ٱلْبِلَادِ
0.604554,1.169663,0.81,وَٱثُّوَّارُ
