conf,end,start,word
0.729987,0.359337,0.03,بَقِيَّةُ
0.996341,0.81,0.359337,ٱلْبِلَادِ
