conf,end,start,word
1.0,0.36,0.03,مُدُنُ
1.0,0.783472,0.36,ٱلْبِلَادِ
0.717529,1.136314,0.783472,بَعْدَ
