conf,end,start,word
0.491743,0.299696,0.03,سِيَاسِيٌّ
0.996828,0.419919,0.299696,فِي
1.0,0.724458,0.419919,ٱلْبِلَادِ
0.849111,0.993305,0.75,خِلَالَ
0.254216,1.17,0.993305,أَسَابِيعَ
