conf,end,start,word
0.616608,0.749857,0.07022,لِلْبِلَادِ
0.996449,0.87,0.749857,فِي
0.582453,1.164786,0.87,تَمُّوزَ
