conf,end,start,word
0.935046,0.72,0.133183,ٱلْبِلَادُ
0.887767,0.868859,0.72,مِنْ
0.662756,1.17,0.87,إِجْرَاءَاتٍ
