conf,end,start,word
0.830202,0.319494,0.03,لَيْسَتِ
0.992211,0.81,0.319494,ٱلْبِلَادُ
