conf,end,start,word
0.846603,0.415893,0.27,فِي
0.996172,0.75,0.415893,ٱلْبِلَادِ
0.289873,1.17,0.75,لِتَأْكِيدِهِ
