conf,end,start,word
0.377625,0.355694,0.03,إِنْتَاجُ
0.987468,0.81,0.355694,ٱلْبِلَادِ
