conf,end,start,word
0.663893,0.297566,0.042426,هَذِهِ
1.0,0.81,0.297566,ٱلْبِلَادُ
