conf,end,start,word
0.500317,0.400191,0.03,مَالِيًّا
1.0,0.78084,0.400191,ٱلْبِلَادَ
0.838475,0.976981,0.78084,وَأَنَّ
