conf,end,start,word
0.997111,0.389813,0.03,وَسَطَ
0.99811,0.78,0.389813,ٱلْبِلَادِ
