conf,end,start,word
0.981082,0.359501,0.03,شَرْقَ
1.0,0.78,0.359501,ٱلْبِلَادِ
0.99356,1.11,0.78,أَمْسِ
