conf,end,start,word
0.874382,0.328258,0.0,أَمْنُ
0.988963,0.84,0.328258,ٱلْبِلَادِ
