conf,end,start,word
0.989459,0.328668,0.03,وَسَطَ
1.0,0.81,0.328668,ٱلْبِلَادِ
0.926013,0.966502,0.81,مَا
