conf,end,start,word
0.994937,0.329382,0.03,وَسَطَ
1.0,0.83957,0.329382,ٱلْبِلَادِ
