conf,end,start,word
0.497755,0.344408,0.03,هَائِلٌ
0.973281,0.84,0.344408,ٱلْبِلَادَ
