conf,end,start,word
0.925276,0.292612,0.0,أَنَّ
0.998441,0.87,0.292612,ٱتَّحَالُفَ
0.576752,1.17,0.87,يَعْنِي
