conf,end,start,word
1.0,0.810241,0.005577,ٱتَّحَالُفُ
0.963819,1.116836,0.810241,ٱلْعَرَبِيُّ
