conf,end,start,word
0.905681,0.414104,0.03,فَوْزِي
0.701876,0.757928,0.42,تَحَالُفُ
0.338336,1.107357,0.757928,ٱلْأَمَلِ
