conf,end,start,word
0.72163,0.320726,0.0,أَنَّ
0.931891,0.78447,0.320726,ٱتَّحَالُفَ
0.504734,1.138197,0.78447,ٱسُّعُودِيَّ
