conf,end,start,word
0.985934,0.298459,0.0,أَنَّ
0.973052,0.840054,0.298459,ٱتَّحَالُفَ
0.898645,1.17,0.840054,ٱسُّعُودِيَّ
