conf,end,start,word
0.710926,0.273638,0.03,قُوَّاتُ
1.0,0.81,0.273638,ٱتَّحَالُفِ
0.974379,1.021444,0.81,ٱلَّذِي
0.595762,1.17,1.021444,تَقُودُهُ
