conf,end,start,word
0.962748,0.329523,0.03,طَائِرَاتُ
1.0,0.81,0.329523,ٱتَّحَالُفِ
0.707282,1.109284,0.81,سِلْسِلَةٌ
