conf,end,start,word
0.977025,0.297804,0.03,مِنَ
1.0,0.87013,0.297804,ٱتَّحَالُفِ
0.927247,1.167179,0.87013,ٱلْعَرَبِيِّ
