conf,end,start,word
0.987807,0.329006,0.03,قُوَّاتُ
1.0,0.75179,0.329006,ٱتَّحَالُفِ
0.862192,1.169754,0.75179,ٱسُّعُودِيِّ
