conf,end,start,word
0.816515,0.256634,0.03,فِي
1.0,0.87,0.256634,ٱتَّحَالُفِ
0.979457,1.023137,0.9,ضِدَّ
0.883175,1.17,1.023137,دَاعِشْ
