conf,end,start,word
0.962238,0.302451,0.0,أَنْ
0.483106,0.84,0.302451,نَتَحَالَفَ
