conf,end,start,word
1.0,0.810245,0.009682,ٱتَّحَالُفُ
0.889053,0.932736,0.810245,فِي
0.174275,1.17,0.932736,مِنْطَقَتِنَا
