conf,end,start,word
0.98353,0.815183,0.020633,ٱتَّحَالُفُ
0.350108,1.168381,0.815183,ٱسُّعُودِيُّ
