conf,end,start,word
0.927659,0.355622,0.03,قِيَادَةُ
1.0,0.780032,0.355622,ٱتَّحَالُفِ
0.997772,1.161921,0.780032,ٱلْعَرَبِيِّ
