conf,end,start,word
0.648298,0.359465,0.033808,قُوَّاتُ
1.0,0.780053,0.359465,ٱتَّحَالُفِ
0.996182,1.136674,0.780053,ٱلْعَرَبِيِّ
