conf,end,start,word
0.432329,0.414143,0.03,وَقَالَتْ
0.354275,0.81064,0.414143,تَحَالُفٌ
0.954763,0.987457,0.823562,فِي
0.317588,1.14,0.99,بَيْتِهِ
