conf,end,start,word
0.748013,0.2834,0.0,أَنَّ
1.0,0.84,0.2834,ٱتَّحَالُفَ
0.254052,1.094737,0.84,لَمْ
