conf,end,start,word
0.942698,0.354192,0.030242,قُوَّاتُ
1.0,0.84,0.354192,ٱتَّحَالُفِ
0.94108,1.098384,0.84,ٱلْعَرَبِيِّ
