conf,end,start,word
0.967044,0.329078,0.03,قُوَّاتُ
1.0,0.839662,0.329078,ٱتَّحَالُفِ
0.963467,1.164685,0.84,ٱلْعَرَبِيِّ
