conf,end,start,word
0.437248,0.358074,0.03,قَلَقُهَا
1.0,0.810003,0.358074,ٱتَّحَالُفُ
0.999769,1.169471,0.810003,ٱلْوَطَنِيُّ
