conf,end,start,word
0.901657,0.290828,0.03,دُوَلُ
1.0,0.810281,0.290828,ٱتَّحَالُفِ
