conf,end,start,word
1.0,0.780013,0.0,ٱتَّحَالُفُ
0.998459,1.08143,0.780013,ٱلْعَرَبِيُّ
0.331519,1.17,1.08143,طَيِّبْ
