conf,end,start,word
0.50823,0.32953,0.030583,قُوَّاتُ
1.0,0.81,0.32953,ٱتَّحَالُفِ
0.999092,1.167399,0.81,ٱلْعَرَبِيِّ
