conf,end,start,word
0.375079,0.271651,0.0,أَنَّ
1.0,0.810109,0.271651,ٱتَّحَالُفَ
0.414143,1.17,0.810109,ٱلْعَسْكَرِيَّ
