conf,end,start,word
0.896717,0.328768,0.03,مُنَسِّقُ
1.0,0.810586,0.328768,ٱتَّحَالُفِ
0.951063,1.130424,0.810586,ٱدَّوْلِيِّ
