conf,end,start,word
1.0,0.780054,0.001787,ٱتَّحَالُفُ
0.99363,1.089699,0.780054,ٱلْعَرَبِيُّ
