conf,end,start,word
1.0,0.810015,0.001452,ٱتَّحَالُفُ
0.98676,1.118855,0.810015,ٱلْعَرَبِيُّ
