conf,end,start,word
0.684447,0.330181,0.03,دُوَلُ
0.984311,0.811348,0.330181,ٱتَّحَالُفِ
0.189066,1.14,0.811348,ٱلْإِسْلَامِيِّ
