conf,end,start,word
0.47077,0.263909,0.03,طَيَرَانُ
1.0,0.87,0.263909,ٱتَّحَالُفِ
0.462969,1.169538,0.9,قَصْفٌ
