conf,end,start,word
0.991044,0.299107,0.03,مِنَ
1.0,0.84,0.299107,ٱتَّحَالُفِ
0.974726,1.137675,0.84,ٱلْعَرَبِيِّ
