conf,end,start,word
0.989843,0.840001,0.015651,ٱتَّحَالُفُ
0.965765,1.169723,0.840001,ٱلْعَرَبِيُّ
