conf,end,start,word
0.979077,0.84,0.056345,ٱتَّحَالُفُ
0.332827,1.031959,0.84,ٱلَّذِي
