conf,end,start,word
0.995099,0.780176,0.03,وَتَتَحَالَفُ
0.111332,1.067745,0.780176,سُلِّمَتْ
