conf,end,start,word
1.0,0.810021,0.016344,ٱتَّحَالُفُ
0.991827,1.138691,0.810021,ٱلْعَرَبِيُّ
