conf,end,start,word
0.915692,0.355762,0.03,قُوَّاتُ
1.0,0.810018,0.355762,ٱتَّحَالُفِ
0.975451,1.135949,0.810018,ٱلْعَرَبِيِّ
