conf,end,start,word
0.995077,0.87,0.264808,ٱتَّحَالُفُ
0.686184,1.112121,0.87,أَحْمَدْ
