conf,end,start,word
0.44287,0.84,0.24226,تَتَحَالَفُ
0.677508,1.169431,0.840062,بِمَعْنَى
