conf,end,start,word
0.503784,0.347296,0.0,أَنَّ
0.977187,0.81,0.347296,ٱتَّحَالُفَ
0.297471,1.074953,0.81,سَوْفَ
