conf,end,start,word
0.47841,0.388483,0.03,بِٱسْمِ
0.619458,0.75039,0.388483,تَحَالُفِ
0.523276,1.14,0.75039,ٱسُّعُودِيَّةِ
