conf,end,start,word
0.631327,0.296548,0.0,أَنَّ
0.831419,0.869773,0.3,تَحَالُفًا
0.769928,1.14,0.87,سِيَاسِيًّا
