conf,end,start,word
1.0,0.810199,0.301116,ٱتَّحَالُفُ
0.969721,1.099016,0.810199,ٱلْغَرْبِيُّ
