conf,end,start,word
0.985836,0.9,0.123917,ٱتَّحَالُفُ
0.959418,1.143783,0.93,ضِدَّ
