conf,end,start,word
0.884172,0.36,0.0,ٱلْوُزَرَاءُ
0.964107,0.780044,0.360121,ٱتُّرْكِيُّ
0.986669,1.091632,0.780044,أَحْمَدْ
