conf,end,start,word
0.528066,0.395238,0.03,رَئِيسَةُ
0.670475,0.87,0.395238,ٱتَّرْخِيصِ
