conf,end,start,word
0.532306,0.414696,0.03,دِفَاعِيٌّ
0.546141,0.774792,0.414696,تُرْكِيًّا
