conf,end,start,word
1.0,0.39,0.0,ٱرَّئِيسُ
1.0,0.75,0.39,ٱتُّرْكِيُّ
0.994294,0.986807,0.75,رَجَبْ
0.683625,1.156321,1.016931,طَيِّبْ
