conf,end,start,word
0.382704,0.45,0.03,بُرْجِيَّةُ
0.467914,0.942639,0.78,مُولُودْ
0.506016,1.17,0.942639,مُولُوتُوفْ
