conf,end,start,word
0.538471,0.406019,0.03,رَئِيسَةُ
0.474259,0.867483,0.406019,تُرْكِيَا
