conf,end,start,word
1.0,0.33,0.0,ٱرَّئِيسُ
1.0,0.78,0.33,ٱتُّرْكِيُّ
0.998995,1.065532,0.78,رَجَبْ
0.560686,1.169247,1.079247,طَيِّبْ
