conf,end,start,word
1.0,0.33,0.0,ٱرَّئِيسُ
1.0,0.78,0.33,ٱتُّرْكِيُّ
0.991554,1.01608,0.78,رَجَبْ
0.771824,1.168768,1.049179,طَيِّبْ
