conf,end,start,word
1.0,0.36,0.0,ٱرَّئِيسُ
1.0,0.779963,0.36,ٱتُّرْكِيُّ
0.998756,1.059498,0.78,رَجَبْ
0.508155,1.14,1.059498,طَيِّبْ
