conf,end,start,word
0.994056,0.390222,0.0,ٱرَّئِيسُ
0.978722,0.75,0.390222,ٱتُّرْكِيُّ
0.922229,1.103549,0.75,فُؤَادْ
