conf,end,start,word
0.974695,0.39,0.0,ٱرَّئِيسُ
0.996739,0.78,0.39,ٱتُّرْكِيُّ
0.441988,1.076235,0.78,رَجَبْ
