conf,end,start,word
0.428353,0.417755,0.03,وَفَدَتْ
0.977471,0.862457,0.417755,تُرْكِيَا
