conf,end,start,word
0.753579,0.81,0.015728,ٱتُّرْكِيُّ
0.405927,1.14,0.817331,غَارَاتٌ
