conf,end,start,word
1.0,0.36,0.0,ٱرَّئِيسُ
1.0,0.75,0.36,ٱتُّرْكِيُّ
0.989897,1.032849,0.75,رَجَبْ
0.769234,1.151426,1.037927,طَيِّبْ
