conf,end,start,word
0.343015,0.339683,0.03,وُزَرَاءُ
0.914076,0.81,0.339683,ٱتُّرْكِيُّ
0.827844,0.96,0.81,بِنْ
0.825168,1.13985,0.96,عَلِيٍّ
