conf,end,start,word
0.99729,0.779449,0.044166,ٱتُّرْكِيُّ
0.794743,1.14,0.779925,مُولُوتُوفْ
