conf,end,start,word
0.972556,0.810121,0.0,ٱتُّرْكِيُّ
0.381458,1.169626,0.810121,تَشْوِيشٌ
