conf,end,start,word
1.0,0.390297,0.0,ٱلْوُزَرَاءُ
0.979347,0.750029,0.390297,ٱتُّرْكِيُّ
0.996166,0.870075,0.750029,فِي
0.870614,1.051167,0.870075,وَقْتٍ
0.558704,1.17,1.051167,سَابِقٍ
