conf,end,start,word
1.0,0.39,0.0,ٱرَّئِيسُ
1.0,0.72,0.39,ٱتُّرْكِيُّ
1.0,0.96,0.72,رَجَبْ
0.840286,1.071397,0.99,طَيِّبْ
0.589512,1.156568,1.071397,طَيِّبْ
