conf,end,start,word
0.802653,0.45,0.03,نَظِيرُهُ
0.77382,0.78,0.45,ٱتُّرْكِيُّ
0.821036,1.079418,0.78,رَجَبْ
0.582299,1.169135,1.079418,طَيِّبْ
