conf,end,start,word
1.0,0.36,0.0,ٱرَّئِيسُ
1.0,0.78,0.36,ٱتُّرْكِيُّ
0.99528,1.044925,0.78,رَجَبْ
0.678114,1.139713,1.049713,طَيِّبْ
