conf,end,start,word
0.673093,0.345367,0.0,ٱلْوَزِيرُ
0.920433,0.752063,0.345367,ٱتُّرْكِيُّ
0.548216,1.169698,0.752063,لِلْجَزِيرَةِ
