conf,end,start,word
0.342214,0.388375,0.03,دَفْعُ
0.683813,0.72,0.399788,تُرْكِيَا
