conf,end,start,word
0.972557,0.781592,0.33,ٱتُّرْكِيُّ
0.813227,1.051702,0.781592,وَرَئِيسُ
