conf,end,start,word
0.520156,0.33,0.03,مَسْؤُولٌ
0.271322,0.977565,0.808532,إِنَّ
