conf,end,start,word
1.0,0.39,0.0,ٱرَّئِيسُ
1.0,0.750199,0.39,ٱتُّرْكِيُّ
0.984388,1.016756,0.750199,رَجَبْ
0.86614,1.135984,1.017448,طَيِّبْ
