conf,end,start,word
1.0,0.36,0.0,ٱرَّئِيسُ
1.0,0.750021,0.36,ٱتُّرْكِيُّ
0.99832,1.026909,0.750021,رَجَبْ
0.504958,1.151507,1.038598,طَيِّبْ
