conf,end,start,word
0.970305,0.42,0.0,ٱرَّئِيسُ
0.970305,0.75,0.42,ٱتُّرْكِيُّ
1.0,1.019334,0.750891,رَجَبْ
0.760311,1.169699,1.04985,طَيِّبْ
