conf,end,start,word
0.515664,0.36,0.0,ٱلْوُزَرَاءُ
0.997541,0.809954,0.360342,ٱتُّرْكِيُّ
0.981271,1.089665,0.809954,أَحْمَدْ
