conf,end,start,word
1.0,0.42,0.000532,ٱرَّئِيسُ
1.0,0.75,0.42,ٱتُّرْكِيُّ
1.0,0.965663,0.75,رَجَبْ
0.67232,1.099431,1.009431,طَيِّبْ
