conf,end,start,word
0.922656,0.785481,0.36,تُرْكِيَا
0.35938,1.049174,0.809175,لَدَى
