conf,end,start,word
0.968252,0.388169,0.03,نَظِيرُهُ
0.975753,0.729764,0.388169,ٱتُّرْكِيُّ
0.317057,1.164368,0.729764,ٱلْمُولُوتُوفْ
