conf,end,start,word
0.969577,0.42,0.0,ٱرَّئِيسُ
0.969577,0.78,0.42,ٱتُّرْكِيُّ
0.995172,1.0804,0.780772,رَجَبْ
0.866576,1.17,1.0804,طَيِّبْ
