conf,end,start,word
0.697317,0.295639,0.0,ٱرَّئِيسُ
0.966947,0.78,0.295639,ٱتُّرْكِيُّ
0.946512,1.07964,0.78,رَجَبْ
0.627521,1.17,1.08,طَيِّبْ
