conf,end,start,word
1.0,0.78,0.33461,ٱتُّرْكِيُّ
0.991882,1.069188,0.78,رَجَبْ
0.784558,1.167254,1.077254,طَيِّبْ
