conf,end,start,word
0.417742,0.78,0.332716,ٱتُّرْكِيَّةُ
0.317486,1.136247,0.793254,مَوْلُودْ
