conf,end,start,word
0.993976,0.36,0.0,ٱلْجَيْشُ
0.896389,0.816629,0.36,ٱتُّرْكِيُّ
0.498491,1.17,0.816629,أَرْسَلَتْ
