conf,end,start,word
0.953864,0.3,0.0,ٱشَّعْبُ
0.869444,0.869913,0.3,ٱتُّرْكِيُّ
0.735483,1.14,0.87,قَدْ
