conf,end,start,word
0.656415,0.36,0.03,وُزَرَاءُ
0.625076,0.75,0.36,تُرْكِيَا
0.701414,0.998484,0.75,أَحْمَدْ
0.194652,1.17,0.998484,دَاوُودْ
