conf,end,start,word
0.963831,0.329856,0.0,ٱشَّعْبُ
1.0,0.81,0.329856,ٱتُّرْكِيُّ
0.900418,1.038006,0.81,هُوَ
