conf,end,start,word
0.883205,0.33,0.0,ٱشَّعْبُ
1.0,0.780885,0.33,ٱتُّرْكِيُّ
0.895268,0.956825,0.780885,إِلَى
0.254914,1.14,0.96,ٱلِّقَاءِ
