conf,end,start,word
0.878908,0.75,0.122083,ٱتُّرْكِيُّ
0.990981,1.14,0.751107,مَوْلُودْ
