conf,end,start,word
0.549035,0.39,0.0,ٱلْوُزَرَاءُ
0.52874,0.78001,0.39,ٱتُّرْكِيُّ
0.940634,0.996733,0.78001,أَحْمَدْ
0.291944,1.17,0.996733,دَاوُودْ
