conf,end,start,word
0.555959,0.360069,0.03,وَزِيرُ
0.986648,0.80999,0.360069,ٱتُّرْكِيِّ
0.934567,0.90063,0.80999,فِي
0.169467,1.17,0.90063,خِطَابٍ
