conf,end,start,word
0.350475,0.41979,0.03,مُخْرَجَاتُ
0.989793,0.749876,0.422761,تُرْكِيَا
1.0,1.023287,0.749876,مَوْلُودْ
