conf,end,start,word
0.711572,0.439662,0.03,رَأَتْ
0.734709,0.84,0.439662,تُرْكِيٌّ
