conf,end,start,word
1.0,0.81,0.334441,ٱتُّرْكِيُّ
0.998465,1.073983,0.81,رَجَبْ
0.62123,1.17,1.08,طَيِّبْ
