conf,end,start,word
1.0,0.39,0.0,ٱرَّئِيسُ
1.0,0.78,0.39,ٱتُّرْكِيُّ
0.989928,1.076107,0.78,رَجَبْ
0.74017,1.165681,1.076107,طَيِّبْ
