conf,end,start,word
0.709373,0.330331,0.0,ٱدَّعْمُ
0.750795,0.780078,0.330331,ٱتُّرْكِيُّ
0.264448,1.010879,0.780078,لَدَى
