conf,end,start,word
0.990106,0.36,0.0,ٱلْوَفْدُ
0.750138,0.810064,0.36,ٱتُّرْكِيُّ
0.80862,1.049774,0.810064,ٱلَّذِي
