conf,end,start,word
0.931175,0.779473,0.33,ٱتُّرْكِيُّ
0.961639,1.139815,0.78,مَوْلُودْ
