conf,end,start,word
1.0,0.33,0.0,ٱرَّئِيسُ
0.98362,0.78,0.420123,ٱتُّرْكِيُّ
0.98007,1.016171,0.78,رَجَبْ
0.506449,1.163626,1.046248,طَيِّبْ
