conf,end,start,word
0.954824,0.39,0.0,ٱشَّعْبُ
1.0,0.780054,0.39,ٱتُّرْكِيُّ
0.990627,0.840033,0.780054,فِي
0.648419,1.17,0.840033,ٱلِٱسْتِفْتَاءِ
