conf,end,start,word
0.268556,0.776858,0.3,ٱتُّرْكِيبَةُ
0.598174,0.927958,0.776858,مُولُودْ
0.250196,1.167165,0.927958,مُولُوتُوفْ
