conf,end,start,word
0.383579,0.815022,0.086443,ٱتُّرْكِيبَةُ
0.392355,1.17,0.815022,مُولُوتُوفْ
