conf,end,start,word
0.845187,0.75,0.419611,تُرْكِيَا
0.940412,1.101676,0.75,مَوْلُودْ
