conf,end,start,word
0.754955,0.743784,0.335576,ٱتُّرْكِيُّ
0.544589,1.107403,0.75,مُولُوتُوفْ
