conf,end,start,word
0.687142,0.32682,0.0,أَخِي
0.610213,0.809973,0.32682,ٱتُّرْكِيُّ
0.310085,1.17,0.81,ٱلِٱقْتِرَاعُ
