conf,end,start,word
0.972452,0.39,0.03,مُرَاسِلُ
1.0,0.78,0.390826,ٱلْجَزِيرَةِ
0.996921,0.872107,0.78,فِي
0.884764,1.17,0.872107,أَفْغَانِسْتَانَ
