conf,end,start,word
0.452522,0.33,0.03,هُوَ
1.0,0.78,0.333179,ٱلْجَزِيرَةُ
0.98657,0.993889,0.81,ضِمْنَ
