conf,end,start,word
0.998926,0.329858,0.03,حَصَلَتِ
1.0,0.780025,0.329858,ٱلْجَزِيرَةُ
0.997412,0.99,0.780025,عَلَى
0.913643,1.17,0.99,صُوَرٍ
