conf,end,start,word
0.988502,0.419813,0.03,مُرَاسِلُو
1.0,0.75,0.419813,ٱلْجَزِيرَةِ
0.746889,0.989323,0.75,أَيْضًا
