conf,end,start,word
1.0,0.780012,0.044748,ٱلْجَزِيرَةُ
0.995956,0.990184,0.780012,عَنْ
0.920881,1.17,0.990184,مِصْرَ
