conf,end,start,word
0.594718,0.39,0.03,مُرَاسِلُ
1.0,0.781706,0.39,ٱلْجَزِيرَةِ
0.755192,0.956367,0.781706,عَنْ
