conf,end,start,word
0.734122,0.418251,0.03,كُتِبَ
0.690264,0.749763,0.418251,ٱلْجَزِيرَةِ
0.685037,1.167011,0.749763,ٱلْإِعْلَامِيَّةِ
