conf,end,start,word
0.970518,0.419558,0.03,مُرَاسِلُو
1.0,0.81,0.419558,ٱلْجَزِيرَةِ
0.980356,0.960109,0.81,فِي
0.931759,1.169134,0.960109,لِيبْيَا
