conf,end,start,word
1.0,0.36,0.03,مُرَاسِلُ
1.0,0.81,0.36,ٱلْجَزِيرَةِ
0.996528,0.930726,0.81,فِي
0.785741,1.042406,0.930726,رِيفِ
0.345764,1.14,1.05,حَلَبَ
