conf,end,start,word
1.0,0.84,0.0,ٱلْجَزِيرَةُ
0.880701,1.05086,0.84,دُوتْ
0.610712,1.139518,1.05086,نِتْ
