conf,end,start,word
0.997634,0.84,0.318292,ٱلْجَزِيرَةُ
0.758748,0.989722,0.84,فِي
0.401024,1.14,0.99,مِصْرَ
