conf,end,start,word
0.978674,0.42,0.03,مُرَاسِلُ
0.992596,0.78,0.42,ٱلْجَزِيرَةِ
0.979406,0.929869,0.78,أَنَّ
0.960523,1.17,0.93,لَجْنَةً
