conf,end,start,word
0.89548,0.330258,0.03,مُرَاسِلُ
0.996155,0.78,0.363148,ٱلْجَزِيرَةِ
0.87126,0.920048,0.78,أَنَّ
0.258168,1.13921,0.93,ثَمَّةَ
