conf,end,start,word
0.770034,0.328835,0.03,مُرَاسِلُ
1.0,0.81,0.328835,ٱلْجَزِيرَةِ
0.998737,0.961455,0.81,فِي
0.913928,1.17,0.961455,إِدْلِبَ
