conf,end,start,word
0.719614,0.381864,0.03,مُرَاسِلُو
1.0,0.78,0.381864,ٱلْجَزِيرَةِ
0.800077,0.93,0.78,فِي
