conf,end,start,word
0.990538,0.419852,0.03,مُرَاسِلُو
1.0,0.779852,0.419852,ٱلْجَزِيرَةِ
0.41522,0.954885,0.78,إِنَّ
