conf,end,start,word
0.782909,0.42,0.03,مُرَاسِلُو
0.994473,0.766838,0.42,ٱلْجَزِيرَةِ
0.477347,0.93,0.78,إِنَّ
0.209343,1.17,0.93,طَهْرَانَ
