conf,end,start,word
0.976442,0.356158,0.03,مَعَ
1.0,0.750003,0.356158,ٱلْجَزِيرَةِ
0.999806,1.027404,0.750003,تَبُثُّ
0.165202,1.17,1.027404,ٱرُّعْبَ
