conf,end,start,word
0.875875,0.36,0.03,مُرَاسِلُ
1.0,0.75,0.36,ٱلْجَزِيرَةِ
0.816329,0.870211,0.75,أَنَّ
0.297468,1.169807,0.9,ثَلَاثَةً
