conf,end,start,word
0.553601,0.406542,0.03,مُرَاسِلُو
1.0,0.779414,0.406542,ٱلْجَزِيرَةِ
0.675786,0.873829,0.78,أَنَّ
