conf,end,start,word
1.0,0.33,0.03,مُرَاسِلُ
1.0,0.81,0.33,ٱلْجَزِيرَةِ
1.0,0.93031,0.81,فِي
0.983113,1.050157,0.93031,رِيفِ
0.636315,1.17,1.050157,إِدْلِبَ
