conf,end,start,word
0.995369,0.780023,0.33022,ٱلْجَزِيرَةُ
0.994268,0.93,0.780023,فِي
0.992327,1.17,0.93,سُورِيَا
