conf,end,start,word
0.995094,0.36,0.03,مُرَاسِلُ
1.0,0.81,0.360147,ٱلْجَزِيرَةِ
0.994099,0.960964,0.81,فِي
0.395783,1.17,0.960964,طَرَابُلُسَ
