conf,end,start,word
0.98427,0.780003,0.034232,ٱلْجَزِيرَةُ
0.997524,1.11,0.780003,عَنْ
