conf,end,start,word
0.918002,0.81,0.283315,ٱلْجَزِيرَةُ
0.829642,0.967741,0.81,عَنْ
