conf,end,start,word
0.84801,0.347176,0.03,مُرَاسِلُ
0.999364,0.784072,0.347176,ٱلْجَزِيرَةِ
0.432209,1.025326,0.785352,نَعَمْ
