conf,end,start,word
0.996822,0.419948,0.03,مُرَاسِلُو
1.0,0.750143,0.419948,ٱلْجَزِيرَةِ
0.680757,0.899767,0.750143,أَنَا
0.377989,1.109848,0.9,سَأَلْتُكَ
