conf,end,start,word
0.991477,0.29915,0.03,حَصَلَتِ
1.0,0.839861,0.29915,ٱلْجَزِيرَةُ
0.995077,1.012333,0.84,عَلَى
