conf,end,start,word
0.941751,0.33,0.03,مُرَاسِلُ
0.882032,0.81,0.360318,ٱلْجَزِيرَةِ
0.201108,1.091958,0.81,بِمَقَرِّ
