conf,end,start,word
0.997609,0.299761,0.03,مُرَاسِلُ
1.0,0.84,0.299761,ٱلْجَزِيرَةِ
0.996971,0.989027,0.84,فِي
0.268296,1.14,0.99,إِدْلِبَ
