conf,end,start,word
0.951409,0.295743,0.03,قَنَاةُ
1.0,0.810026,0.295743,ٱلْجَزِيرَةِ
0.566662,1.135396,0.810026,أَعْرَبَ
