conf,end,start,word
0.994449,0.36,0.03,مُرَاسِلُ
1.0,0.779895,0.360167,ٱلْجَزِيرَةِ
0.451717,0.92086,0.78,نِتْ
