conf,end,start,word
0.735869,0.415923,0.03,مُرَاسِلُو
1.0,0.78,0.415923,ٱلْجَزِيرَةِ
0.993974,0.87,0.78,فِي
0.99151,1.122671,0.87,ٱلْيَمَنِ
