conf,end,start,word
0.587034,0.384152,0.03,مُرَاسِلُو
1.0,0.780068,0.384152,ٱلْجَزِيرَةِ
0.988969,0.96009,0.780068,عَنْ
0.968509,1.14,0.960106,مِصْرَ
