conf,end,start,word
0.684505,0.81,0.371601,جَزِيرَةٌ
0.648168,1.079896,0.81,إِنَّ
