conf,end,start,word
0.977423,0.39,0.03,مُرَاسِلُو
1.0,0.78,0.39,ٱلْجَزِيرَةِ
0.904513,0.930528,0.78,عَنْ
0.15736,1.165093,0.930528,وَزِيرٍ
