conf,end,start,word
0.959652,0.39,0.03,مُرَاسِلُ
0.996575,0.78031,0.39,ٱلْجَزِيرَةِ
0.884605,0.929716,0.78031,أَنَّ
0.389142,1.17,0.930282,غَارَاتٍ
