conf,end,start,word
1.0,0.810022,0.102604,ٱلْجَزِيرَةُ
0.994844,0.93,0.810022,فِي
0.960659,1.17,0.93,عَمَّانَ
