conf,end,start,word
0.999686,0.359984,0.03,مُرَاسِلُ
1.0,0.81,0.359984,ٱلْجَزِيرَةِ
0.98366,0.899981,0.81,فِي
0.122428,1.139547,0.9,ٱلْكُوَيْتِ
