conf,end,start,word
0.998394,0.329961,0.03,حَصَلَتِ
1.0,0.78,0.329961,ٱلْجَزِيرَةُ
0.999027,0.930652,0.78,عَلَى
0.088689,1.166608,0.930652,نُسْخَةٍ
