conf,end,start,word
0.771574,0.340193,0.030367,قُوَّاتُ
0.998758,0.721565,0.340193,ٱلْجَيْشِ
0.210366,1.17,0.721629,ٱسْتِعَادَةَ
