conf,end,start,word
0.350341,0.300184,0.0,أُصْدِرَ
0.997851,0.479983,0.33,فِي
0.998541,0.691254,0.479983,ٱلْجَيْشِ
0.936144,1.092707,0.691254,ٱلْوَطَنِيِّ
