conf,end,start,word
0.962849,0.360002,0.032065,جَانِبُ
0.999577,0.75,0.360002,ٱلْجَيْشِ
0.945601,1.12079,0.75,ٱلْأَمِيرْكِيِّ
