conf,end,start,word
0.948457,0.419981,0.03,قِيَادَةُ
1.0,0.750315,0.419981,ٱلْجَيْشِ
0.958415,0.87,0.750315,فِي
0.865177,1.17,0.870071,مَدِينَةِ
