conf,end,start,word
0.374049,0.231181,0.0,أَعْلَنَ
0.993015,0.87,0.231181,ٱلْجَيْشُ
