conf,end,start,word
0.953026,0.382468,0.030414,قُوَّاتُ
1.0,0.750329,0.382468,ٱلْجَيْشِ
0.977067,1.088117,0.750329,ٱلْيَمَنِيِّ
