conf,end,start,word
0.628761,0.334551,0.0,ٱضُّبَّاطُ
0.856535,0.78,0.334551,ٱلْجَيْشَ
0.627569,0.931902,0.78,مَا
