conf,end,start,word
0.949324,0.33,0.03,قَالَ
1.0,0.779079,0.36,ٱلْجَيْشُ
0.969298,1.153926,0.78,ٱلْمِصْرِيُّ
