conf,end,start,word
0.721295,0.237178,0.03,هُنَا
0.997225,0.359833,0.237178,فِي
0.999345,0.799599,0.359833,ٱلْجَيْشِ
