conf,end,start,word
0.519945,0.389404,0.03,عَنَاصِرُ
0.643582,0.75,0.389932,ٱلْجَيْشِ
0.988181,1.13447,0.75,ٱلْأَمِيرْكِيِّ
