conf,end,start,word
0.971156,0.387361,0.0,أَعْلَنَ
1.0,0.75,0.387361,ٱلْجَيْشُ
0.796469,1.13585,0.75,ٱلْوَطَنِيُّ
