conf,end,start,word
0.504483,0.393894,0.0,أَعْلَنَ
0.649575,0.72,0.409095,ٱلْجَيْشُ
0.130146,1.079187,0.72,ٱلْعِرَاقِيُّ
