conf,end,start,word
0.978124,0.327719,0.03,عَنِ
1.0,0.84,0.327719,ٱلْجَيْشِ
0.258254,1.160847,0.84,ٱلْيَمَنِيِّ
