conf,end,start,word
0.996096,0.329505,0.03,بَيْنَ
1.0,0.81,0.329505,ٱلْجَيْشِ
0.997189,1.156015,0.81,ٱلْيَمَنِيِّ
