conf,end,start,word
0.994318,0.78,0.008572,ٱلْجَيْشُ
0.145395,1.154537,0.948046,ٱلْمِصْرِيُّ
