conf,end,start,word
1.0,0.420125,0.0,أَكَّدَ
0.995822,0.75,0.420526,ٱلْجَيْشُ
0.989473,1.154461,0.75,ٱلْعِرَاقِيُّ
