conf,end,start,word
0.594441,0.389906,0.0,أَفْرَادُ
0.996313,0.750406,0.392849,ٱلْجَيْشِ
0.969929,1.009576,0.750406,ٱلْوَطَنِيِّ
0.287906,1.17,1.009576,ٱلِّيبِيِّ
