conf,end,start,word
1.0,0.36,0.03,عَنِ
1.0,0.720383,0.36,ٱلْجَيْشِ
0.975319,1.107247,0.720383,ٱرُّوسِيِّ
