conf,end,start,word
0.985737,0.390008,0.0,أَرْكَانُ
0.998608,0.72,0.390008,ٱلْجَيْشِ
