conf,end,start,word
0.878665,0.42,0.181213,بَيْنَ
1.0,0.750379,0.42,ٱلْجَيْشِ
0.9773,1.165328,0.750379,ٱلْوَطَنِيِّ
