conf,end,start,word
0.461798,0.41998,0.12,لَنَا
1.0,0.751525,0.41998,ٱلْجَيْشُ
0.887264,1.00449,0.751525,ٱلْوَطَنِيُّ
0.253332,1.17,1.00449,ٱلْيَمَنِيُّ
