conf,end,start,word
0.676052,0.533717,0.03,يُفْرِجُ
0.684442,0.75,0.533717,جَيْشُ
0.68349,1.13777,0.753888,ٱلْيَمَنِ
