conf,end,start,word
0.980087,0.39,0.068558,شَنَّ
1.0,0.69,0.390597,ٱلْجَيْشُ
0.909807,0.84,0.694064,فِي
1.0,1.17,0.842553,مِيَانْمَارَ
