conf,end,start,word
0.962919,0.419524,0.0,أَنَّ
1.0,0.720032,0.419524,ٱلْجَيْشَ
0.998128,1.108126,0.720032,ٱنِّظَامِيَّ
