conf,end,start,word
0.912531,0.42,0.03,كَانَتْ
0.994676,0.570015,0.42,مِنَ
0.996336,0.995348,0.570015,ٱسَّيْطَرَةِ
0.393124,1.08,0.995348,عَلَى
