conf,end,start,word
1.0,0.780707,0.302143,ٱلْجَيْشُ
0.943844,1.12706,0.780707,ٱلْيَمَنِيُّ
