conf,end,start,word
0.849934,0.42,0.03,وَقَالَ
0.991685,0.69,0.42,ٱلْجَيْشُ
1.0,0.990329,0.69,ٱسُّورِيُّ
0.98262,1.17,0.990329,ٱلْحُرُّ
