conf,end,start,word
0.980869,0.389714,0.0,أَرْكَانِ
1.0,0.780377,0.389714,ٱلْجَيْشِ
0.968089,1.161719,0.780377,ٱتُّرْكِيِّ
