conf,end,start,word
0.398116,0.357991,0.03,بِجَانِبِ
0.995682,0.78,0.357991,ٱلْجَيْشِ
