conf,end,start,word
0.648848,0.44308,0.381679,فِي
0.956629,0.72,0.44308,ٱلْجَيْشِ
0.95978,1.119464,0.72,ٱلْعِرَاقِيِّ
