conf,end,start,word
0.739216,0.26868,0.03,فَرَحَةٌ
0.923982,0.418714,0.26868,مِنَ
1.0,0.72,0.418714,ٱلْجَيْشِ
1.0,1.169743,0.72,ٱلْعِرَاقِيِّ
