conf,end,start,word
1.0,0.390032,0.03,وَكَانَ
0.997949,0.78,0.390032,ٱلْجَيْشُ
0.305091,1.167507,0.87,ٱلْمِصْرِيُّ
