conf,end,start,word
0.961335,0.327505,0.0,أَعْلَنَ
0.995888,0.809874,0.327505,ٱلْجَيْشُ
