conf,end,start,word
0.936327,0.449778,0.09,أَكَانَ
0.849281,0.72,0.449778,ٱلْجَيْشُ
0.994324,1.169415,0.72,ٱلْأَمِيرْكِيُّ
