conf,end,start,word
1.0,0.420048,0.00122,أَنَّ
0.995924,0.69,0.420048,ٱلْجَيْشَ
0.470912,1.096173,0.69,ٱسُّودَانِيَّ
