conf,end,start,word
0.851772,0.36,0.03,فَرَضَ
0.999671,0.75,0.39,ٱلْجَيْشُ
0.811586,1.061652,0.75,ٱلْوَطَنِيُّ
