conf,end,start,word
0.984607,0.32887,0.0,أَنَّ
1.0,0.750707,0.32887,ٱلْجَيْشَ
0.838552,1.17,0.750707,يُكَثِّفُ
