conf,end,start,word
0.581585,0.42,0.002586,أَنَّهُ
1.0,0.720183,0.42026,ٱلْجَيْشُ
0.970677,1.149771,0.720183,ٱلْعِرَاقِيُّ
