conf,end,start,word
0.391681,0.448032,0.03,رُوسِيٌّ
0.991709,0.75,0.448032,ٱلْجَيْشُ
0.999782,1.128143,0.75,ٱلْوَطَنِيُّ
