conf,end,start,word
0.989972,0.419768,0.12,بَيْنَ
1.0,0.75,0.419768,ٱلْجَيْشِ
0.987542,1.134591,0.75,ٱلْوَطَنِيِّ
