conf,end,start,word
0.955414,0.418879,0.18,مِنَ
1.0,0.75,0.418879,ٱلْجَيْشِ
0.996636,1.112364,0.75,ٱلْعِرَاقِيِّ
