conf,end,start,word
0.998104,0.479793,0.27,قَالَ
0.993118,0.690042,0.479904,ٱلْجَيْشُ
0.983827,1.078805,0.690042,ٱلْعِرَاقِيُّ
