conf,end,start,word
0.346772,0.420188,0.03,فَرْدِيٌّ
0.499566,0.78,0.420188,لِجَيْشٍ
0.17188,1.164627,1.104627,مَا
