conf,end,start,word
0.226517,0.44999,0.03,يُوصِلُ
0.98251,0.69,0.44999,ٱلْجَيْشُ
0.860427,1.027948,0.69,ٱتُّرْكِيُّ
