conf,end,start,word
1.0,0.42,0.0,أَنَّ
1.0,0.722528,0.42,ٱلْجَيْشَ
0.811731,1.042904,0.722528,ٱتُّرْكِيَّ
0.081445,1.17,1.05,يَعْنِي
