conf,end,start,word
0.819275,0.442255,0.242387,مِنَ
1.0,0.75,0.442255,ٱلْجَيْشِ
0.982923,1.092053,0.75,ٱلْعِرَاقِيِّ
