conf,end,start,word
0.567784,0.290845,0.0,أَعْلَنَ
0.997083,0.78,0.290845,ٱلْجَيْشُ
