conf,end,start,word
0.934517,0.39,0.216809,مِنَ
0.9928,0.75,0.391761,ٱلْجَيْشِ
0.995053,1.134066,0.75,ٱلْعِرَاقِيِّ
