conf,end,start,word
0.989629,0.42,0.27,مِنَ
1.0,0.75,0.420311,ٱلْجَيْشِ
0.983118,1.166053,0.75,ٱلْعِرَاقِيِّ
