conf,end,start,word
0.944622,0.419113,0.0,أَحْكَمَ
1.0,0.75,0.419113,ٱلْجَيْشُ
0.995133,0.990281,0.75,فِي
