conf,end,start,word
0.931319,0.298758,0.03,كَانَ
0.910633,0.87,0.298758,ٱلْجَيْشُ
