conf,end,start,word
0.450216,0.237552,0.03,لِأَنَّ
0.997136,0.87,0.237552,ٱلْحُكُومَةَ
0.488229,1.11,0.87,ٱلْجَدِيدَةَ
