conf,end,start,word
0.918295,0.329859,0.03,وَقَالَتِ
1.0,0.84,0.329859,ٱلْحُكُومَةُ
0.745235,0.98746,0.84,فِي
