conf,end,start,word
0.970463,0.357384,0.09,رَأَتِ
1.0,0.81,0.357384,ٱلْحُكُومَةُ
0.832889,1.168491,0.81,ٱلْيَمَنِيَّةُ
