conf,end,start,word
0.666666,0.197457,0.03,فِي
0.976016,0.870467,0.197457,ٱلْحُكُومَةِ
0.542883,1.168461,0.870467,ٱشَّرْعِيَّةِ
