conf,end,start,word
0.73633,0.330017,0.03,رَئِيسُ
0.976814,0.840627,0.330017,ٱلْحُكُومَةِ
0.137001,1.14,0.840627,ٱلْأُرْدُنِيَّةِ
