conf,end,start,word
0.996751,0.87,0.007097,ٱلْحُكُومَةُ
0.815163,1.008024,0.87,مِنْ
0.23614,1.17,1.02,فَرَنْسَا
