conf,end,start,word
0.505771,0.841541,0.33,حُكُومَةٌ
0.360498,1.17,0.841541,يَمَنِيَّةٌ
