conf,end,start,word
0.867921,0.288397,0.03,بِٱسْمِ
0.982531,0.811604,0.288397,ٱلْحُكُومَةِ
0.258397,1.14,0.811604,ٱلْإِيرَانِيَّةِ
