conf,end,start,word
1.0,0.3,0.09,مَعَ
0.998401,0.810892,0.3,ٱلْحُكُومَةِ
0.821523,1.028641,0.810892,كَمَا
0.091242,1.17,1.028641,أَسْلَفْتَ
