conf,end,start,word
0.746665,0.263263,0.03,تَشْكِيلُ
0.970457,0.899843,0.263263,ٱلْحُكُومَةِ
0.384486,1.17,0.899843,مُنْفَرِدَةً
