conf,end,start,word
0.507487,0.357419,0.03,طَلَبَاتُ
0.987047,0.78,0.357419,ٱلْحُكُومَةِ
0.869722,1.129515,0.78,ٱلْيَمَنِيَّةِ
