conf,end,start,word
0.750888,0.750749,0.411727,حُكُومَةُ
0.595122,1.17,0.750749,ٱلُّبْنَانِيِّينَ
