conf,end,start,word
0.996715,0.81,0.0,ٱلْحُكُومَةُ
0.962303,0.988171,0.81,إِلَى
0.136696,1.14,0.99,حُكْمٍ
