conf,end,start,word
0.241413,0.345705,0.03,هَلَّا
0.953269,0.867973,0.345705,ٱلْحُكُومَةُ
0.950758,1.17,0.87,ٱلُّبْنَانِيَّةُ
