conf,end,start,word
0.980655,0.327565,0.03,فِي
1.0,0.81005,0.327565,ٱلْحُكُومَةِ
0.589273,1.139738,0.81005,ٱلْمُقْبِلَةِ
