conf,end,start,word
1.0,0.420014,0.0,أَمْسِ
0.998632,0.630082,0.420014,فِي
0.986604,1.049561,0.630082,إِقَامَةٍ
