conf,end,start,word
0.932831,0.359773,0.031493,بِٱسْمِ
1.0,0.780046,0.359773,ٱلْحُكُومَةِ
0.988164,1.17,0.780046,ٱلْفَرَنْسِيَّةِ
