conf,end,start,word
0.532221,0.315748,0.03,ضِمْنَ
0.956694,0.868123,0.315748,ٱلْحُكُومَةِ
0.482711,1.12949,0.87,كُلُّ
