conf,end,start,word
0.998034,0.300028,0.03,رَئِيسُ
0.998602,0.810789,0.300028,ٱلْحُكُومَةِ
0.251428,1.165712,0.810789,ٱلْكِينِيَّةِ
