conf,end,start,word
0.998382,0.329795,0.03,رَئِيسُ
1.0,0.810037,0.329795,ٱلْحُكُومَةِ
0.409552,1.14,0.810037,ٱلْمَغْرِبِيَّةِ
