conf,end,start,word
0.997669,0.78,0.301381,ٱلْحُكُومَةُ
0.979208,0.93,0.78,فِي
0.55496,1.17,0.93,عَمَلِيَّةٍ
