conf,end,start,word
0.87203,0.328459,0.03,تُسَلِّمُ
0.999642,0.750133,0.328459,ٱلْحُكُومَةُ
0.513823,1.097214,0.750133,بِذَلِكَ
