conf,end,start,word
0.998681,0.299873,0.03,بَيْنَ
1.0,0.87,0.299873,ٱلْحُكُومَةِ
0.260728,1.15869,0.87,وَحْدَهَا
