conf,end,start,word
1.0,0.300007,0.03,نَفَتِ
0.999626,0.810453,0.300007,ٱلْحُكُومَةُ
