conf,end,start,word
0.847023,0.259216,0.03,عَقْدُ
1.0,0.840031,0.259216,ٱلْحُكُومَةِ
0.983875,1.17,0.840031,ٱلْيَمَنِيَّةِ
