conf,end,start,word
0.659381,0.300009,0.03,صَعِيدُ
0.980385,0.84,0.300691,ٱلْحُكُومَةِ
0.138845,1.14,0.84,ٱلْمِصْرِيَّةِ
