conf,end,start,word
0.983242,0.268693,0.0,أَوِ
0.987619,0.87,0.268693,ٱلْحُكُومَةُ
