conf,end,start,word
0.826239,0.285079,0.03,لِأَنَّ
1.0,0.869428,0.285079,ٱلْحُكُومَةَ
0.68905,1.17,0.87,حَرِيصَةٌ
