conf,end,start,word
0.478047,0.240493,0.0,أَنَّهُ
0.956887,0.35943,0.240493,فِي
1.0,0.78,0.35943,ٱلْحُكُومَةِ
1.0,1.17,0.78,ٱلُّبْنَانِيَّةِ
