conf,end,start,word
0.961796,0.329975,0.03,مِنَ
0.99867,0.84,0.329975,ٱلْحُكُومَةِ
0.408767,1.17,0.84,ٱلْمُسْتَقِيلَةِ
