conf,end,start,word
0.995034,0.809806,0.015631,ٱلْحُكُومَةُ
0.716768,0.990443,0.81,قَدْ
