conf,end,start,word
0.997523,0.329698,0.03,مَعَ
1.0,0.840145,0.329698,ٱلْحُكُومَةِ
0.446332,1.14,0.840145,ٱلْمِصْرِيَّةِ
