conf,end,start,word
0.99711,0.900114,0.0,ٱلْحُوثِيُّ
0.824699,0.994489,0.900114,مِنَ
0.131956,1.17,0.994489,ٱسَّمَاءِ
