conf,end,start,word
0.515418,0.238449,0.03,جَمَاعَةُ
0.974365,0.870675,0.238449,ٱلْحُوثِيِّ
0.863129,1.028384,0.870675,عَلَى
0.382767,1.17,1.028384,صَنْعَاءَ
