conf,end,start,word
0.716586,0.313059,0.03,جَمَاعَةُ
1.0,0.780685,0.313059,ٱلْحُوثِيِّ
0.202598,1.159102,0.780685,وَعُضْوٌ
