conf,end,start,word
0.995058,0.39,0.030817,جَمَاعَةُ
0.998462,0.78,0.39,ٱلْحُوثِيِّ
0.825928,1.017165,0.78,عَلَى
0.645705,1.17,1.02,صَنْعَاءَ
