conf,end,start,word
0.318002,0.337722,0.03,مَنَعَتِ
0.995433,0.78,0.337722,ٱلْحُوثِيُّ
0.772859,1.023238,0.78,مُحَمَّدْ
0.54073,1.14,1.023238,مُرْسِي
