conf,end,start,word
0.977915,0.39,0.031992,جَمَاعَةُ
1.0,0.75,0.39,ٱلْحُوثِيِّ
0.458615,1.006818,0.75,فَهُمْ
