conf,end,start,word
0.999541,0.84,0.3,ٱلْحُوثِيُّ
0.935751,0.982326,0.84,فِي
0.304644,1.17,0.99,صَنْعَاءَ
