conf,end,start,word
0.8929,0.345332,0.06,جَمَاعَةُ
1.0,0.81,0.345332,ٱلْحُوثِيِّ
0.953241,0.991397,0.81,عَبْدَ
0.250353,1.17,0.991397,ٱلْفَتَّاحِ
