conf,end,start,word
0.759222,0.810161,0.012382,ٱلْحُوثِيُّ
0.964132,1.056362,0.817122,مُحَمَّدْ
0.732594,1.17,1.056362,مُرْسِي
