conf,end,start,word
0.93724,0.385347,0.030295,قُوَّاتُ
0.998519,0.78,0.385347,ٱلْحُوثِيِّ
0.995946,1.167122,0.78,وَصَالِحٍ
