conf,end,start,word
0.627681,0.327778,0.03,مِلِيشِيَا
0.963742,0.817712,0.327778,ٱلْحُوثِيِّ
