conf,end,start,word
0.655382,0.337236,0.049747,جَمَاعَةُ
0.999756,0.779878,0.337236,ٱلْحُوثِيِّ
0.915544,1.020114,0.78,مُحَمَّدْ
0.649559,1.14,1.020114,مُرْسِي
