conf,end,start,word
0.866111,0.45,0.03,مِيلِيشِيَا
1.0,0.750481,0.45,ٱلْحُوثِيِّ
0.915537,1.047772,0.750481,وَٱرَّئِيسُ
0.317738,1.17,1.05,مُرْسِي
