conf,end,start,word
0.594143,0.416674,0.03,لِحْيَةُ
0.979111,0.780631,0.416674,ٱلْحُوثِيِّ
0.649102,1.135735,0.780631,وَقُوَّاتُ
