conf,end,start,word
0.677857,0.325487,0.03,جَمَاعَةُ
0.838306,0.78,0.325487,ٱلْحُوثِيِّ
0.601461,1.166002,0.78,شَنَّتْ
