conf,end,start,word
0.619124,0.291504,0.03,قُوَّاتُ
0.998555,0.84,0.291504,ٱلْحُوثِيِّ
0.890059,1.169371,0.84,وَٱرَّئِيسُ
