conf,end,start,word
0.903063,0.36,0.03,جَمَاعَةُ
1.0,0.780384,0.36,ٱلْحُوثِيِّ
0.836272,1.131456,0.780384,مُحَمَّدْ
