conf,end,start,word
0.999376,0.810833,0.3,ٱلْحُوثِيُّ
0.751111,1.141893,0.810833,وَٱرَّئِيسُ
