conf,end,start,word
1.0,0.810042,0.0,ٱلْحُوثِيُّ
0.610046,0.96081,0.810042,عَنْ
