conf,end,start,word
0.683624,0.42,0.03,مِلِيشِيَا
0.998277,0.781316,0.42,ٱلْحُوثِيِّ
0.891038,1.139072,0.781316,وَقُوَّاتُ
