conf,end,start,word
0.839931,0.357841,0.034541,جَمَاعَةُ
0.999091,0.750744,0.357841,ٱلْحُوثِيِّ
0.943314,1.058282,0.750744,مُحَمَّدْ
0.439549,1.17,1.058282,مُرْسِي
