conf,end,start,word
0.698899,0.389685,0.03,لِحْيَةُ
0.9861,0.780696,0.389685,ٱلْحُوثِيِّ
0.66041,1.131117,0.780696,وَقُوَّاتُ
