conf,end,start,word
0.728668,0.362047,0.0,أَعْطَوُ
0.98772,0.815852,0.362047,ٱلْحُوثِيَّ
