conf,end,start,word
1.0,0.810022,0.0,ٱلْحُوثِيُّ
0.996094,0.991537,0.810022,فِي
0.232504,1.17,0.991537,صَنْعَاءَ
