conf,end,start,word
0.986881,0.36,0.030124,جَمَاعَةُ
1.0,0.780194,0.36,ٱلْحُوثِيِّ
0.954742,1.045546,0.780194,مُحَمَّدْ
0.574356,1.17,1.05,مُرْسِي
