conf,end,start,word
0.991108,0.36,0.03,مِيلِيشِيَاتُ
0.993819,0.781942,0.36,ٱلْحُوثِيِّ
0.80096,1.100915,0.781942,وَقُوَّاتُ
