conf,end,start,word
0.661313,0.385668,0.03,وَفْدُ
0.998812,0.78,0.385668,ٱلْحُوثِيِّ
0.94253,1.160975,0.78,صَالِحٌ
