conf,end,start,word
0.949248,0.389822,0.041778,جَمَاعَةُ
1.0,0.75001,0.389822,ٱلْحُوثِيِّ
0.998318,0.84,0.75001,فِي
0.998318,1.077499,0.84,ٱلْيَمَنِ
