conf,end,start,word
0.581771,0.351585,0.0,ٱسِّلَاحُ
0.977481,0.78,0.351585,ٱلْحُوثِيُّ
0.882968,1.054025,0.78,وَقُوَّاتُ
0.569583,1.17,1.054025,صَالِحٍ
