conf,end,start,word
0.944206,0.39,0.03,مِيلِيشِيَا
1.0,0.78,0.39,ٱلْحُوثِيِّ
0.995255,0.993677,0.784142,قَدْ
