conf,end,start,word
0.942433,0.36,0.030753,جَمَاعَةُ
1.0,0.750024,0.36,ٱلْحُوثِيِّ
0.983379,1.040867,0.750024,مُحَمَّدْ
0.609627,1.17,1.05,مُرْسِي
