conf,end,start,word
0.708287,0.39,0.03,مِلِيشِيَا
1.0,0.78,0.39,ٱلْحُوثِيِّ
0.874719,1.050973,0.78,وَقُوَّاتُ
0.691134,1.17,1.050973,صَالِحٍ
