conf,end,start,word
0.735293,0.42,0.03,مِلِيشِيَا
1.0,0.750228,0.42,ٱلْحُوثِيِّ
0.976785,1.089974,0.750228,وَقُوَّاتُ
