conf,end,start,word
0.833663,0.359904,0.03,جَمَاعَةُ
1.0,0.720072,0.359904,ٱلْحُوثِيِّ
0.84198,1.004575,0.720072,يَحْيَى
