conf,end,start,word
0.550937,0.42,0.03,مِيلِيشِيَا
1.0,0.750339,0.42,ٱلْحُوثِيِّ
0.972112,1.022052,0.750339,وَقُوَّاتُ
0.79892,1.14,1.022052,صَالِحٍ
