conf,end,start,word
0.387818,0.386387,0.03,صَلَاحِيَّةُ
0.998877,0.780162,0.386387,ٱلْحُوثِيِّ
0.981244,0.87,0.780162,فِي
0.196237,1.17,0.87,ٱلِٱشْتِبَاكِ
