conf,end,start,word
0.552888,0.406006,0.03,لِرُوسِيَا
0.998541,0.78,0.406006,ٱلْحُوثِيِّ
0.826428,1.059176,0.78,وَقُوَّاتُ
0.348816,1.17,1.059176,صَالِحٍ
