conf,end,start,word
0.766363,0.36,0.03,جَمَاعَةُ
1.0,0.75,0.36,ٱلْحُوثِيِّ
0.636684,1.046838,0.75,تُجَاهَ
0.503074,1.17,1.05,مِصْرَ
