conf,end,start,word
0.217333,0.391162,0.03,حِيَالَ
0.524234,0.81,0.391162,ٱلْحُوثِيِّ
