conf,end,start,word
0.763313,0.42,0.03,مِيلِيشِيَا
1.0,0.750162,0.42,ٱلْحُوثِيِّ
0.970172,1.088213,0.750162,وَقُوَّاتُ
