conf,end,start,word
0.516642,0.39,0.03,مِلِيشِيَا
1.0,0.78,0.39,ٱلْحُوثِيِّ
0.957507,1.053809,0.78,وَقُوَّاتُ
0.63901,1.17,1.053809,صَالِحٍ
