conf,end,start,word
0.996727,0.42,0.03,خِطَابُ
1.0,0.780148,0.42,ٱلْحُوثِيِّ
0.985155,0.96,0.780148,هُوَ
