conf,end,start,word
0.964942,0.810493,0.151299,ٱلْحُوثِيُّ
0.80785,1.06551,0.84,بَعْدَ
