conf,end,start,word
0.968192,0.42,0.03,مِيلِيشِيَا
1.0,0.75,0.42,ٱلْحُوثِيِّ
0.911822,0.87408,0.75,فِي
0.683381,1.098501,0.87408,كُلِّ
