conf,end,start,word
0.628251,0.42,0.03,مِيلِيشِيَا
1.0,0.755239,0.42,ٱلْحُوثِيِّ
0.672439,1.147136,0.755239,وَقُوَّاتُ
