conf,end,start,word
0.963506,0.386438,0.03,مُسَلَّحُو
0.992898,0.81,0.386438,ٱلْحُوثِيِّ
0.988936,1.053703,0.81,وَقُوَّاتُ
0.812528,1.17,1.053703,صَالِحٍ
