conf,end,start,word
0.708921,0.388547,0.03,مِلِيشِيَا
1.0,0.75,0.388547,ٱلْحُوثِيِّ
0.778249,1.064728,0.75,وَقُوَّاتُ
