conf,end,start,word
0.761489,0.782176,0.127232,ٱلْحُوثِيُّ
0.647,1.166004,0.782176,وَٱرَّئِيسُ
