conf,end,start,word
0.595009,0.311232,0.06,جَمَاعَةُ
0.997655,0.81,0.311232,ٱلْحُوثِيِّ
