conf,end,start,word
0.971342,0.418418,0.03,مُسَلَّحُو
0.996869,0.749964,0.418418,ٱلْحُوثِيِّ
0.653365,1.17,0.749964,ٱنْسَحَبُوا
