conf,end,start,word
0.997527,0.419461,0.03,مُسَلَّحُو
1.0,0.78,0.419461,ٱلْحُوثِيِّ
0.997968,1.055345,0.78,وَقُوَّاتُ
0.718816,1.17,1.055345,صَالِحٍ
