conf,end,start,word
0.945707,0.809263,0.144603,ٱلْحُوثِيُّ
0.367253,1.169418,0.81,مُسْتَشَارٌ
