conf,end,start,word
0.577169,0.389802,0.038664,وَفْدُ
0.998963,0.808997,0.389802,ٱلْحُوثِيِّ
0.938979,1.167323,0.81,صَالِحٌ
