conf,end,start,word
0.665361,0.42,0.03,مِيلِيشِيَا
1.0,0.783356,0.42,ٱلْحُوثِيِّ
0.527604,1.130404,0.783356,وَقُوَّاتُ
