conf,end,start,word
0.923079,0.36,0.03,جَمَاعَةُ
1.0,0.810161,0.36,ٱلْحُوثِيِّ
0.613642,1.165905,0.810161,أَفْرَجَ
