conf,end,start,word
0.773717,0.389619,0.03,جَمَاعَةُ
0.994357,0.75,0.389619,ٱلْحُوثِيِّ
