conf,end,start,word
0.937703,0.84,0.092691,ٱلْحُوثِيُّ
0.245524,1.073027,0.84,مَهْدٌ
