conf,end,start,word
0.370673,0.293212,0.03,عَادَتِ
0.813253,0.796166,0.293212,ٱلْحُوثِيُّ
