conf,end,start,word
0.954371,0.39,0.03,مِيلِيشِيَا
1.0,0.75,0.39,ٱلْحُوثِيِّ
0.989747,0.95965,0.75,عَلَى
0.352795,1.17,0.96,حَيٍّ
