conf,end,start,word
0.578301,0.42,0.03,مِلِيشِيَا
1.0,0.750067,0.42,ٱلْحُوثِيِّ
0.995897,1.139557,0.750067,وَصَالِحٍ
