conf,end,start,word
0.98743,0.358096,0.03,جَمَاعَةُ
1.0,0.81,0.358096,ٱلْحُوثِيِّ
0.907015,0.980242,0.81,إِلَى
0.254406,1.169529,0.989764,صَنْعَاءَ
