conf,end,start,word
0.764117,0.42,0.0,ٱلْوَفْدُ
0.997826,0.750574,0.42,ٱلْحُوثِيُّ
0.946341,1.021244,0.750574,وَٱرَّئِيسُ
0.335185,1.17,1.021244,مُرْسِي
