conf,end,start,word
0.960163,0.269887,0.03,وَزِيرُ
1.0,0.844564,0.269887,ٱلْخَارِجِيَّةِ
0.171306,1.169544,0.9,لَافْرُوفْ
