conf,end,start,word
0.957467,0.360164,0.037837,وَزِيرُ
0.990448,0.75,0.360164,ٱلْخَارِجِيَّةِ
0.695195,1.090249,0.75,ٱتُّونِسِيِّ
