conf,end,start,word
0.854512,0.300354,0.03,وَزِيرُ
0.984254,0.78,0.300354,ٱلْخَارِجِيَّةِ
0.150292,1.050944,0.78,ٱشَّيْخُ
