conf,end,start,word
0.990047,0.331317,0.03,وَزِيرُ
0.930799,0.8401,0.331317,ٱلْخَارِجِيَّةِ
0.860865,1.17,0.8401,ٱلُّبْنَانِيِّ
