conf,end,start,word
1.0,0.357315,0.03,وَزِيرُ
0.888624,0.835839,0.39,خَارِجِيَّةِ
0.79252,1.138142,0.84,تُرْكِيَا
