conf,end,start,word
0.653508,0.273485,0.0,ٱشُّؤُونِ
0.999825,0.87,0.273485,ٱلْخَارِجِيَّةِ
0.508112,1.060193,0.87,أَمْ
