conf,end,start,word
0.979767,0.299507,0.03,وَزِيرُ
1.0,0.870126,0.299507,ٱلْخَارِجِيَّةِ
0.751585,1.168166,0.870126,ٱلْقَطَرِيِّ
