conf,end,start,word
0.975776,0.839775,0.274645,ٱلْخَارِجِيَّةُ
0.646736,0.985382,0.839939,ٱلَّتِي
0.164306,1.169145,0.99,حَصَلَتْ
