conf,end,start,word
0.951652,0.266993,0.0,ٱشُّؤُونِ
1.0,0.84,0.266993,ٱلْخَارِجِيَّةِ
0.934344,0.979553,0.84,فِي
0.186622,1.139833,0.99,مَجْلِسِ
