conf,end,start,word
0.909273,0.33,0.0,ٱلْعَلَاقَاتِ
1.0,0.810265,0.332315,ٱلْخَارِجِيَّةِ
0.956799,0.934794,0.810265,فِي
0.406338,1.13981,0.934794,مَجْلِسِ
