conf,end,start,word
0.897587,0.873696,0.0,ٱلْخَارِجِيَّةُ
0.526271,1.052226,0.873696,تَلْ
0.453058,1.17,1.052226,أَبِيبَ
