conf,end,start,word
0.995181,0.330336,0.03,وَزِيرُ
0.982273,0.839742,0.330336,ٱلْخَارِجِيَّةِ
0.636721,1.14,0.840397,ٱلْكُوَيْتِ
