conf,end,start,word
0.980923,0.329188,0.000505,ٱسِّيَاسَةِ
1.0,0.81,0.329188,ٱلْخَارِجِيَّةِ
0.998339,0.9,0.81,فِي
0.998339,1.17,0.9,ٱلِٱتِّحَادِ
