conf,end,start,word
1.0,0.307473,0.03,وَزِيرُ
0.621179,0.840096,0.307473,ٱلْخَارِجِيَّةِ
0.562383,1.14,0.840096,ٱلْيَمَنِيِّ
