conf,end,start,word
0.831464,0.300068,0.03,وَزِيرُ
0.998103,0.84,0.302399,ٱلْخَارِجِيَّةِ
0.561013,1.079108,0.84,مَايْكِلْ
