conf,end,start,word
0.720923,0.25376,0.03,وَزِيرُ
0.970126,0.87,0.25376,ٱلْخَارِجِيَّةِ
0.559311,1.139655,0.87,ٱرُّوسِيِّ
