conf,end,start,word
1.0,0.360067,0.031076,وَزِيرُ
0.995993,0.78,0.360067,ٱلْخَارِجِيَّةِ
0.717044,1.079508,0.78,ٱسُّعُودِيِّ
