conf,end,start,word
0.961469,0.330069,0.03,وَزِيرُ
0.996563,0.84,0.331048,ٱلْخَارِجِيَّةِ
0.744697,1.134312,0.84,وَلِيدْ
