conf,end,start,word
0.905615,0.393443,0.03,فَرِيقُ
0.483019,0.749747,0.42,ٱدِّفَاعِ
0.297389,1.079361,0.767323,تْرَامْبْ
