conf,end,start,word
0.662321,0.382893,0.27,فِي
0.99712,0.75,0.382893,ٱدِّفَاعِ
1.0,0.865553,0.75,عَنْ
0.577536,1.137593,0.87,نَفْسِهَا
