conf,end,start,word
0.842884,0.311301,0.03,لَجْنَةُ
1.0,0.81,0.311301,ٱدِّفَاعِ
0.99672,0.93,0.81,فِي
0.833419,1.17,0.93,ٱلْبَرْلَمَانِ
