conf,end,start,word
1.0,0.360019,0.03,وَزِيرُ
0.998826,0.769638,0.360019,ٱدِّفَاعِ
0.446314,1.17,0.96,ٱلْفَرَنْسِيِّ
