conf,end,start,word
1.0,0.36,0.03,وَزِيرُ
1.0,0.75004,0.36,ٱدِّفَاعِ
0.995242,0.899783,0.75004,فِي
0.915395,1.17,0.9,حُكُومَةِ
