conf,end,start,word
0.99519,0.38915,0.03,مَنْظُومَةُ
0.99671,0.78,0.38915,ٱدِّفَاعِ
0.992333,1.114844,0.78,ٱلْجَوِّيِّ
