conf,end,start,word
1.0,0.33,0.03,وِزَارَةُ
1.0,0.810321,0.33,ٱدِّفَاعِ
0.960787,0.990227,0.810321,مَعَ
0.497756,1.17,0.990227,إِيرَانَ
