conf,end,start,word
0.992912,0.39,0.030144,وَزِيرُ
1.0,0.754561,0.39,ٱدِّفَاعِ
0.189781,1.076785,0.754561,ٱلْمَالِكِيِّ
