conf,end,start,word
0.628894,0.331797,0.03,قُوَّاتُ
1.0,0.78,0.331797,ٱدِّفَاعِ
0.995069,1.098284,0.78,ٱلْجَوِّيِّ
