conf,end,start,word
0.562417,0.320654,0.032704,مِنَ
1.0,0.840625,0.320654,ٱدِّفَاعِ
0.948935,1.17,0.840625,ٱلْمَدَنِيِّ
