conf,end,start,word
0.990499,0.36,0.03,وِزَارَةُ
1.0,0.720866,0.36,ٱدِّفَاعِ
0.67732,1.074574,0.721848,تُرْكِيَا
