conf,end,start,word
0.998143,0.359706,0.030914,هَيْئَةُ
1.0,0.779684,0.359706,ٱدِّفَاعِ
0.990512,0.93,0.78,عَنِ
0.25615,1.17,0.93,ٱلْمَدِينَةِ
