conf,end,start,word
0.552186,0.27,0.03,حَقُّ
0.998318,0.78,0.337037,ٱدِّفَاعِ
1.0,0.93,0.78,عَنِ
1.0,1.17,0.93,ٱنَّفْسِ
