conf,end,start,word
0.696561,0.342749,0.03,وِزَارَةُ
0.996375,0.783566,0.342749,ٱدِّفَاعِ
0.222734,1.14,0.783566,وَٱدَّاخِلِيَّةِ
