conf,end,start,word
0.780882,0.365569,0.03,وَكَانَ
0.660888,0.780109,0.365569,ٱدِّفَاعُ
0.549992,0.95449,0.780109,ٱلْمَدَنِيُّ
0.24659,1.17,0.95449,ٱلْمَدَنِيِّينَ
