conf,end,start,word
0.947398,0.39,0.03,وَكَانَ
0.996712,0.72,0.390502,ٱدِّفَاعُ
0.99239,1.040057,0.72,ٱلْمَدَنِيُّ
