conf,end,start,word
0.992822,0.299736,0.03,عَلَى
0.99585,0.84,0.299736,ٱدِّفَاعِ
1.0,0.989841,0.84,عَنْ
0.717751,1.17,0.99,مِصْرَ
