conf,end,start,word
0.9908,0.36,0.03,وَزِيرُ
0.996749,0.752173,0.360554,ٱدِّفَاعِ
0.828753,1.108584,0.752173,ٱسُّعُودِيِّ
