conf,end,start,word
0.857525,0.418461,0.21,هُوَ
0.988183,0.747691,0.418461,ٱدِّفَاعُ
0.920888,1.163926,0.75,ٱلْمَدَنِيُّ
