conf,end,start,word
1.0,0.33,0.03,وَزِيرُ
1.0,0.837344,0.33,ٱدِّفَاعِ
0.702723,1.052875,0.84,مُحَمَّدْ
0.433379,1.17,1.052875,نَاصِرْ
