conf,end,start,word
0.780182,0.414931,0.187039,مِنَ
1.0,0.78,0.414931,ٱدِّفَاعِ
1.0,1.168666,0.78,ٱلْمَدَنِيِّ
