conf,end,start,word
1.0,0.360044,0.03,وَزِيرُ
0.997188,0.721019,0.360044,ٱدِّفَاعِ
0.863431,0.84,0.721019,فِي
0.717839,1.169129,0.84,حُكُومَةِ
