conf,end,start,word
0.921394,0.385345,0.03,عَنِ
1.0,0.75,0.385345,ٱدِّفَاعِ
0.982023,1.091147,0.75,ٱلْمَدَنِيِّ
