conf,end,start,word
0.775281,0.390318,0.0,أُسْبُوعُ
0.950605,0.781754,0.394937,ٱدِّفَاعِ
0.179668,1.17,0.781754,ٱلْمَقْدِسِيِّ
