conf,end,start,word
0.999499,0.33,0.03,وِزَارَةُ
1.0,0.780589,0.33,ٱدِّفَاعِ
0.866529,0.932579,0.780589,عَنِ
0.138031,1.108326,0.932579,ٱنَّفْسِ
