conf,end,start,word
1.0,0.84,0.002664,ٱدِّفَاعُ
1.0,0.992085,0.84,عَنِ
0.842221,1.17,0.992085,ٱنَّفْسِ
