conf,end,start,word
0.509498,0.301445,0.03,بِمَا
0.999156,0.84,0.301445,ٱدَّوْلَةُ
0.185721,1.17,0.87,تَضْعُفُ
