conf,end,start,word
0.479996,0.42,0.03,لِتَنْظِيمِ
1.0,0.75,0.42,ٱدَّوْلَةِ
0.794939,1.022432,0.75,دَاخِلَ
0.406945,1.17,1.022432,سُورِيَا
