conf,end,start,word
0.998241,0.359969,0.03,وَزِيرُ
0.983224,0.72,0.359969,ٱدَّوْلَةِ
0.886682,0.847492,0.72,فِي
0.370237,1.16033,0.847492,ٱلْحُكْمِ
