conf,end,start,word
0.976707,0.81,0.032418,ٱدَّوْلَةُ
0.930892,1.021553,0.81,هُوَ
