conf,end,start,word
0.954376,0.42,0.03,تَنْظِيمُ
1.0,0.720662,0.42,ٱدَّوْلَةِ
0.906272,1.057988,0.720662,يُسَيْطِرُ
0.305761,1.168094,1.078094,عَلَى
