conf,end,start,word
1.0,0.42,0.06,تَنْظِيمُ
1.0,0.750016,0.42,ٱدَّوْلَةِ
0.93832,0.872069,0.750016,مَا
0.376835,1.05544,0.9,زَالَ
