conf,end,start,word
0.815249,0.3601,0.03,تَنْظِيمُ
0.995156,0.78,0.3601,ٱدَّوْلَةِ
0.815813,0.996694,0.78,أَوْ
