conf,end,start,word
0.989879,0.42,0.03,تَنْظِيمُ
1.0,0.720421,0.42,ٱدَّوْلَةِ
0.920512,1.024336,0.720421,يُسَيْطِرُ
0.529934,1.17,1.024336,عَلَيْهَا
