conf,end,start,word
0.955488,0.36,0.03,تَنْظِيمُ
0.971955,0.72,0.36,ٱدَّوْلَةِ
0.423129,1.090799,0.72,أَعْلَنَ
