conf,end,start,word
0.998833,0.390004,0.03,وَزِيرُ
0.999764,0.75,0.390004,ٱدَّوْلَةِ
0.171046,1.137762,0.75,لِصِّحَّةِ
