conf,end,start,word
0.99769,0.749989,0.151459,ٱدَّوْلَةُ
0.997531,1.162774,0.749989,ٱلْأُخْرَى
