conf,end,start,word
1.0,0.360307,0.03,وَزِيرُ
0.990536,0.75,0.360307,ٱدَّوْلَةِ
0.28975,1.100721,0.75,ٱلْإِمَارَاتِ
