conf,end,start,word
1.0,0.39,0.03,تَنْظِيمُ
1.0,0.75,0.39,ٱدَّوْلَةِ
0.988742,0.87356,0.75,فِي
0.796333,1.1687,0.87356,مِنْطَقَةِ
