conf,end,start,word
0.997067,0.330017,0.09,عَلَى
0.999101,0.763069,0.330017,ٱدَّوْلَةِ
0.404952,1.17,0.78,وَٱلْقَانُونِ
