conf,end,start,word
0.995516,0.36,0.03,تَنْظِيمُ
1.0,0.791766,0.36,ٱدَّوْلَةِ
0.421614,1.169592,0.81,شَنَّتْ
