conf,end,start,word
1.0,0.42,0.03,نُفُوذُ
0.96115,0.749944,0.42,ٱدَّوْلَةِ
0.910224,0.993056,0.749944,عَلَى
0.536355,1.168337,0.993056,كُلِّ
