conf,end,start,word
0.999273,0.42,0.030148,تَنْظِيمُ
1.0,0.75,0.42,ٱدَّوْلَةِ
0.879503,0.87,0.75,فِي
0.515131,1.159528,0.87,نَاحِيَةِ
