conf,end,start,word
0.549811,0.420249,0.0,أَشَارَتِ
0.944763,0.719963,0.420249,ٱدَّوْلَةُ
0.743839,1.092576,0.719963,ٱسَّابِقَةُ
