conf,end,start,word
0.566447,0.419501,0.000942,أَمْنِ
0.997311,0.75,0.419501,ٱدَّوْلَةِ
1.0,1.17,0.75,ٱلْأُرْدُنِيَّةِ
