conf,end,start,word
0.623493,0.419961,0.044732,تُؤَمِّنُ
0.998346,0.75,0.42,ٱدَّوْلَةُ
0.513744,1.053908,0.75,ٱلْعُلْيَا
