conf,end,start,word
0.999443,0.39,0.03,تَنْظِيمُ
1.0,0.783081,0.39,ٱدَّوْلَةِ
0.597537,1.123731,0.783081,خِلَالَ
