conf,end,start,word
0.706611,0.325853,0.0,ٱلْأَمْنِ
1.0,0.780031,0.325853,ٱدَّوْلِيِّ
0.147987,1.11,0.780031,وَلِلْأَسَفِ
