conf,end,start,word
1.0,0.420147,0.03,تَنْظِيمُ
0.989318,0.75,0.420147,ٱدَّوْلَةِ
0.658594,0.992748,0.75,جَنُوبَ
0.372224,1.17,0.992748,ٱلْبِلَادِ
