conf,end,start,word
0.61848,0.33,0.000671,أَنَّ
0.898409,0.810215,0.36,ٱدَّوْلِيَّ
0.198457,1.17,0.810215,بِٱنْتِقَادَاتٍ
