conf,end,start,word
0.985828,0.299989,0.0,ٱلْأَمْنُ
1.0,0.837598,0.299989,ٱدَّوْلِيُّ
0.855371,1.094019,0.84,ٱلْيَوْمَ
