conf,end,start,word
0.99473,0.39,0.0,ٱلْمَبْعُوثُ
0.99473,0.78,0.39,ٱدَّوْلِيُّ
0.76808,1.021585,0.87,إِلَى
0.62069,1.17,1.021585,سُورِيَا
