conf,end,start,word
0.629272,0.359776,0.0,ٱطَّرِيقُ
0.790613,0.81,0.359776,ٱدَّوْلِيُّ
0.281552,1.14,0.81,ٱرَّابِطُ
