conf,end,start,word
0.787486,0.384158,0.074358,ٱلْأَمْنُ
0.999793,0.75,0.384158,ٱدَّوْلِيُّ
0.929382,0.93,0.75,قَدْ
