conf,end,start,word
0.373464,0.382193,0.03,تُرْكُ
0.802048,0.75,0.382193,ٱدَّوْلِيُّ
0.99978,0.840025,0.750227,فِي
0.923028,1.14,0.840025,ٱسْطَنْبُولَ
