conf,end,start,word
0.84986,0.390433,0.0,ٱسْطَنْبُولَ
0.744621,0.75,0.391446,ٱدَّوْلِيُّ
0.999383,0.9,0.750038,فِي
0.971083,1.14,0.9,تُرْكِيَا
