conf,end,start,word
0.753317,0.294622,0.0,ٱلْأَمْنِ
0.81273,0.868548,0.294622,ٱدَّوْلِيَّةِ
0.503515,1.14,0.87,دِيَانَةٌ
