conf,end,start,word
0.806774,0.42,0.03,مَبْعُوثٌ
0.805868,0.75,0.45,دَوْلِيٌّ
0.439938,1.018124,0.75,وَإِلَى
