conf,end,start,word
0.819923,0.45,0.0,ٱتَّحَالُفُ
0.819923,0.96,0.45,ٱدَّوْلِيُّ
0.885106,1.165717,0.961071,ضِدَّ
