conf,end,start,word
0.830467,0.357802,0.03026,عَدَنُ
0.993918,0.78,0.357802,ٱدَّوْلِيُّ
