conf,end,start,word
0.988231,0.81,0.004224,ٱدَّوْلِيُّ
0.612234,1.047061,0.81,وَإِلَى
0.457771,1.17,1.05,آخِرِهِ
