conf,end,start,word
0.794764,0.419686,0.0,ٱسْتَمَرَّتْ
0.852992,0.816745,0.419956,دَوْلِيٌّ
