conf,end,start,word
0.997547,0.36,0.0,ٱلْأَمْنُ
0.995966,0.71962,0.360074,ٱدَّوْلِيُّ
0.992513,0.962009,0.72,ٱلْيَوْمَ
