conf,end,start,word
0.992426,0.84,0.040122,ٱدَّوْلِيُّ
0.886745,1.009042,0.87,مِنْ
0.467731,1.17,1.02,خِلَالِ
