conf,end,start,word
0.857531,0.39,0.0,ٱلْمَبْعُوثُ
0.857531,0.75,0.39,ٱدَّوْلِيُّ
0.774512,0.960314,0.78,إِلَى
0.849807,1.17,0.960314,سُورِيَا
