conf,end,start,word
0.918712,0.389967,0.0,ٱلْأَمْنِيُّ
0.568007,0.720592,0.39,دَوْلِيٌّ
0.270777,1.14,0.731837,ٱجْتِمَاعِيًّا
