conf,end,start,word
0.998089,0.359695,0.0,ٱتَّحَالُفُ
1.0,0.81,0.359695,ٱدَّوْلِيُّ
0.99155,0.992058,0.81,ضِدَّ
0.640498,1.169672,0.992058,دَاعِشْ
