conf,end,start,word
0.402167,0.715293,0.31105,ٱدَّوْلِيَّةُ
0.696955,1.074324,0.715293,ٱطَّلَبَةُ
