conf,end,start,word
1.0,0.420031,0.0,ٱلْأَمْنِ
0.993349,0.753466,0.420031,ٱدَّوْلِيِّ
0.675207,1.018572,0.753466,ٱرَّئِيسُ
0.417184,1.14,1.02,مُرْسِي
