conf,end,start,word
0.528114,0.327684,0.03,طَرِيقٌ
0.954106,0.839902,0.327684,دَوْلِيٌّ
