conf,end,start,word
0.965443,0.360077,0.0,ٱلْأَمْنِ
0.994647,0.75,0.360905,ٱدَّوْلِيِّ
0.851478,0.992876,0.75,بِحَقِّ
0.26051,1.17,0.992876,ٱسَّمَاءِ
