conf,end,start,word
0.600838,0.348222,0.03,وَسَبْعٌ
0.319015,0.78,0.348222,دَوْلِيٌّ
