conf,end,start,word
0.820002,0.359979,0.0,ٱطَّرِيقُ
0.981171,0.81,0.359979,ٱدَّوْلِيُّ
0.934959,1.031617,0.84,بَيْنَ
