conf,end,start,word
0.890398,0.316655,0.03,بَغْدَادَ
0.998763,0.78,0.316655,ٱدَّوْلِيُّ
0.994063,0.962878,0.78,بَعْدَ
0.31045,1.14,0.962878,ٱثَّوْرَةِ
