conf,end,start,word
0.997637,0.39,0.0,ٱتَّحَالُفُ
0.997637,0.78,0.39,ٱدَّوْلِيُّ
1.0,0.990615,0.81,ضِدَّ
0.605945,1.17,0.990615,دَاعِشْ
