conf,end,start,word
0.8151,0.81,0.334728,ٱدَّوْلِيُّ
0.768292,1.026011,0.81,حَتَّى
0.390324,1.139355,1.026011,ٱلْآنَ
