conf,end,start,word
0.420258,0.420323,0.03,مُقَرِّرٌ
0.975673,0.75,0.420323,دَوْلِيٌّ
0.98962,1.14,0.75,خَاصٌّ
