conf,end,start,word
0.976498,0.419177,0.0,ٱلْأَمْنِ
1.0,0.718582,0.419177,ٱدَّوْلِيِّ
0.932542,0.81,0.72,مَا
0.983182,1.143048,0.81,يُعْرَفُ
