conf,end,start,word
0.846489,0.749768,0.191728,ٱدَّوْلِيُّ
0.578363,0.966139,0.749768,بَعْدَ
