conf,end,start,word
0.79818,0.39,0.0,ٱتَّحَالُفُ
0.947248,0.81,0.39,ٱدَّوْلِيُّ
0.953782,0.955316,0.81,عَنِ
0.243529,1.17,0.96,ٱنْتِهَاءِ
