conf,end,start,word
0.792088,0.450144,0.03,مَدَنِيَّةٌ
0.775174,0.749711,0.450144,دَوْلِيَّةٌ
0.267811,1.17,0.749711,ٱلْإِيكَاوْ
