conf,end,start,word
0.583308,0.809667,0.138429,ٱدَّوْلِيُّ
0.376032,1.048667,0.81,ٱسَّيِّدُ
