conf,end,start,word
0.854959,0.42,0.0,ٱلْمُجْتَمَعُ
0.903272,0.753567,0.42,ٱدَّوْلِيُّ
0.699444,1.156562,0.753567,ٱدِّفَاعُ
