conf,end,start,word
1.0,0.42,0.0,ٱلْمُجْتَمَعِ
1.0,0.750006,0.42,ٱدَّوْلِيِّ
0.999582,1.023116,0.750006,لِدَعْمِ
0.297692,1.17,1.023116,ٱلْجَيْشِ
