conf,end,start,word
0.2893,0.396577,0.03,مَبْعُوثٌ
0.612223,0.78,0.396577,دَوْلِيٌّ
0.977143,1.14,0.78,لِلْيَمَنِ
