conf,end,start,word
1.0,0.36,0.0,ٱلْأَمْنِ
0.990733,0.749618,0.36,ٱدَّوْلِيِّ
0.800788,1.022831,0.750506,وِلَايَةٌ
0.334607,1.17,1.022831,ثَالِثَةٌ
