conf,end,start,word
0.809798,0.294501,0.03,صَنْعَاءَ
0.946561,0.81,0.294501,ٱدَّوْلِيُّ
