conf,end,start,word
1.0,0.39,0.0,ٱتَّحَالُفُ
1.0,0.780052,0.39,ٱدَّوْلِيُّ
0.993023,1.021872,0.81,ضِدَّ
0.724497,1.14,1.021872,دَاعِشْ
