conf,end,start,word
0.994541,0.39,0.0,ٱتَّحَالُفُ
0.994541,0.78,0.39,ٱدَّوْلِيُّ
0.999008,0.977425,0.81,ضِدَّ
0.32063,1.168667,0.98985,دَاعِشْ
