conf,end,start,word
0.668474,0.447803,0.03,بِوَسَطٍ
0.917625,0.81,0.473763,دَوْلِيَّةٍ
0.90806,0.989786,0.81,إِلَى
0.328726,1.17,0.99,ٱلْيَمَنِ
