conf,end,start,word
0.992832,0.29949,0.0,ٱلْمَبْعُوثُ
0.997412,0.809486,0.29949,ٱدَّوْلِيُّ
0.980337,1.02,0.81,إِلَى
0.938662,1.17,1.02,لِيبْيَا
