conf,end,start,word
0.999177,0.81,0.004582,ٱدَّوْلِيُّ
0.795199,1.118229,0.81,دُونَ
