conf,end,start,word
0.984626,0.36,0.0,أَحْمَرُ
0.97566,0.936746,0.630878,لِيبِيٌّ
