conf,end,start,word
0.992145,0.359966,0.0,ٱلْمَبْعُوثُ
1.0,0.809885,0.359966,ٱدَّوْلِيُّ
0.943757,1.019178,0.81,إِلَى
0.436879,1.17,1.02,سُورِيَا
