conf,end,start,word
0.650588,0.39,0.0,ٱلْمَبْعُوثُ
0.650588,0.78,0.39,ٱدَّوْلِيُّ
0.961993,0.93,0.78,إِلَى
0.870307,1.100955,0.93,ٱلْيَمَنِ
