conf,end,start,word
0.899435,0.83996,0.36,دَوْلِيٌّ
0.150817,1.138918,0.84,جَلْسَةٌ
