conf,end,start,word
0.235887,0.450358,0.0,ٱلْوَاصِلُ
0.780379,0.78,0.480594,دَوْلِيٌّ
0.969627,1.139847,0.78645,سْتِيفِنْ
