conf,end,start,word
0.993989,0.42,0.0,ٱلْأَمْنُ
1.0,0.750185,0.42,ٱدَّوْلِيُّ
0.376873,1.147381,0.750185,يُقِرُّ
