conf,end,start,word
0.808193,0.416975,0.0,ٱتَّحَالُفُ
0.81923,0.78,0.416975,ٱدَّوْلِيُّ
0.899325,1.019228,0.78,جُونْ
0.505272,1.14,1.02,كِيرِي
