conf,end,start,word
0.56069,0.300395,0.03,فُنُونٌ
0.822619,0.84,0.300395,دَوْلِيٌّ
