conf,end,start,word
0.745177,0.84,0.039098,ٱدَّوْلِيُّ
0.423423,1.113878,0.99,شُكْرًا
0.335653,1.17,1.113878,لَكَ
