conf,end,start,word
0.867952,0.33,0.0,ٱلْمَبْعُوثُ
0.867952,0.783696,0.33,ٱدَّوْلِيُّ
0.481884,1.11,0.783696,وَسَطَ
