conf,end,start,word
0.565805,0.332077,0.0,ٱلْبَنْكُ
0.903056,0.78,0.332077,ٱدَّوْلِيُّ
0.967119,1.031321,0.780718,بَيْنَ
