conf,end,start,word
1.0,0.42,0.0,ٱتَّحَالُفُ
1.0,0.779887,0.42,ٱدَّوْلِيُّ
0.986035,0.974411,0.81,ضِدَّ
0.359438,1.166092,0.988854,دَاعِشْ
