conf,end,start,word
0.808671,0.867716,0.27,ٱدَّوْلِيُّ
0.249654,1.139043,0.869961,جَلْسَةٌ
