conf,end,start,word
0.955768,0.35969,0.0,ٱلْأَمْنِ
0.605153,0.749708,0.35969,ٱدَّوْلِيِّ
0.984085,0.840157,0.75,فِي
0.832403,1.070143,0.840157,وَقْتٍ
