conf,end,start,word
0.998393,0.69,0.39,ٱلَّذِي
0.997093,1.008945,0.69,فَازَ
