conf,end,start,word
0.240069,0.497774,0.030977,تِجَارَةٍ
0.650964,0.69,0.497774,ٱلَّذِي
0.725038,1.14,0.69,ٱسْتَهْدَفَ
