conf,end,start,word
0.903188,0.329977,0.030334,عَدَنُ
0.996423,0.78,0.329977,ٱدَّوْلِيُّ
