conf,end,start,word
0.995136,0.749934,0.39,ٱلَّذِي
0.994584,1.041966,0.75,قَالَ
