conf,end,start,word
0.644734,0.45,0.0,ٱسِّيَاسِيَّةِ
0.668239,0.69,0.451221,ٱلَّذِي
1.0,0.96,0.69,أَشَارَ
0.647753,1.169088,0.96,إِلَيْهِ
