conf,end,start,word
0.879176,0.419995,0.03,هَانِي
0.999279,0.72,0.419995,ٱلَّذِي
0.964713,1.084566,0.72,دَعَا
