conf,end,start,word
0.561925,0.479518,0.0,ٱرَّجُلُ
0.918494,0.719646,0.479518,ٱلَّذِي
0.988977,1.109896,0.719646,يَصِلُ
