conf,end,start,word
0.958826,0.75,0.36,ٱلَّذِي
0.72458,1.046722,0.75,أَكَّدَ
0.220765,1.17,1.08,فِيهِ
