conf,end,start,word
0.96988,0.78,0.36,ٱلَّذِي
0.702648,1.100324,0.78,تَمَّ
