conf,end,start,word
0.721547,0.448878,0.0,ٱلْمُتَّحِدَةِ
0.844585,0.72,0.448878,ٱلَّذِي
0.524644,1.062633,0.720061,هَدَّدَ
