conf,end,start,word
0.991105,0.72,0.36,ٱلَّذِي
0.961734,0.945828,0.72,تَمَّ
