conf,end,start,word
0.827057,0.45,0.03,لِسْتَالِينَ
0.996069,0.690056,0.450533,ٱلَّذِي
0.907752,1.162749,0.690056,ٱسْتَقَالَ
