conf,end,start,word
0.966925,0.42,0.0,أَهْدَافٌ
0.971456,0.69,0.420074,ٱلَّذِي
0.855074,1.108029,0.69,تَعَرَّضَتْ
0.870688,1.169592,1.109592,لَهُ
