conf,end,start,word
0.352718,0.449987,0.03,سِيَادِيٌّ
0.911703,0.72,0.449987,ٱلَّذِي
0.929773,1.093335,0.72,تَدُورُ
