conf,end,start,word
0.987851,0.69,0.39,ٱلَّذِي
0.268599,1.169594,0.690221,طَوِيلًا
