conf,end,start,word
1.0,0.450039,0.0,أَعْظَمُ
0.988075,0.660157,0.450039,ٱلَّذِي
0.813448,1.078048,0.660157,يُقَدِّمُهُ
