conf,end,start,word
0.529883,0.359859,0.03,مُعْظَمُ
0.988219,0.750012,0.359859,ٱلَّذِي
0.800091,0.991924,0.750012,يَحْمِي
0.101372,1.17,0.991924,ٱلْمَكَانَ
