conf,end,start,word
0.530364,0.472578,0.03,يُونْيُو
0.963966,0.689934,0.472578,ٱلَّذِي
0.732478,0.990573,0.689934,يَحْمِلُ
0.405878,1.17,0.990573,ٱسِّلَاحَ
