conf,end,start,word
0.969761,0.39,0.03,حُكْمٌ
0.999248,0.75,0.391434,ٱلَّذِي
0.904914,1.018117,0.75,أَكَّدَ
