conf,end,start,word
0.998663,0.45,0.0,ٱلْفَسَادُ
0.9867,0.72,0.45,ٱلَّذِي
0.703621,0.968962,0.72,طَالَ
