conf,end,start,word
0.532003,0.450042,0.0,ٱلْأَوَّلُ
0.968416,0.72,0.456472,ٱلَّذِي
0.170316,1.137668,0.72,تُعَقِّدُهَا
