conf,end,start,word
1.0,0.701025,0.368339,ٱلَّذِي
0.992448,0.96229,0.72,أَجْرَى
0.577313,1.17,0.96229,ٱلِّقَاءَ
