conf,end,start,word
0.989659,0.69,0.39,ٱلَّذِي
0.985222,0.984418,0.69,قُتِلَ
0.70869,1.043042,0.984418,فِي
