conf,end,start,word
0.996957,0.4501,0.03,تُرْكِيَا
0.69866,0.72,0.4501,ٱلَّذِي
0.709969,0.96567,0.72,زَارَ
0.05953,1.14,0.96567,أُوبَامَا
