conf,end,start,word
0.574574,0.449917,0.0,ٱنَّشْرِ
0.999215,0.72,0.449917,ٱلَّذِي
0.939146,1.021896,0.72,أَمَرَ
