conf,end,start,word
0.788624,0.39,0.06,ضَمَّ
0.835504,0.720452,0.42,ٱلَّذِي
0.436737,1.117641,0.720452,يُقَدِّمُهُ
