conf,end,start,word
1.0,0.42,0.0,ٱلْقَرَارُ
0.998366,0.689947,0.450051,ٱلَّذِي
0.471703,1.044428,0.690112,يُعَدُّ
