conf,end,start,word
0.305196,0.473272,0.0,إِيطَالْيَا
0.986829,0.71994,0.473272,ٱلَّذِي
0.805379,1.168198,0.72,عُذِّبَ
