conf,end,start,word
0.996184,0.42,0.03,هَلِ
0.997992,0.719985,0.42,ٱلَّذِي
0.710731,1.046767,0.719985,وَصَلَ
0.647137,1.17,1.05,إِلَيْهِ
