conf,end,start,word
0.209395,0.503322,0.03,مَجَازًا
0.961905,0.717709,0.503322,ٱلَّذِي
0.891651,1.14,0.719091,تَضَمَّنَ
