conf,end,start,word
0.350402,0.411764,0.0,ٱتِّفَاقِي
0.962116,0.72,0.411764,ٱلَّذِي
0.171953,1.168108,0.720303,تَوَصَّلَ
