conf,end,start,word
0.865781,0.72,0.42,ٱلَّذِي
0.877041,0.932225,0.72,كَانَ
