conf,end,start,word
0.41705,0.506059,0.0,ٱلِٱسْتِيَاءُ
0.994999,0.689537,0.506059,ٱلَّذِي
0.972066,1.029664,0.689989,ٱسْتَهْدَفَ
