conf,end,start,word
0.923248,0.717891,0.421007,ٱلَّذِي
0.452385,1.000462,0.719192,تَقُولُ
