conf,end,start,word
0.455384,0.329549,0.03,مَارِسْ
1.0,0.81,0.329549,ٱلَّذِي
0.136775,1.162688,0.84,يَحْصُلُ
