conf,end,start,word
0.346453,0.36,0.03,قَطْرَةٌ
0.973989,0.780078,0.39,ٱلَّذِي
0.712547,1.14,0.780078,يَرْفُضُ
