conf,end,start,word
1.0,0.75,0.42,ٱلَّذِي
0.994484,1.050244,0.75,دَعَا
0.87905,1.17,1.050244,إِلَيْهِ
