conf,end,start,word
0.560887,0.357867,0.0,ٱلْبَيَانُ
0.999262,0.78,0.357867,ٱلَّذِي
