conf,end,start,word
0.836834,0.390004,0.0,ٱجْتِمَاعٌ
0.999237,0.690061,0.390004,ٱلَّذِي
0.994014,0.930652,0.690061,كَانَ
0.309521,1.14,0.930652,مَوْجُودًا
