conf,end,start,word
0.259655,0.418583,0.03,سَيِّدٌ
0.998545,0.75,0.418583,ٱلَّذِي
0.880329,1.169919,0.75,تَشْهَدُهُ
