conf,end,start,word
0.969985,0.72,0.42,ٱلَّذِي
0.937293,1.082877,0.72,تَتَعَرَّضُ
0.551483,1.14,1.082877,لَهُ
