conf,end,start,word
0.29917,0.38997,0.0,ٱلْحِصَارُ
0.988323,0.75,0.38997,ٱلَّذِي
0.635573,1.13936,0.75,تَفْرِضُهُ
