conf,end,start,word
0.840961,0.47995,0.03,تَجَمُّعَاتٌ
0.85291,0.66,0.48,ٱلَّذِي
0.895889,0.933918,0.664016,ضَمَّ
