conf,end,start,word
0.506703,0.42,0.0,ٱلْكَبِيرُ
0.996816,0.72,0.42,ٱلَّذِي
0.997489,0.986374,0.72,تَمَّ
