conf,end,start,word
0.663944,0.4781,0.0,ٱلْعَسْكَرِيُّ
0.946761,0.689282,0.4781,ٱلَّذِي
0.887539,1.087349,0.69,أُقِيمَ
