conf,end,start,word
0.540917,0.421674,0.03,تَفْجِيرٌ
0.925761,0.69,0.421674,ٱلَّذِي
0.995579,1.167843,0.69,ٱسْتَهْدَفَ
