conf,end,start,word
0.923862,0.69,0.454958,ٱلَّذِي
0.966683,1.139155,0.69,حَظِيَتْ
