conf,end,start,word
0.725846,0.45017,0.03,شَخْصِيٌّ
0.976254,0.690953,0.45017,ٱلَّذِي
0.397764,1.102432,0.690953,يُدْلِي
