conf,end,start,word
0.922712,0.72,0.272931,ٱلَّذِي
0.912295,1.139488,0.72,تَقُودُهُ
