conf,end,start,word
0.985274,0.74874,0.39,ٱلَّذِي
0.60279,1.08051,0.749773,أَعْلَنَتْ
0.381636,1.168919,1.08051,فِيهِ
