conf,end,start,word
0.767315,0.450011,0.0,ٱلْمَسَارُ
0.98157,0.69,0.450011,ٱلَّذِي
0.249818,1.168013,0.69,تَسْلُكُهُ
