conf,end,start,word
0.998944,0.750179,0.39,ٱلَّذِي
0.982115,0.961167,0.750179,لَمْ
