conf,end,start,word
0.631743,0.44504,0.03,تْرَامْبْ
0.997836,0.72,0.44504,ٱلَّذِي
0.998747,0.976792,0.72,كَانَ
