conf,end,start,word
0.562626,0.45,0.03,حَفْتَرٌ
0.999614,0.720002,0.45,ٱلَّذِي
0.631511,1.061087,0.720002,وَصَفَهُ
