conf,end,start,word
0.388814,0.42,0.03,صَارَ
1.0,0.75,0.420771,ٱلَّذِي
0.834915,1.034914,0.75,ضَرَبَ
