conf,end,start,word
0.977828,0.45,0.030472,تُونِسَ
1.0,0.72,0.45,ٱلَّذِي
0.523578,1.059581,0.72,يَجْمَعُ
