conf,end,start,word
0.996117,0.66,0.395911,ٱلَّذِي
0.999787,0.9,0.66,كَانَ
0.212333,1.17,0.9,مُتَوَقَّعًا
