conf,end,start,word
0.66477,0.479851,0.0,ٱلْأَمْنِيُّ
0.996104,0.69,0.479851,ٱلَّذِي
0.993418,1.134896,0.69,فَرَضَتْهُ
