conf,end,start,word
0.45558,0.42,0.03523,حِينَ
0.994244,0.75,0.42,ٱلَّذِي
0.830877,1.17,0.75,عَقَدَتْهُ
