conf,end,start,word
0.494301,0.42,0.03,صُعُودٌ
0.996388,0.720001,0.420122,ٱلَّذِي
0.94633,0.990332,0.720001,يَزُورُ
0.060879,1.14,0.990332,ٱلْبَلَدَ
