conf,end,start,word
0.799094,0.329605,0.03,وَحِينَ
0.999648,0.78,0.329605,ٱلَّذِي
0.184871,1.14,0.87,سَيَحْصُلُ
