conf,end,start,word
0.900725,0.749849,0.36,وَٱلَّذِي
0.94955,1.165853,0.749849,أَصْبَحَ
