conf,end,start,word
1.0,0.48,0.03,صَنْعَاءَ
0.988186,0.69,0.48,ٱلَّذِي
0.993589,1.049945,0.69,تُسَيْطِرُ
0.959728,1.17,1.049945,عَلَيْهِ
