conf,end,start,word
0.911003,0.419946,0.0,ٱلْجَدِيدُ
1.0,0.75,0.419946,ٱلَّذِي
0.795448,1.16781,0.75,فَرَضَتْهُ
