conf,end,start,word
0.928623,0.36,0.0,ٱدَّوْرُ
0.991252,0.72,0.36,ٱلَّذِي
0.914834,1.038576,0.72,قَالَ
0.198586,1.169706,1.038576,لَنَا
