conf,end,start,word
0.864369,0.42,0.0,ٱعْتِدَاءٌ
0.963271,0.689654,0.420887,ٱلَّذِي
0.983552,1.007873,0.689654,وَقَعَ
