conf,end,start,word
0.898263,0.45,0.0,ٱلْمَرْكَزُ
1.0,0.69,0.45,ٱلَّذِي
0.997783,0.930776,0.69,كَانَ
0.446587,1.169754,0.930776,مَوْجُودًا
