conf,end,start,word
0.897434,0.480061,0.0,ٱتَّفْجِيرُ
0.90522,0.655782,0.480061,ٱلَّذِي
0.829343,1.11,0.655782,ٱسْتَهْدَفَ
