conf,end,start,word
0.943792,0.42,0.0,ٱلْعُدْوَانُ
1.0,0.72,0.420162,ٱلَّذِي
0.893712,1.070826,0.72,قَامَتْ
0.776807,1.158691,1.072616,بِهِ
