conf,end,start,word
0.803589,0.721759,0.42,ٱلَّذِي
0.617153,1.154063,0.721759,يَتَّخِذُهُ
