conf,end,start,word
0.999115,0.45,0.0,ٱلِٱجْتِمَاعُ
1.0,0.69,0.450027,ٱلَّذِي
1.0,1.021912,0.69,عُقِدَ
0.883536,1.080977,1.021912,فِي
