conf,end,start,word
0.988777,0.39,0.03,شَامِلٌ
0.992029,0.690088,0.39,ٱلَّذِي
0.690715,1.117536,0.690088,يُعَارِضُ
