conf,end,start,word
0.203975,0.444792,0.0,ٱلْقَرَارَاتُ
0.74014,0.69,0.444792,ٱلَّتِي
0.969501,0.909086,0.69,تَمَّ
0.299086,1.17,0.909086,ٱتَّوْقِيعُ
