conf,end,start,word
0.969956,0.42,0.0,ٱدَّوْرُ
1.0,0.72,0.421739,ٱلَّذِي
0.981471,0.990435,0.72,قَالَ
