conf,end,start,word
0.996419,0.779376,0.36,ٱلَّذِي
0.912516,1.167818,0.78,قَدَّمَ
