conf,end,start,word
0.747021,0.42,0.0,أَرْدُوغَانُ
1.0,0.69,0.42,ٱلَّذِي
0.939461,0.99096,0.69,وَصَلَ
0.905905,1.140537,0.992756,إِلَيْهِ
