conf,end,start,word
0.999272,0.780069,0.36,ٱلَّذِي
0.628557,1.099654,0.780069,يَزِيدُ
