conf,end,start,word
0.999039,0.690769,0.36,ٱلَّذِي
0.947535,1.017887,0.690769,أَحَالَ
0.698299,1.169637,1.019818,مُرْسِي
