conf,end,start,word
0.985753,0.660009,0.39,ٱلَّذِي
0.541083,1.043512,0.660009,وَصَلْنَا
0.932385,1.17,1.043512,إِلَيْهِ
