conf,end,start,word
0.987427,0.72004,0.42,ٱلَّذِي
0.909999,1.044819,0.72004,يُطَالِبُ
0.097321,1.112667,1.052667,بِهِ
