conf,end,start,word
0.984057,0.807375,0.39,ٱلَّذِي
0.58261,1.13935,0.81,تُوُفِّيَ
