conf,end,start,word
0.976131,0.720956,0.45,ٱلَّذِي
0.206938,1.054669,0.720956,أُحِيلَ
