conf,end,start,word
0.630513,0.42,0.0,ٱلْوَفْدُ
0.997806,0.751047,0.42,ٱلَّذِي
0.715847,1.17,0.751047,يَتَرَأَّسُهُ
