conf,end,start,word
0.994487,0.749973,0.45,ٱلَّذِي
0.994457,1.013397,0.749973,يَبْلُغُ
