conf,end,start,word
0.978412,0.479776,0.03,تُرْكِيَا
0.794207,0.72,0.479776,ٱلَّذِي
0.716774,1.058733,0.720127,ضَمَّ
