conf,end,start,word
1.0,0.21,0.03,وَفِي
1.0,0.45,0.21,ٱلْوَقْتِ
1.0,0.69,0.45,ٱلَّذِي
0.969531,0.993563,0.69,حَذَّرَ
0.260697,1.051088,0.993563,فِي
