conf,end,start,word
0.867093,0.478243,0.0,ٱلْمِصْرِيَّةُ
0.955773,0.69,0.478243,ٱلَّذِي
0.964785,1.16925,0.69,ٱسْتَهْدَفَ
