conf,end,start,word
0.599935,0.477945,0.0,ٱلْأَمِيرِيكِيَّةِ
0.868501,0.69,0.477945,ٱلَّذِي
0.877243,0.960812,0.69,جَاءَ
0.120035,1.17,0.960812,تَحْتَ
