conf,end,start,word
0.617774,0.452874,0.03,تَفْجِيرٌ
0.883529,0.719014,0.452874,ٱلَّذِي
0.406819,1.056191,0.719014,ٱسْتَهْدَفَ
