conf,end,start,word
0.999901,0.72,0.42,ٱلَّذِي
0.902813,0.997222,0.72,وَقَعَ
0.418624,1.089064,0.997955,فِيهِ
