conf,end,start,word
0.719868,0.48,0.0,ٱلْأَمِيرْكِيُّ
0.999673,0.660153,0.48,ٱلَّذِي
0.990507,0.977978,0.660153,يَزُورُ
