conf,end,start,word
0.991108,0.750108,0.39033,ٱلَّذِي
0.724488,1.083569,0.750108,يَقَعُ
0.301012,1.17,1.083569,فِيهِ
