conf,end,start,word
0.695743,0.450041,0.03,وَطَنِيٌّ
0.997714,0.719987,0.450494,ٱلَّذِي
0.999741,1.037429,0.719987,يَضُمُّ
