conf,end,start,word
0.599458,0.355808,0.0,ٱلْقَرَارُ
0.876225,0.78,0.355808,ٱلَّذِي
0.666128,1.108065,0.93,كَانَ
