conf,end,start,word
0.861495,0.478752,0.0,ٱلْعِرَاقِيَّةُ
0.941023,0.690005,0.478752,ٱلَّذِي
0.739928,1.037158,0.690005,يُمَثِّلُ
