conf,end,start,word
1.0,0.45,0.0,ٱلْهُجُومُ
1.0,0.66,0.45,ٱلَّذِي
1.0,0.971866,0.66,وَقَعَ
0.852783,1.028183,0.971866,فِي
0.306254,1.17,1.028183,ٱلْأَسْرِ
