conf,end,start,word
0.423758,0.42,0.03,فِي
0.998744,0.72,0.430257,ٱلَّذِي
1.0,0.989834,0.72,جَرَى
