conf,end,start,word
0.34225,0.475988,0.03,جَمَاعَةٌ
0.976396,0.72,0.475988,ٱلَّذِي
0.895287,1.025813,0.72,تُوُفِّيَ
0.400136,1.17,1.025813,مُؤَخَّرًا
