conf,end,start,word
0.9693,0.419954,0.0,أَعْظَمُ
0.974707,0.69028,0.420046,ٱلَّذِي
0.443113,1.066824,0.69028,يُقَدِّمُ
