conf,end,start,word
0.739161,0.450201,0.0,ٱجْتِمَاعٌ
0.976059,0.719787,0.450201,ٱلَّذِي
0.946901,1.169331,0.719787,يُعْقَدُ
