conf,end,start,word
1.0,0.450012,0.030106,تُونِسَ
0.999006,0.720084,0.450012,ٱلَّذِي
0.665205,1.17,0.720084,يَتَزَعَّمُهُ
