conf,end,start,word
0.996548,0.689959,0.42132,ٱلَّذِي
1.0,0.989503,0.689959,يَزِيدُ
0.721734,1.093174,0.989975,عَنْ
