conf,end,start,word
0.996424,0.69,0.39,ٱلَّذِي
0.986986,0.931526,0.69,كَانَ
