conf,end,start,word
0.690578,0.42,0.033533,إِدْلِبَ
0.969523,0.75,0.42,ٱلَّذِي
0.45691,1.08566,0.75,أَعْلَنَ
