conf,end,start,word
0.879683,0.450211,0.094655,شَهْرٌ
0.990267,0.72,0.450682,ٱلَّذِي
0.996458,1.020199,0.720272,ضَرَبَ
0.092376,1.17,1.020199,إِيرَانَ
