conf,end,start,word
0.998814,0.39,0.0,ٱنَّارِ
1.0,0.75,0.39,ٱلَّذِي
0.954051,0.996008,0.75,بَدَأَ
0.568322,1.17,0.996008,سِيَاسِيًّا
