conf,end,start,word
0.86282,0.45,0.0,ٱتَّفْجِيرُ
0.963359,0.689847,0.450303,ٱلَّذِي
0.907857,1.071737,0.689847,ٱسْتَهْدَفَ
