conf,end,start,word
0.864722,0.330513,0.03,كَانَ
0.972969,0.750074,0.330513,ٱرَّئِيسُ
0.434778,1.105479,0.78,دُونَالْدْ
