conf,end,start,word
0.924746,0.479195,0.42,مَا
0.998578,0.69,0.479195,ٱلَّذِي
0.998578,1.095285,0.69,يَمْلِكُهُ
