conf,end,start,word
1.0,0.48,0.3,مَا
1.0,0.690278,0.48,ٱلَّذِي
0.98525,1.046881,0.690278,يَخْتَلِفُ
