conf,end,start,word
0.986276,0.389383,0.03,مَعَ
1.0,0.75,0.389383,ٱرَّئِيسِ
0.997205,1.169343,0.75,ٱلْمِصْرِيِّ
