conf,end,start,word
0.636188,0.39,0.0,أَجْرَى
0.827296,0.690179,0.390244,رَئِيسُ
0.829056,1.067353,0.690179,تُرْكِيَا
