conf,end,start,word
0.998363,0.48,0.03,هَذَا
0.979738,0.750413,0.48,ٱرَّئِيسُ
0.951402,1.068498,0.750413,ٱتُّرْكِيُّ
