conf,end,start,word
0.993624,0.419864,0.270106,مَعَ
1.0,0.6903,0.419864,ٱرَّئِيسِ
0.981862,1.020618,0.6903,ٱرُّوسِيِّ
0.899824,1.17,1.020618,بُوتِينْ
