conf,end,start,word
0.87119,0.42,0.03,تَلْوِيحُ
0.999431,0.720325,0.42,ٱرَّئِيسِ
0.978346,1.03644,0.720325,ٱلْمِصْرِيِّ
