conf,end,start,word
0.98837,0.75,0.37453,ٱرَّئِيسُ
0.996869,1.0193,0.75,مِيشِيلْ
0.418719,1.14,1.05,عَوْنْ
