conf,end,start,word
0.740268,0.504299,0.27,أَجْرَى
0.986941,0.780108,0.504299,ٱرَّئِيسُ
0.965729,1.10988,0.780108,ٱلْأَمِيرْكِيُّ
