conf,end,start,word
1.0,0.42,0.03,وَكَانَ
0.999301,0.690483,0.42,ٱرَّئِيسُ
0.905479,1.097593,0.690483,ٱلْأَمِيرْكِيُّ
