conf,end,start,word
0.49534,0.192241,0.03,هُمْ
0.508716,0.389484,0.192241,أَنَّ
1.0,0.75,0.389484,ٱرَّئِيسَ
0.893274,1.17,0.75,ٱلْأَمِيرْكِيَّ
