conf,end,start,word
0.648624,0.75,0.420178,ٱرَّئِيسُ
0.685477,1.16905,0.750307,ٱلْيَمَنِيُّ
