conf,end,start,word
0.751942,0.39,0.03,شَقِيقُ
1.0,0.72,0.395808,ٱرَّئِيسِ
0.994774,1.100543,0.72,ٱسَّابِقِ
