conf,end,start,word
0.981177,0.450021,0.03,قَرَّرَ
0.99174,0.720255,0.450021,ٱرَّئِيسُ
0.973144,1.085132,0.720255,ٱلْأَمِيرْكِيُّ
