conf,end,start,word
0.951716,0.449953,0.12,وَقَّعَ
1.0,0.69,0.449953,ٱرَّئِيسُ
0.966655,1.070584,0.69,ٱلْأَمِيرْكِيُّ
