conf,end,start,word
0.990247,0.36015,0.03,بِأَنَّ
0.971248,0.748882,0.36015,ٱرَّئِيسَ
0.626451,1.14,0.78,ضَمَّتْ
