conf,end,start,word
0.665691,0.37187,0.03,لِأَنَّ
0.999158,0.72,0.37187,ٱرَّئِيسَ
0.748474,1.0637,0.72,ٱرُّوسِيَّ
