conf,end,start,word
0.996868,0.72,0.017047,ٱرَّئِيسُ
0.955895,1.037639,0.72,ٱسُّورِيُّ
0.372404,1.17,1.05,بَشَّارْ
