conf,end,start,word
0.998685,0.39,0.03,وَكَانَ
1.0,0.720062,0.39,ٱرَّئِيسُ
0.972126,1.104059,0.720062,ٱلْأَمِيرْكِيُّ
