conf,end,start,word
1.0,0.42059,0.240295,دَعَا
0.967215,0.690657,0.42059,ٱرَّئِيسُ
0.907447,1.089298,0.690657,ٱلْفَرَنْسِيُّ
