conf,end,start,word
0.541365,0.395733,0.0,ٱلْكُرَةَ
0.925491,0.720077,0.395733,ٱرَّئِيسُ
0.961503,1.107657,0.720077,ٱلْإِيرَانِيُّ
