conf,end,start,word
0.749337,0.323345,0.0,أَعْلَنَ
1.0,0.75042,0.323345,ٱرَّئِيسُ
0.97172,1.17,0.75042,ٱلْمِصْرِيُّ
