conf,end,start,word
0.765579,0.387634,0.03,هَذَا
1.0,0.75,0.387634,ٱرَّئِيسُ
0.987755,1.103501,0.75,ٱلْأَمِيرْكِيُّ
