conf,end,start,word
0.991936,0.299602,0.03,تَوَلِّي
1.0,0.83975,0.299602,ٱرَّئِيسِ
0.813271,1.17,0.87,جُوبَا
