conf,end,start,word
1.0,0.42,0.03,دَعَا
0.99705,0.752521,0.42,ٱرَّئِيسُ
0.835527,1.128475,0.752521,ٱلْإِيرَانِيُّ
