conf,end,start,word
0.983095,0.389966,0.03,بَايْدِنْ
0.992816,0.78,0.389966,ٱرَّئِيسُ
0.66594,1.020135,0.81,رُونَالْدْ
0.662349,1.17,1.020135,رِيغَانْ
