conf,end,start,word
0.963367,0.329948,0.03,عَقَدَهَا
1.0,0.78,0.329948,ٱرَّئِيسُ
0.732792,1.050215,0.81,جُورْجْ
0.718327,1.14,1.050215,بُوشْ
