conf,end,start,word
0.581658,0.419995,0.012417,أَجْرَى
0.999596,0.72554,0.419995,ٱرَّئِيسُ
0.647036,1.063215,0.72554,ٱتُّرْكِيُّ
