conf,end,start,word
0.99428,0.772845,0.36,ٱرَّئِيسُ
0.243413,1.168979,0.956549,ٱسِّيسِيُّ
