conf,end,start,word
0.461892,0.39,0.03,جُنُودُ
0.998998,0.750285,0.405798,ٱرَّئِيسِ
0.931136,1.050393,0.750285,ٱسُّورِيِّ
0.302702,1.17,1.050393,بَشَّارْ
