conf,end,start,word
0.452079,0.410606,0.18,نَعَمِ
0.97612,0.718997,0.410606,ٱرَّئِيسُ
0.942839,1.14,0.720093,ٱلْفِلَسْطِينِيُّ
