conf,end,start,word
0.919861,0.390008,0.03,بِأَنَّ
0.999496,0.75,0.390008,ٱرَّئِيسَ
0.203996,1.139568,0.930011,ٱسِّيسِيَّ
