conf,end,start,word
0.464634,0.36,0.03,قَالَ
0.99976,0.72,0.39,ٱرَّئِيسُ
0.994643,1.00208,0.72,ٱلْمِصْرِيُّ
0.249778,1.17,1.00208,ٱسَّابِقُ
