conf,end,start,word
0.651323,0.390971,0.24,قَالَ
0.992031,0.69,0.390971,ٱرَّئِيسُ
1.0,1.021522,0.69,ٱلْإِيرَانِيُّ
0.243667,1.13803,1.04803,حَسَنْ
