conf,end,start,word
0.788906,0.378249,0.09,نَفَى
0.905989,0.712579,0.378249,ٱرَّئِيسُ
0.255343,1.17,0.96,ٱسِّيسِيُّ
