conf,end,start,word
0.499925,0.390266,0.03,حَامِي
0.980732,0.75,0.390266,ٱرَّئِيسِ
0.901972,1.162825,0.75,ٱلْأَمِيرْكِيِّ
