conf,end,start,word
0.760227,0.300068,0.03,مِنَ
0.998277,0.78,0.322794,ٱرَّئِيسِ
0.623266,1.17,0.99,ٱسِّيسِيِّ
