conf,end,start,word
0.996308,0.42,0.03,قَالَ
1.0,0.72,0.42,ٱرَّئِيسُ
1.0,1.052635,0.72,ٱلْإِيرَانِيُّ
0.398922,1.169836,1.052635,حَسَنْ
