conf,end,start,word
0.478211,0.38933,0.03,إِدَارَةُ
1.0,0.75,0.38933,ٱرَّئِيسِ
0.975268,1.020114,0.78,دُونَالْدْ
0.704331,1.14,1.020114,تَرَمْبْ
