conf,end,start,word
0.977134,0.329993,0.03,رَحِيلُ
1.0,0.78,0.329993,ٱرَّئِيسِ
0.638228,0.960659,0.81,عَبْدِ
0.350618,1.14,0.960659,ٱلْفَتَّاحِ
