conf,end,start,word
0.91929,0.419991,0.03,حَمْلَةُ
1.0,0.690072,0.419991,ٱرَّئِيسِ
0.987324,1.074763,0.690072,ٱلْأَمِيرْكِيِّ
