conf,end,start,word
0.794901,0.374278,0.0,أَصْدَرَ
0.999641,0.75,0.374278,ٱرَّئِيسُ
0.993231,1.05616,0.75,ٱلْيَمَنِيُّ
0.158642,1.17,1.05616,يَعْنِي
