conf,end,start,word
0.426367,0.389648,0.03,بِأَنَّ
0.998341,0.75,0.389648,ٱرَّئِيسَ
0.537447,1.17,0.99,ٱسِّيسِيَّ
