conf,end,start,word
0.414197,0.409823,0.0,إِنَّهُ
1.0,0.750043,0.409823,ٱرَّئِيسُ
0.993681,1.136986,0.750043,ٱلْأَمِيرْكِيُّ
