conf,end,start,word
1.0,0.39141,0.0,أَنَّ
0.891355,0.69,0.39141,ٱرَّئِيسَ
0.996428,1.010872,0.72,دُونَالْدْ
0.678032,1.14,1.02,تَرَمْبْ
