conf,end,start,word
0.509051,0.24,0.0,ٱتَّفَقَ
0.997732,0.419995,0.248286,مَعَ
1.0,0.690794,0.419995,ٱرَّئِيسِ
0.952602,1.043483,0.690794,ٱسُّورِيِّ
