conf,end,start,word
1.0,0.39085,0.03,قَالَ
0.943189,0.75,0.39085,ٱرَّئِيسُ
0.875738,1.029033,0.75,ٱرُّوسِيُّ
0.256877,1.17,1.029033,بُوتِينْ
