conf,end,start,word
1.0,0.45,0.03,دَعَا
0.588074,0.752943,0.45,رَئِيسُ
0.352073,1.138725,0.752943,ٱلْأَمِيرْكِيِّ
