conf,end,start,word
0.928165,0.237729,0.0,أَمَّا
0.960367,1.091728,0.237729,ٱرَّئِيسُ
