conf,end,start,word
0.98542,0.479941,0.15,وَقَّعَ
0.996493,0.69,0.479941,ٱرَّئِيسُ
0.95957,0.994865,0.69,ٱرُّوسِيُّ
