conf,end,start,word
0.651058,0.359936,0.03,عَزْلُ
1.0,0.7495,0.359936,ٱرَّئِيسِ
