conf,end,start,word
0.933444,0.419526,0.307758,مِنَ
0.991223,0.72,0.419526,ٱرَّئِيسِ
1.0,1.094704,0.72,ٱلْمِصْرِيِّ
