conf,end,start,word
0.480898,0.347609,0.0,أَسَّسَهُ
1.0,0.75,0.347609,ٱرَّئِيسُ
0.993556,0.9,0.75,عَبْدُ
0.993556,1.17,0.9,ٱلْفَتَّاحِ
