conf,end,start,word
0.822598,0.329732,0.03,نَقَلَ
1.0,0.810054,0.329732,ٱرَّئِيسُ
0.420033,1.14,0.96,ٱسِّيسِيُّ
