conf,end,start,word
0.768088,0.391296,0.03,تُرْكِيَا
0.66415,0.719434,0.444092,ٱرَّئِيسُ
0.591596,0.998834,0.72,ٱتُّرْكِيُّ
