conf,end,start,word
0.901213,0.81,0.0,ٱرَّئِيسُ
0.967325,0.989756,0.81,عَبْدُ
0.932981,1.17,0.99,ٱلْفَتَّاحِ
