conf,end,start,word
0.534942,0.389988,0.03,مَحْمِيُّ
0.710516,0.75,0.389988,ٱرَّئِيسِ
0.888727,1.035433,0.78,دُونَالْدْ
