conf,end,start,word
0.674513,0.318225,0.06,قَالَ
1.0,0.781642,0.318225,ٱرَّئِيسُ
0.855912,1.069012,0.781642,ٱلْيَمَنِيُّ
