conf,end,start,word
0.751444,0.42,0.0,أَقَلَّ
0.996569,0.72,0.42,ٱرَّئِيسُ
0.939991,1.043412,0.72,ٱرُّوسِيُّ
