conf,end,start,word
0.979854,0.418793,0.18,قَالَ
0.962621,0.69,0.418793,ٱرَّئِيسُ
0.961658,1.020677,0.69,ٱلُّبْنَانِيُّ
0.869726,1.17,1.020677,مِيشِيلْ
