conf,end,start,word
1.0,0.78,0.012864,ٱرَّئِيسُ
0.948588,1.066263,0.78,مِيشِيلْ
0.501842,1.17,1.08,عَوْنْ
