conf,end,start,word
0.365051,0.448785,0.03,بِٱلْقِلَّةِ
0.998519,0.720027,0.448785,ٱرَّئِيسُ
0.998334,1.069755,0.720027,ٱلْإِيرَانِيُّ
