conf,end,start,word
0.978762,0.419762,0.03,وَكَانَ
1.0,0.690137,0.419762,ٱرَّئِيسُ
0.985383,1.022856,0.690137,ٱلُّبْنَانِيُّ
0.135886,1.17,1.022856,مِيشِيلْ
