conf,end,start,word
0.826131,0.448732,0.003897,أَنَّ
0.986983,0.72,0.448732,ٱرَّئِيسَ
0.645634,1.053595,0.72,ٱرُّوسِيَّ
