conf,end,start,word
1.0,0.36,0.03,مَبْعُوثُ
1.0,0.750023,0.36,ٱرَّئِيسِ
0.99819,1.022277,0.750023,ٱرُّوسِيِّ
0.263464,1.17,1.022277,بُوتِينْ
