conf,end,start,word
0.990194,0.39,0.03,وَصَفَ
1.0,0.75,0.390294,ٱرَّئِيسُ
0.922247,1.139724,0.75,ٱرُّوسِيُّ
