conf,end,start,word
0.741988,0.357381,0.0,أَنَّ
0.993745,0.75,0.357381,ٱرَّئِيسَ
0.975128,0.9,0.75,عَبْدَ
0.973197,1.14,0.9,ٱلْفَتَّاحِ
