conf,end,start,word
0.905051,0.358261,0.183727,مَعَ
1.0,0.78,0.358261,ٱرَّئِيسِ
1.0,1.078383,0.78,مِيشِيلْ
0.943336,1.17,1.08,عَوْنْ
