conf,end,start,word
0.986126,0.419679,0.03,بَيَانُ
0.876032,0.75,0.419679,ٱرَّئِيسِ
0.978029,1.080622,0.75,هَادِي
