conf,end,start,word
0.568353,0.177065,0.03,قَالَ
0.56968,0.419493,0.177065,أَنَّ
1.0,0.75,0.419493,ٱرَّئِيسَ
1.0,1.079571,0.75,هَادِي
