conf,end,start,word
0.642256,0.419141,0.0,ٱلْجِهَةُ
0.633762,0.794031,0.419141,ٱرُّوسِيُّ
