conf,end,start,word
1.0,0.33,0.0,ٱلْمَنْدُوبُ
1.0,0.750258,0.33,ٱرُّوسِيُّ
0.970508,0.929567,0.750258,فِي
0.193636,1.160428,0.929567,مَجْلِسِ
