conf,end,start,word
0.982537,0.78,0.007921,ٱرُّوسِيُّ
0.669175,1.049823,0.78,لَدَى
