conf,end,start,word
0.899407,0.389688,0.03,دِفَاعِ
0.997613,0.78,0.389688,ٱرُّوسِيِّ
0.992914,1.108519,0.78,سِيرْجِي
