conf,end,start,word
0.599862,0.382819,0.0,ٱلْجَوِّيُّ
0.927132,0.841776,0.382819,ٱرُّوسِيُّ
0.394213,1.017989,0.841776,إِنَّ
