conf,end,start,word
0.903125,0.36,0.03,نَظِيرُهُ
1.0,0.75,0.36,ٱرُّوسِيُّ
0.989256,0.93,0.75,فِي
0.875832,1.169654,0.93,أَنْقَرَةَ
