conf,end,start,word
0.967132,0.779759,0.36,ٱرُّوسِيُّ
0.97654,1.104011,0.78,سِيرْجِي
