conf,end,start,word
0.947149,0.841071,0.008179,ٱرُّوسِيَّةُ
0.823915,1.07893,0.841071,إِلَى
