conf,end,start,word
0.881669,0.299258,0.03,عَارِضٌ
0.997275,0.81,0.299258,ٱرُّوسِيُّ
0.844164,1.17,0.84,أَلِيكْسْ
