conf,end,start,word
0.618015,0.291156,0.0,ٱلْمَبْعُوثُ
0.999275,0.81007,0.291156,ٱرُّوسِيُّ
