conf,end,start,word
0.921767,0.32979,0.0,ٱلْجَيْشُ
1.0,0.720031,0.32979,ٱرُّوسِيُّ
0.957603,1.098125,0.720031,قَوْلَهُ
