conf,end,start,word
0.616453,0.351948,0.0,ٱدِّفَاعِ
0.989059,0.72,0.351948,ٱرُّوسِيِّ
1.0,0.992788,0.720328,سِيرْجِي
0.921379,1.17,0.992788,لَافْرُوفْ
