conf,end,start,word
0.972809,0.39,0.0,ٱرَّئِيسُ
1.0,0.72,0.39,ٱرُّوسِيُّ
0.978975,0.84,0.72,مَعَ
0.741771,1.138244,0.84,نَظِيرِهِ
