conf,end,start,word
0.734425,0.75,0.40566,ٱرُّوسِيُّ
0.907921,1.08,0.75012,قِمَّةٌ
