conf,end,start,word
0.933453,0.720617,0.154162,ٱرُّوسِيُّ
0.900336,0.930834,0.720617,كَانَ
