conf,end,start,word
0.646168,0.38923,0.0395,بَيْنَ
0.999151,0.81,0.38923,ٱرُّوسِيِّ
0.940353,1.099409,0.81,وَٱتُّرْكِيِّ
