conf,end,start,word
1.0,0.42,0.0,ٱلْمَنْدُوبُ
1.0,0.780337,0.42,ٱرُّوسِيُّ
0.960829,0.931581,0.780337,فِي
0.507922,1.169795,0.931581,مَجْلِسِ
