conf,end,start,word
0.997859,0.78052,0.332496,ٱرُّوسِيُّ
0.715814,1.154933,0.78052,وَٱتُّرْكِيُّ
