conf,end,start,word
0.588765,0.358165,0.03,نَقْلِيٌّ
0.897541,0.809708,0.358165,رُوسِيٌّ
