conf,end,start,word
0.833023,0.360149,0.0,ٱرَّئِيسِ
0.967673,0.756745,0.362943,ٱرُّوسِيِّ
0.436574,1.096167,0.756745,ٱلْخَاصِّ
