conf,end,start,word
0.86597,0.39,0.0,ٱلْجَوِّ
1.0,0.783192,0.394006,ٱرُّوسِيِّ
0.236104,1.137727,0.783192,قُتِلَ
