conf,end,start,word
1.0,0.870023,0.0,ٱرُّوسِيَّةُ
0.994773,1.020324,0.870023,فِي
0.951563,1.17,1.020324,سُورِيَا
