conf,end,start,word
0.516388,0.39,0.0,ٱلِٱتِّحَادِ
0.999049,0.750436,0.39291,ٱرُّوسِيِّ
0.219294,1.139846,0.750436,قَسْتُمْ
