conf,end,start,word
0.440607,0.33,0.03,قَرَارٌ
0.560422,0.87,0.34205,رُوسِيٌّ
0.430173,1.17,0.87,وَصِينِيٌّ
