conf,end,start,word
0.804181,0.360364,0.0,ٱسَّفِيرُ
0.771665,0.809931,0.360364,ٱرُّوسِيُّ
0.939451,1.001377,0.81,لَدَى
