conf,end,start,word
0.654731,0.3,0.03,تَدَخُّلٌ
0.636268,0.81,0.329637,رُوسِيٌّ
0.591949,1.140032,1.019819,فِي
