conf,end,start,word
0.643709,0.777482,0.03,دُوبْرُوسْتِي
0.9562,0.929049,0.782732,فِي
1.0,1.17,0.929049,فِييِّنَّا
