conf,end,start,word
0.552131,0.418347,0.0,أَيُّهَا
0.960494,0.69,0.418347,ٱرُّوسِيُّ
1.0,0.96,0.691185,سِيرْجِي
1.0,1.17,0.96,لَافْرُوفْ
