conf,end,start,word
0.45588,0.316561,0.0,ٱطَّيَرَانُ
0.729308,0.81,0.316561,ٱرُّوسِيُّ
0.834756,1.020616,0.811289,عَلَى
0.41851,1.14,1.020616,أَسَاسِ
