conf,end,start,word
0.866356,0.386013,0.03,وَبُطْءُ
0.976141,0.842899,0.386013,ٱرُّوسِيِّ
0.31826,1.137864,0.842899,ٱلْجَدِيدِ
