conf,end,start,word
0.981386,0.36,0.0,أَسْوَدُ
0.997375,0.780036,0.36,ٱرُّوسِيُّ
0.996813,1.027166,0.780036,قَدْ
