conf,end,start,word
0.86104,0.39,0.03,وُزَرَاءُ
0.978329,0.750975,0.390157,ٱرُّوسِيُّ
0.808223,1.087104,0.750975,دِيمِتْرِي
