conf,end,start,word
0.998829,0.81025,0.010872,ٱسُّعُودِيَّةُ
0.66806,1.055015,0.81025,أَعْتَقِدُ
0.345506,1.17,1.055015,أَنَّهَا
