conf,end,start,word
0.991071,0.786712,0.004974,ٱسُّعُودِيَّةُ
0.288052,1.161869,0.786712,أَعْتَقِدُ
