conf,end,start,word
0.956287,0.325784,0.03,لَدَى
1.0,0.780222,0.325784,ٱسُّعُودِيَّةِ
0.736816,1.17,0.780222,إِسْتِرَاتِيجِيَّةٌ
