conf,end,start,word
0.497043,0.340026,0.03,قَرَّرَ
1.0,0.809744,0.340026,ٱسُّعُودِيَّةُ
0.635137,1.082881,0.81,قَطَرْ
