conf,end,start,word
0.977903,0.269553,0.0,أَنَّ
1.0,0.902446,0.269553,ٱسُّعُودِيَّةَ
0.155224,1.14,0.902446,عَلَيْهَا
