conf,end,start,word
0.866615,0.267151,0.0,أَنَّ
0.820057,0.839891,0.267151,ٱسُّعُودِيَّةَ
0.278687,1.17,0.84,تَحْدِيدًا
