conf,end,start,word
0.987997,0.269825,0.0,أَنَّ
1.0,0.87,0.269825,ٱسُّعُودِيَّةَ
0.346837,1.168641,0.9,مَثَلًا
