conf,end,start,word
0.966923,0.267256,0.0,أَنَّ
1.0,0.869853,0.267256,ٱسُّعُودِيَّةَ
0.618797,1.14,0.9,وَقَطَرَ
