conf,end,start,word
0.999348,0.928068,0.003802,ٱسُّعُودِيَّةُ
0.231421,1.158687,0.93,رَغْمَ
