conf,end,start,word
0.997925,0.804354,0.126271,ٱسُّعُودِيَّةُ
0.190322,1.099861,0.81,تَعْرِفُ
