conf,end,start,word
0.916899,0.29137,0.0,أَنَّ
1.0,0.841715,0.29137,ٱسُّعُودِيَّةَ
0.609702,1.106237,0.842007,كَانَتْ
