conf,end,start,word
0.996969,0.269728,0.0,أَنَّ
1.0,0.812479,0.269728,ٱسُّعُودِيَّةَ
0.786522,0.932888,0.813814,لَا
