conf,end,start,word
0.566639,0.261549,0.0,أَعَادَتِ
0.999641,0.843737,0.261549,ٱسُّعُودِيَّةُ
0.22544,1.17,0.843737,تَعَطَّلَتْ
