conf,end,start,word
0.828527,0.257047,0.03,كَانَتِ
1.0,0.840553,0.257047,ٱسُّعُودِيَّةُ
0.845463,1.17,0.840553,تَحْدِيدًا
