conf,end,start,word
0.73907,0.3,0.03,سُجُونُ
0.997706,0.81,0.300023,ٱسُّعُودِيَّةِ
0.923198,0.93,0.81,فِي
0.253885,1.17,0.93,تَقْدِيرِكَ
