conf,end,start,word
0.79928,0.29783,0.0,أَنَّ
1.0,0.840234,0.29783,ٱسُّعُودِيَّةَ
0.529537,1.008482,0.840268,هِيَ
