conf,end,start,word
0.930585,0.32154,0.0,أَنَّ
0.979705,0.809759,0.32154,ٱسُّعُودِيَّةَ
0.95752,0.99,0.81,تَرَى
0.359975,1.11,0.99,أَنَّهَا
