conf,end,start,word
0.997318,0.299711,0.03,مِنَ
1.0,0.780019,0.299711,ٱسُّعُودِيَّةِ
0.99856,1.17,0.780019,وَٱلْإِمَارَاتِ
