conf,end,start,word
0.653859,0.330511,0.03,نَبِيلٌ
0.688026,0.868,0.358267,سُعُودِيَّةٌ
