conf,end,start,word
0.929161,0.810986,0.101908,ٱسُّعُودِيَّةُ
0.700952,1.075135,0.810986,أَنَّهَا
