conf,end,start,word
0.99104,0.839971,0.01455,ٱسُّعُودِيَّةُ
0.503418,1.106421,0.84,أَنَّهَا
