conf,end,start,word
0.882992,0.289169,0.03,مَعَ
1.0,0.869925,0.289169,ٱسُّعُودِيَّةِ
0.233779,1.14,0.87,تَحْدِيدًا
