conf,end,start,word
1.0,0.87,0.002345,ٱسُّعُودِيَّةُ
0.949445,0.992497,0.87,فِي
0.244611,1.17,0.992497,بَيْرُوتَ
