conf,end,start,word
0.777515,0.260886,0.0,أَنَّ
1.0,0.839982,0.260886,ٱسُّعُودِيَّةَ
0.297656,1.17,0.84,تَحْدِيدًا
