conf,end,start,word
0.998831,0.869971,0.0,ٱسُّعُودِيَّةُ
0.42291,1.010042,0.869971,عَلَى
0.098282,1.17,1.022905,ذَلِكَ
