conf,end,start,word
0.965448,0.84,0.002439,ٱسُّعُودِيَّةُ
0.868378,0.990825,0.84,أَنَّ
0.617113,1.17,0.990825,ٱسِّيسِيَّ
