conf,end,start,word
0.537232,0.282713,0.03,كَانَتِ
1.0,0.84,0.282713,ٱسُّعُودِيَّةُ
0.796901,1.074606,0.84,قَدْ
