conf,end,start,word
0.807236,0.299694,0.0,أَنَّ
1.0,0.840338,0.299694,ٱسُّعُودِيَّةَ
0.988307,1.023034,0.840392,هِيَ
