conf,end,start,word
0.858103,0.84,0.071639,ٱسُّعُودِيَّةُ
0.675115,1.061734,0.84,مُنْذُ
