conf,end,start,word
0.451715,0.287989,0.0,ٱسُّوقُ
0.978637,0.81,0.287989,ٱسُّعُودِيَّةُ
0.599018,1.05858,0.81,أَكْبَرُ
