conf,end,start,word
0.997828,0.81,0.014203,ٱسُّعُودِيَّةُ
0.975517,0.930027,0.81,فِي
0.283238,1.14,0.930027,ٱسُّجُونِ
