conf,end,start,word
0.49488,0.326982,0.0,ٱلْأَنْبَاءُ
0.941068,0.809224,0.326982,ٱسُّعُودِيَّةُ
0.881324,0.928997,0.81,أَنَّ
0.585116,1.14,0.928997,ٱلْعَالَمَ
