conf,end,start,word
0.965025,0.839801,0.004614,ٱسُّعُودِيَّةُ
0.779228,1.109844,0.839801,ٱرِّيَاضُ
