conf,end,start,word
0.682741,0.354056,0.03,عَلَيْهِ
0.983463,0.833248,0.354056,ٱسُّعُودِيَّةُ
0.242856,1.154762,0.84,تَعْلِيقٌ
