conf,end,start,word
0.527592,0.385094,0.03,ثَوْرَاتُ
0.967335,0.780641,0.385094,ٱسَّلَامِ
0.431474,1.17,0.780641,مُغَادَرَتُهَا
