conf,end,start,word
0.92695,0.360037,0.03,تُرِيدُ
0.86053,0.78,0.360037,ٱسَّلَامَ
0.900762,0.960188,0.784056,فِي
0.850616,1.14,0.960188,سُورِيَا
