conf,end,start,word
0.807064,0.327767,0.03,عَمَلِيَّةُ
1.0,0.78,0.327767,ٱسَّلَامِ
0.924126,0.93,0.78,فِي
0.871715,1.108996,0.93,ٱلْيَمَنِ
