conf,end,start,word
0.727522,0.237585,0.03,مُحَمَّدْ
0.997459,0.389722,0.237585,عَبْدُ
1.0,0.78,0.389722,ٱسَّلَامِ
0.806472,1.022547,0.78,رَئِيسُ
0.382922,1.17,1.022547,ٱلْقِسْمِ
