conf,end,start,word
0.670516,0.379484,0.03,وَضَعَتْهُ
0.597748,0.780746,0.379484,ٱسَّلَامُ
0.725624,1.086629,0.790587,لِلْأَسَفِ
