conf,end,start,word
0.896432,0.387826,0.03,تَبِعَاتُ
0.997203,0.750512,0.387826,ٱسَّلَامِ
0.151628,1.169729,0.750512,ٱلْمُقَاوَمَةُ
