conf,end,start,word
1.0,0.33,0.0,إِتِّفَاقُ
1.0,0.78,0.33,ٱسَّلَامِ
0.957172,0.930459,0.78,فِي
0.581479,1.17,0.930459,عَصْرِ
