conf,end,start,word
0.592078,0.357171,0.03,عَمَلِيَّةُ
1.0,0.75,0.357171,ٱسَّلَامِ
0.999116,0.87,0.75,فِي
0.997941,1.17,0.87,أَفْغَانِسْتَانَ
