conf,end,start,word
0.99635,0.81,0.0,ٱسَّلَامُ
0.883032,0.938599,0.81,فِي
0.487547,1.17,0.938599,ٱلْمِنْطَقَةِ
