conf,end,start,word
0.421221,0.329606,0.03,عَمَلِيَّةُ
1.0,0.81,0.329606,ٱسَّلَامِ
0.990231,0.900873,0.81,فِي
0.950475,1.14,0.900873,ٱشَّرْقِ
