conf,end,start,word
0.445784,0.351066,0.06,عَمَلِيَّةُ
1.0,0.81,0.351066,ٱسَّلَامِ
0.914335,1.109762,0.81,بَيْنَ
