conf,end,start,word
1.0,0.360095,0.0,إِتِّفَاقُ
0.992892,0.751288,0.360095,ٱسَّلَامِ
0.621492,1.169576,0.751288,ٱلْمُوَقَّعَةِ
