conf,end,start,word
0.924591,0.36,0.030197,عَمَلِيَّةُ
1.0,0.81,0.36,ٱسَّلَامِ
0.737658,1.068056,0.81,فِي
