conf,end,start,word
0.999272,0.839325,0.003991,ٱسَّلَامُ
0.972398,0.97877,0.84,فِي
0.090303,1.17,0.99,دَارْفُورَ
