conf,end,start,word
0.580818,0.281662,0.03,بِشَأْنِ
0.999817,0.75,0.281662,ٱسَّلَامِ
0.686853,0.96028,0.750671,فِي
