conf,end,start,word
0.592584,0.297659,0.03,عَمَلِيَّةُ
1.0,0.81025,0.297659,ٱسَّلَامِ
0.967605,0.989581,0.81025,فِي
0.174637,1.17,0.99,سُورِيَا
