conf,end,start,word
0.995991,0.329979,0.03,بِشَأْنِ
0.997804,0.81,0.329979,ٱسَّلَامِ
0.942743,0.939904,0.81,فِي
0.14488,1.17,0.939904,أَفْرِيقْيَا
