conf,end,start,word
0.928914,0.358114,0.0,إِتِّفَاقُ
1.0,0.81,0.358114,ٱسَّلَامِ
0.486397,1.139653,0.81,ٱلَّذِي
