conf,end,start,word
0.996764,0.41927,0.035404,عَبْدُ
1.0,0.749911,0.41927,ٱسَّلَامِ
0.937931,0.981158,0.78,خِلَالَ
