conf,end,start,word
0.41132,0.235229,0.03,مُحَمَّدْ
0.985775,0.38844,0.235229,عَبْدُ
1.0,0.78,0.38844,ٱسَّلَامِ
0.962851,1.026344,0.78,رَئِيسُ
0.585884,1.17,1.026344,ٱلْقِسْمِ
