conf,end,start,word
0.399844,0.21,0.0,ٱسَّيِّدُ
0.96804,0.386348,0.215786,عَبْدُ
0.999571,0.78,0.386348,ٱسَّلَامِ
