conf,end,start,word
1.0,0.360078,0.0,إِتِّفَاقُ
0.994996,0.750043,0.360078,ٱسَّلَامِ
0.997948,0.959763,0.750043,مَعَ
