conf,end,start,word
0.986862,0.782375,0.305642,ٱسَّلَامُ
0.25967,1.168804,0.782375,وَٱلْمَحَبَّةُ
