conf,end,start,word
0.496828,0.39,0.03,مُعَارَضَةٌ
0.496828,0.720039,0.39,سُورِيَّةٌ
0.958877,1.047709,0.720039,مُحَمَّدْ
0.870308,1.17,1.05,مُرْسِي
