conf,end,start,word
0.999591,0.840216,0.001114,ٱسُّورِيَّةُ
0.579547,1.026881,0.840216,ٱلَّتِي
