conf,end,start,word
0.998428,0.810591,0.041708,ٱسُّورِيَّةُ
0.65837,1.168525,0.810591,هُبُوطٌ
