conf,end,start,word
0.931296,0.75,0.33,ٱسُّورِيُّ
0.955739,0.880802,0.751853,أَوْ
