conf,end,start,word
0.860723,0.374123,0.03,سَانَا
0.990349,0.779871,0.374123,ٱسُّورِيَّةُ
0.917646,1.109282,0.779871,ٱرَّسْمِيَّةُ
