conf,end,start,word
0.996625,0.39,0.0,ٱلْعَائِلَاتُ
0.960392,0.780673,0.39,ٱسُّورِيَّةُ
0.382479,1.168545,0.780673,ٱنَّازِيَةُ
