conf,end,start,word
0.817462,0.355267,0.0,أَنْبَاءُ
0.862619,0.834539,0.360985,سُورِيَا
