conf,end,start,word
0.850104,0.749969,0.39,سُورِيَا
0.661256,1.13177,0.749969,ٱرَّسْمِيَّةُ
