conf,end,start,word
0.888058,0.316542,0.0,ٱلْمُعَارَضَةُ
1.0,0.864821,0.316542,ٱسُّورِيَّةُ
0.620089,1.030658,0.87,سَيِّدٌ
