conf,end,start,word
0.518439,0.3088,0.03,فَرَضَتِ
0.997976,0.811759,0.3088,ٱسُّورِيَّةُ
0.281983,1.166727,0.811759,ٱلْمُسَلَّحَةُ
