conf,end,start,word
0.462317,0.314269,0.03,حَدَثَتِ
0.992294,0.78,0.314269,ٱسُّورِيَّةُ
0.875614,0.895502,0.78,فِي
0.524773,1.139298,0.9,جِنِيفَ
