conf,end,start,word
0.996959,0.839645,0.005342,ٱسُّورِيَّةُ
0.986947,0.986579,0.84,فِي
0.274192,1.13986,0.99,جِنِيفَ
