conf,end,start,word
0.735159,0.330127,0.03,عَارِضُ
0.985199,0.809993,0.334116,ٱسُّورِيِّينَ
0.860857,0.990594,0.809993,إلى
