conf,end,start,word
0.993357,0.809018,0.065296,ٱسُّورِيَّةُ
0.621948,1.169519,0.809914,تَمَكَّنَتْ
