conf,end,start,word
0.849046,0.340319,0.0,ٱرَّسْمِيَّةُ
0.995288,0.78,0.340319,ٱسُّورِيَّةُ
0.314578,1.14,0.780086,سَامِحْ
