conf,end,start,word
0.477146,0.327709,0.03,عَارِضُ
0.891243,0.905456,0.327709,ٱسُّورِيِّينَ
