conf,end,start,word
0.999003,0.39,0.0,ٱلْأَنْبَاءُ
0.98722,0.75,0.39,ٱسُّورِيَّةُ
0.942407,0.994391,0.75,بِأَنَّ
0.254357,1.17,0.994391,إِيرَانَ
