conf,end,start,word
0.452951,0.354632,0.0,ٱسَّاحَةُ
0.981726,0.782063,0.354632,ٱسُّورِيَّةُ
0.721755,0.933101,0.782063,فِي
