conf,end,start,word
0.693344,0.313333,0.0,ٱلْحُدُودُ
0.948525,0.77978,0.313333,ٱسُّورِيَّةُ
0.993057,1.169624,0.78,ٱتُّرْكِيَّةُ
