conf,end,start,word
0.408663,0.330056,0.03,عَرَضُ
0.973907,0.78,0.331417,ٱسُّورِيَّةِ
