conf,end,start,word
0.3635,0.389865,0.03,عَارِضِ
0.934391,0.749923,0.389865,ٱسُّورِيَّةِ
0.866612,1.167199,0.749923,ٱلْمُسَلَّحَةِ
