conf,end,start,word
0.554763,0.343168,0.0,ٱرَّسْمِيَّةُ
0.85781,0.779927,0.343168,ٱسُّورِيَّةُ
0.780338,0.962963,0.77998,عَلَى
