conf,end,start,word
0.994914,0.81,0.33,ٱسُّورِيَّةُ
0.974865,0.930266,0.81,فِي
0.938367,1.14,0.930266,جِنِيفَ
