conf,end,start,word
0.920004,0.389594,0.0,ٱلْمَدَنِيَّةُ
0.998645,0.75,0.389594,ٱسُّورِيَّةُ
0.955399,0.9,0.75,أَنَّ
0.392961,1.164919,0.9,طَيِّبْ
