conf,end,start,word
0.999165,0.780287,0.216801,ٱسُّورِيَّةُ
0.190224,1.1669,0.780287,ٱلْمُحْتَلَّةُ
