conf,end,start,word
0.929598,0.357226,0.03,عَرَضَتِ
0.973562,0.81,0.357226,ٱسُّورِيَّةُ
0.506773,1.17,0.81,لِلْجَزِيرَةِ
