conf,end,start,word
0.996656,0.810658,0.077056,ٱسُّورِيَّةُ
0.513899,1.17,0.810658,ٱلْمُسَلَّحَةُ
