conf,end,start,word
0.947936,0.389879,0.0,ٱرَّسْمِيَّةُ
0.986236,0.809955,0.389879,ٱسُّورِيَّةُ
0.920818,0.96,0.809955,أَنَّ
0.487608,1.17,0.96,قُوًى
