conf,end,start,word
0.850303,0.840239,0.00027,ٱشَّعْبِيَّةُ
0.210388,1.078703,0.840239,قَدْ
