conf,end,start,word
0.535058,0.780222,0.39,شَعْبِيَّةٌ
0.846014,0.87,0.780222,فِي
