conf,end,start,word
0.988714,0.9,0.0,ٱشَّعْبِيَّةُ
0.992197,1.022259,0.9,فِي
0.178781,1.17,1.022259,تُونِسَ
