conf,end,start,word
0.667651,0.81,0.010039,ٱشَّعْبِيَّةُ
0.944948,0.9601,0.81,فِي
0.327793,1.138724,0.9601,تَعِزَّ
