conf,end,start,word
0.778881,0.9,0.27005,شَعْبِيَّةٌ
0.941953,1.043635,0.9,فِي
