conf,end,start,word
0.424042,0.305815,0.03,قَامَتِ
0.962019,0.805792,0.305815,ٱشَّعْبِيَّةُ
