conf,end,start,word
0.981908,0.35989,0.03,وَمَتَى
0.887534,0.837784,0.35989,شَعْبِيَّةٌ
0.155117,1.17,0.84,سَيْطَرَةٌ
