conf,end,start,word
0.99441,0.81,0.000707,ٱشَّعْبِيَّةُ
0.984186,0.900135,0.81,فِي
0.087366,1.17,0.900135,ٱلِٱتِّصَالَاتِ
