conf,end,start,word
0.884189,0.895954,0.025543,ٱشَّعْبِيَّةُ
0.104719,1.169478,0.9,وَأَنَا
