conf,end,start,word
0.966482,0.81,0.013886,ٱشَّعْبِيَّةُ
0.964429,0.992456,0.84,ضِدَّ
0.186578,1.17,0.992456,ٱلْفَسَادِ
