conf,end,start,word
0.624462,0.35965,0.0,ٱلْإِرْهَابِ
1.0,0.810052,0.35965,ٱشَّعْبِيَّةِ
0.958697,1.05762,0.810052,ٱلَّتِي
