conf,end,start,word
0.437627,0.36,0.0,ٱلْمُقَاوَمَةُ
0.959737,0.900022,0.81,فِي
0.200118,1.14,0.900022,ٱسُّودَانِ
