conf,end,start,word
0.988574,0.78105,0.004865,ٱشَّعْبِيَّةُ
0.176681,0.990394,0.78105,هِيَ
