conf,end,start,word
0.871927,0.319981,0.03,قَامَتِ
1.0,0.810009,0.319981,ٱشَّعْبِيَّةُ
0.998033,0.900186,0.810009,فِي
0.989763,1.169751,0.900186,ٱلْيَمَنِ
