conf,end,start,word
1.0,0.84,0.0,ٱشَّعْبِيَّةُ
0.939646,0.962698,0.84,فِي
0.139685,1.050691,0.962698,مِصْرَ
