conf,end,start,word
0.319653,0.322689,0.03,وَقَامَ
0.92502,0.81,0.322689,ٱشَّعْبِيَّةُ
0.468073,1.076829,0.81,أَمْسِ
