conf,end,start,word
0.993464,0.810061,0.004794,ٱشَّعْبِيَّةُ
0.205374,1.139081,0.810061,بِمَعْنَى
