conf,end,start,word
0.293737,0.328606,0.03,قَاوَمَ
0.926786,0.781529,0.328606,ٱشَّعْبِيَّةُ
0.788526,1.17,0.781529,أَكْمَلَهَا
