conf,end,start,word
0.516086,0.307456,0.0,ٱلْمُقَاوَمَةُ
0.838515,0.81,0.307456,ٱشَّعْبِيَّةُ
0.848198,1.080038,0.81,أَنَّهَا
