conf,end,start,word
0.995568,0.84,0.001058,ٱشَّعْبِيَّةُ
0.591855,1.038329,0.84,خِلَالَ
