conf,end,start,word
0.742604,0.328093,0.03,لِجَانٌ
0.588121,0.810094,0.328093,شَعْبِيَّةٌ
0.473722,1.169479,0.810094,مُؤَيِّدَةٌ
