conf,end,start,word
0.993942,0.810351,0.0,ٱشَّعْبِيَّةُ
0.545735,0.990072,0.810351,أَنَّهَا
