conf,end,start,word
0.918303,0.87,0.0,ٱشَّعْبِيَّةُ
0.972252,0.990949,0.87,فِي
0.284842,1.138464,0.990949,مِصْرَ
