conf,end,start,word
0.975768,0.783295,0.0,ٱشَّعْبِيَّةُ
0.598831,1.168903,0.783295,تُسَيْطِرُ
