conf,end,start,word
0.999628,0.83842,0.0,ٱشَّعْبِيَّةُ
0.941747,0.988756,0.84,فِي
0.198546,1.081971,0.99,مِصْرَ
