conf,end,start,word
0.861328,0.810414,0.3,ٱشَّعْبِيَّةُ
0.928217,0.982298,0.810414,فِي
0.380271,1.168574,0.99,تَعِزَّ
