conf,end,start,word
0.991355,0.84,0.022252,ٱشَّعْبِيَّةُ
0.990436,0.931103,0.84,فِي
0.629551,1.17,0.931103,ٱلْمِنْطَقَةِ
