conf,end,start,word
0.772901,0.419754,0.0,ٱسِّلْمِ
1.0,0.72,0.419754,ٱشَّيْخُ
1.0,1.02008,0.75,تَمِيمْ
0.985345,1.080113,1.02008,بِنْ
0.970377,1.17,1.080113,حَمَدْ
