conf,end,start,word
0.992744,0.87,0.002877,ٱشَّعْبِيَّةُ
0.924263,0.971699,0.87,فِي
0.221398,1.17,0.971699,ٱلْمِنْطَقَةِ
