conf,end,start,word
0.97172,0.72,0.360363,ٱشَّيْخُ
1.0,0.929957,0.75,عَبْدُ
0.781493,1.094526,0.930784,ٱلَّهِ
