conf,end,start,word
0.86417,0.72,0.423687,ٱشَّيْخُ
0.969605,1.068996,0.72,مُحَمَّدْ
