conf,end,start,word
0.990746,0.39,0.030668,شَرْمَ
1.0,0.75,0.39,ٱشَّيْخِ
0.774306,1.08,0.78,عَبْرَ
