conf,end,start,word
0.336812,0.309986,0.0,ٱلْوَزِيرُ
0.829624,0.479365,0.309986,يَا
0.875768,0.720117,0.479365,شَيْخُ
0.779161,1.018357,0.720173,مُحَمَّدْ
0.597812,1.169688,1.019844,مُرْسِي
