conf,end,start,word
0.467555,0.258762,0.03,تَفْعِيلُ
1.0,0.450068,0.258762,وِلْدِ
0.995933,0.690619,0.450068,ٱشَّيْخِ
0.977394,1.08,0.72,أَحْمَدْ
