conf,end,start,word
0.998978,0.72,0.0,ٱشَّيْخُ
0.99023,1.03047,0.75,صُبَاحْ
0.396964,1.17,1.03047,ٱسَّبْتَ
