conf,end,start,word
1.0,0.39,0.03,قَطَرْ
1.0,0.72,0.39,ٱشَّيْخُ
1.0,1.021249,0.75,تَمِيمْ
0.922046,1.08,1.021249,بِنْ
0.891025,1.17,1.08,حَمَدْ
