conf,end,start,word
1.0,0.45,0.030322,قَطَرْ
1.0,0.72,0.45,ٱشَّيْخُ
1.0,0.990126,0.75,تَمِيمْ
0.99486,1.08,0.990126,بِنْ
0.99486,1.17,1.08,حَمَدْ
