conf,end,start,word
1.0,0.45,0.03,قَطَرْ
1.0,0.75,0.45,ٱشَّيْخُ
1.0,1.022089,0.78,تَمِيمْ
0.96904,1.083026,1.022089,بِنْ
0.908725,1.17,1.083026,حَمَدْ
