conf,end,start,word
0.652665,0.450069,0.0,ٱلْقَطَرِيَّةِ
0.983212,0.69,0.450069,ٱشَّيْخُ
0.997689,1.031191,0.69,مُحَمَّدْ
0.599351,1.169116,1.049116,مُرْسِي
