conf,end,start,word
1.0,0.72,0.365288,ٱشَّيْخُ
1.0,1.051686,0.72,مُحَمَّدْ
0.771616,1.17,1.051686,مُرْسِي
