conf,end,start,word
1.0,0.42,0.03,قَطَرْ
1.0,0.75,0.42,ٱشَّيْخُ
1.0,1.005212,0.78,تَمِيمْ
0.624803,1.055837,1.005212,بِنْ
0.559911,1.14,1.055837,حَمَدْ
