conf,end,start,word
0.409866,0.42,0.15,ظَبْيٍ
0.99863,0.69,0.421972,ٱشَّيْخُ
1.0,1.044848,0.72,مُحَمَّدْ
0.473315,1.17,1.05,مُرْسِي
