conf,end,start,word
0.997337,0.780081,0.002865,ٱشَّيْخُ
0.942038,1.121478,0.780081,مُحَمَّدْ
