conf,end,start,word
0.674409,0.42,0.03,قَطَرِيٌّ
1.0,0.72,0.42789,ٱشَّيْخُ
0.998136,1.051365,0.72,مُحَمَّدْ
0.463441,1.17,1.051365,مُرْسِي
