conf,end,start,word
0.508092,0.433895,0.0,ٱلْوَالِدُ
0.98748,0.72,0.433895,ٱشَّيْخُ
0.910295,1.074283,0.75,أَحْمَدْ
