conf,end,start,word
0.773871,0.419898,0.03,يَلْتَقِي
1.0,0.72,0.419898,ٱشَّيْخُ
1.0,1.021652,0.75,تَمِيمْ
0.87504,1.084117,1.021652,بِنْ
0.788541,1.17,1.084117,حَمَدْ
