conf,end,start,word
0.485638,0.456066,0.03,قَطَرِيَّةٌ
0.708963,0.72,0.456066,ٱشَّيْخُ
0.919916,1.050458,0.72,مُحَمَّدْ
0.465245,1.17,1.050458,مُرْسِي
