conf,end,start,word
1.0,0.45,0.0,ٱلْكُوَيْتِ
0.999681,0.69,0.45,ٱشَّيْخُ
0.679443,0.933767,0.72,نُوَّابْ
0.414371,1.018809,0.933767,فِي
