conf,end,start,word
0.713765,0.366194,0.0,أَضَافَ
1.0,0.75,0.366194,ٱشَّيْخُ
1.0,1.02084,0.78,تَمِيمْ
0.979985,1.08086,1.02084,بِنْ
0.957248,1.17,1.08086,حَمَدْ
