conf,end,start,word
0.917126,0.42,0.0,ٱلْقَطَرِيَّةِ
1.0,0.66,0.42,ٱشَّيْخُ
0.996855,1.026866,0.66,مُحَمَّدْ
0.533954,1.14,1.026866,مُرْسِي
