conf,end,start,word
0.977192,0.389485,0.06,وَكَانَ
0.993851,0.72,0.389485,ٱشَّيْخُ
0.995704,1.104396,0.753236,فَيْصَلْ
