conf,end,start,word
1.0,0.39,0.03,قَطَرْ
1.0,0.75,0.39,ٱشَّيْخُ
1.0,1.021377,0.78,تَمِيمْ
0.960481,1.080612,1.021377,بِنْ
0.949628,1.17,1.080612,حَمَدْ
