conf,end,start,word
0.392482,0.453478,0.03,قَطَرِيٌّ
0.683339,0.72,0.462549,ٱشَّيْخُ
0.906712,1.026061,0.72,مُحَمَّدْ
0.646219,1.14,1.026061,مُرْسِي
