conf,end,start,word
1.0,0.39038,0.030388,قَطَرْ
0.972106,0.69,0.39038,ٱشَّيْخُ
0.997482,1.02303,0.69,مُحَمَّدْ
0.509887,1.14,1.02303,مُرْسِي
