conf,end,start,word
0.933295,0.449116,0.03,تَلَتِ
1.0,0.720145,0.449116,ٱشَّيْخُ
0.983894,1.052357,0.720145,مُحَمَّدْ
0.403024,1.17,1.052357,مُرْسِي
