conf,end,start,word
0.677704,0.42,0.0,ٱلْقَطَرِيُّ
1.0,0.75,0.420681,ٱشَّيْخُ
0.998299,1.051261,0.75,مُحَمَّدْ
0.743343,1.17,1.051261,مُرْسِي
