conf,end,start,word
0.489489,0.295823,0.03,قَطَرْ
1.0,0.75,0.295823,ٱشَّيْخُ
1.0,1.02167,0.78,تَمِيمْ
0.948456,1.157572,1.02167,بِنْ
