conf,end,start,word
0.994534,0.78,0.39,ٱشَّيْخُ
1.0,1.020284,0.780164,مُحَمَّدْ
0.894285,1.14,1.020284,مُرْسِي
