conf,end,start,word
0.552009,0.420067,0.002603,أُحَيِّي
0.974502,0.75,0.420067,ٱشَّيْخَ
0.16294,0.997744,0.78,عَبْدَ
