conf,end,start,word
1.0,0.42,0.03,قَطَرْ
1.0,0.75,0.42,ٱشَّيْخُ
1.0,1.020079,0.78,تَمِيمْ
0.994166,1.085348,1.020079,بِنْ
0.889543,1.17,1.085348,حَمَدْ
