conf,end,start,word
0.688016,0.39288,0.12,خَانُ
0.879867,0.78,0.396011,ٱشَّيْخِ
