conf,end,start,word
0.395101,0.39,0.0,ٱلْقَطَرِيَّةِ
1.0,0.75,0.390444,ٱشَّيْخُ
0.997768,1.022499,0.78,مُحَمَّدْ
0.772793,1.14,1.022499,مُرْسِي
