conf,end,start,word
0.986625,0.42,0.03,قَالَ
0.994592,0.75,0.420403,ٱشَّيْخُ
0.974264,1.17,0.75,مُحَمَّدْ
