conf,end,start,word
0.60248,0.45,0.0,ٱسَّابِقَةِ
0.652862,0.72,0.45,ٱشَّيْخُ
0.948237,0.989261,0.75,عَلِي
0.473745,1.14,0.99,سَلْمَانْ
