conf,end,start,word
0.993436,0.38962,0.03,قَطَرْ
1.0,0.75,0.38962,ٱشَّيْخُ
1.0,1.070994,0.78,تَمِيمْ
