conf,end,start,word
0.292299,0.389629,0.03,شَهِيدٌ
0.968515,0.75,0.390784,ٱشَّيْخُ
0.61298,1.042345,0.75,وَحِيدْ
