conf,end,start,word
1.0,0.75,0.363378,ٱشَّيْخُ
1.0,1.026312,0.78,تَمِيمْ
0.53287,1.081156,1.026312,بِنْ
0.521802,1.17,1.081156,حَمَدْ
