conf,end,start,word
0.544427,0.325823,0.0,أَيَّامُ
0.93785,0.75,0.325823,ٱشَّيْخِ
0.963717,1.065977,0.78,تَمِيمْ
