conf,end,start,word
0.479196,0.379757,0.18,آلِ
0.993096,0.72,0.379757,ٱشَّيْخِ
1.0,0.96,0.75,رَائِدْ
0.993096,1.17,0.99,صَلَاحْ
