conf,end,start,word
0.642783,0.15,0.0,أَبُو
0.642783,0.418599,0.15,ظَبِي
1.0,0.72,0.418599,ٱشَّيْخُ
1.0,1.021671,0.72,مُحَمَّدْ
0.816644,1.14,1.021671,مُرْسِي
