conf,end,start,word
1.0,0.36,0.03,قَطَرْ
1.0,0.78,0.36,ٱشَّيْخُ
1.0,1.03478,0.81,تَمِيمْ
0.940679,1.100775,1.03478,بِنْ
0.514391,1.17,1.100775,حَمَدْ
