conf,end,start,word
0.940847,0.721802,0.219851,ٱشَّيْخُ
0.180875,1.14,0.75,عَقِيدَةٌ
