conf,end,start,word
1.0,0.42,0.03,قَطَرْ
1.0,0.72,0.42,ٱشَّيْخُ
1.0,1.020235,0.75,تَمِيمْ
0.983803,1.093417,1.020235,بِنْ
0.693215,1.17,1.093417,حَمَدْ
