conf,end,start,word
0.767878,0.341287,0.15,وِلْدِ
1.0,0.78,0.341287,ٱشَّيْخِ
0.974627,1.1687,0.81,أَحْمَدْ
