conf,end,start,word
0.774113,0.45,0.0,ٱذَّاتِيَّةُ
0.358686,0.706563,0.45,شَيْخٌ
0.952079,1.048707,0.706563,خَلِيفَةٌ
0.504181,1.169573,1.049573,حَفْتَرٌ
