conf,end,start,word
0.839904,0.430847,0.03,قَطَرْ
0.967915,0.75,0.430847,ٱشَّيْخُ
1.0,1.050091,0.75,مُحَمَّدْ
0.86419,1.17,1.050091,مُرْسِي
