conf,end,start,word
1.0,0.72,0.01591,ٱشَّيْخُ
0.991012,0.993448,0.75,أَحْمَدْ
0.722486,1.14,0.993448,يَاسِينْ
