conf,end,start,word
0.894252,0.472201,0.27,أَنَّ
0.510713,0.72,0.472201,ٱشَّيْخَ
1.0,1.024785,0.73595,خَالِدْ
0.524131,1.14,1.024785,بَحَّاحْ
