conf,end,start,word
0.972308,0.69,0.39,ٱشَّيْخُ
0.982835,0.990595,0.72,أَحْمَدْ
0.322411,1.17,0.990595,يَاسِينْ
