conf,end,start,word
0.857718,0.449951,0.0,ٱلْوَالِدُ
0.958481,0.72,0.449951,ٱشَّيْخُ
0.561172,1.08,0.75,أَحْمَدْ
