conf,end,start,word
0.857306,0.449934,0.0,ٱلْوَلَدُ
0.989576,0.75,0.449934,ٱشَّيْخُ
0.752748,1.14,0.78,أَحْمَدْ
