conf,end,start,word
1.0,0.42,0.03,قَطَرْ
1.0,0.75,0.42,ٱشَّيْخُ
1.0,1.000985,0.78,تَمِيمْ
0.99222,1.067036,1.000985,بِنْ
0.634386,1.14,1.067036,حَمَدْ
