conf,end,start,word
0.939922,0.438347,0.0,ٱلْوَالِدُ
0.994529,0.75,0.438347,ٱشَّيْخُ
0.741721,1.058797,0.78,أَحْمَدْ
