conf,end,start,word
0.942615,0.449659,0.0,ٱلْوَالِدُ
1.0,0.75,0.449659,ٱشَّيْخُ
0.559155,1.060687,0.78,أَحْمَدْ
