conf,end,start,word
1.0,0.75,0.39,ٱشَّيْخُ
1.0,1.020509,0.78,تَمِيمْ
0.949061,1.083957,1.020509,بِنْ
0.867704,1.17,1.083957,حَمَدْ
