conf,end,start,word
0.993617,0.389896,0.0,ٱلْكُوَيْتِ
1.0,0.72,0.389896,ٱشَّيْخُ
1.0,1.026488,0.75,صُبَاحْ
0.685284,1.17,1.026488,ٱسَّبْتَ
