conf,end,start,word
0.418052,0.266776,0.0,أَيْ
1.0,0.45,0.266776,وِلْدِ
1.0,0.72,0.45,ٱشَّيْخِ
0.978513,1.169173,0.75,أَحْمَدْ
