conf,end,start,word
0.363217,0.383549,0.03,بَيْنَهُمَا
1.0,0.78,0.383549,ٱشَّيْخُ
0.988711,1.109425,0.78,وَحِيدْ
