conf,end,start,word
0.977078,0.42,0.03,كُوَيْتِيٌّ
1.0,0.75,0.420171,ٱشَّيْخُ
0.964399,1.089868,0.78,صُبَاحْ
