conf,end,start,word
1.0,0.39,0.030563,قَطَرْ
1.0,0.75,0.39,ٱشَّيْخُ
1.0,1.026296,0.78,تَمِيمْ
0.916851,1.08814,1.026296,بِنْ
0.771281,1.17,1.08814,حَمَدْ
