conf,end,start,word
0.552531,0.449245,0.0,ٱلْقَطَرِيَّةِ
0.94526,0.72,0.449245,ٱشَّيْخُ
1.0,1.020067,0.720125,مُحَمَّدْ
0.945805,1.14,1.020067,مُرْسِي
