conf,end,start,word
0.973727,0.390314,0.03,وَكَانَ
0.987998,0.72,0.390314,ٱشَّيْخُ
0.9971,1.11,0.72005,مِشْعَلٌ
