conf,end,start,word
0.519119,0.15,0.0,أَنَّ
1.0,0.78,0.36,ٱشَّيْخَ
0.992872,1.05328,0.78,مُحَمَّدْ
0.85347,1.17,1.05328,مُرْسِي
