conf,end,start,word
0.378279,0.386894,0.0,ٱسِّلْمِ
1.0,0.72,0.386894,ٱشَّيْخُ
1.0,1.050434,0.75,تَمِيمْ
