conf,end,start,word
0.732964,0.476868,0.03,كُوَيْتًا
0.746656,0.75,0.48,شَيْخٌ
0.943393,1.11,0.750039,مِشْعَلٌ
