conf,end,start,word
0.898071,0.42,0.03,وَقَالَ
0.992901,0.749989,0.42,ٱشَّيْخُ
0.184224,1.027942,0.78,نِزَاعٌ
