conf,end,start,word
0.94558,0.450611,0.0,ٱلْوَلَدُ
0.943862,0.72,0.450611,ٱشَّيْخُ
0.577535,1.109231,0.75,أَحْمَدْ
