conf,end,start,word
0.553054,0.33,0.09,قَالَ
0.904219,0.72,0.45,ٱشَّيْخُ
0.976172,0.972862,0.72,مُحَمَّدْ
0.203728,1.17,0.972862,ٱسَّنُوسِيُّ
