conf,end,start,word
0.558263,0.449857,0.0,ٱلْقَدَرِ
1.0,0.69,0.449857,ٱشَّيْخُ
1.0,1.040211,0.69,مُحَمَّدْ
0.664423,1.17,1.05,مُرْسِي
