conf,end,start,word
0.317714,0.32362,0.03,مَثَلًا
0.9904,0.840054,0.32362,ٱلْعَاصِمَةُ
0.651592,1.17,0.840054,ٱسُّودَانِيَّةُ
