conf,end,start,word
0.966743,0.839983,0.750218,فِي
0.96712,1.14,0.839983,ٱلْقِمَّةِ
