conf,end,start,word
0.985278,0.269088,0.09,فِي
1.0,0.870086,0.269088,ٱلْعَاصِمَةِ
0.996914,1.139873,0.870086,تُونِسَ
