conf,end,start,word
0.766074,0.305138,0.050832,فِي
1.0,0.840174,0.305138,ٱلْعَاصِمَةِ
0.963899,1.169732,0.840174,ٱلْقَطَرِيَّةِ
