conf,end,start,word
0.649891,0.270539,0.04149,فِي
0.990758,0.843946,0.270539,ٱلْعَاصِمَةِ
