conf,end,start,word
0.984127,0.357601,0.03,فِي
1.0,0.810092,0.357601,ٱلْعَاصِمَةِ
0.984165,1.14,0.810092,ٱتُّرْكِيَّةِ
