conf,end,start,word
0.549377,0.302755,0.18,مِنَ
1.0,0.840408,0.302755,ٱلْعَاصِمَةِ
0.587909,1.169253,0.840408,ٱلْخُرْطُومِ
