conf,end,start,word
0.96728,0.354917,0.032221,إِلَى
1.0,0.78,0.354917,ٱلْعَاصِمَةِ
0.98129,1.10679,0.78,ٱرُّوسِيَّةِ
