conf,end,start,word
0.829157,0.309299,0.03,فِي
1.0,0.780014,0.309299,ٱلْعَاصِمَةِ
0.942727,1.17,0.780014,ٱلْجَزَائِرِيَّةِ
