conf,end,start,word
0.649561,0.342847,0.252867,فِي
1.0,0.81,0.342847,ٱلْعَاصِمَةِ
1.0,1.139919,0.81,ٱلْيَمَنِيَّةِ
