conf,end,start,word
0.820217,0.26502,0.03,وَصَلَتْ
0.995507,0.359797,0.26502,إِلَى
0.998222,0.720546,0.359797,ٱلْعَاصِمَةِ
0.961352,1.076602,0.720546,ٱلْعِرَاقِيَّةِ
