conf,end,start,word
0.912856,0.353459,0.240927,فِي
1.0,0.780307,0.353459,ٱلْعَاصِمَةِ
0.91445,1.14,0.780307,ٱلْفَرَنْسِيَّةِ
