conf,end,start,word
0.970209,0.326627,0.03,فِي
1.0,0.844941,0.326627,ٱلْعَاصِمَةِ
0.207733,1.17,0.844941,ٱلْكَازَاخِيَّةِ
