conf,end,start,word
0.568872,0.262088,0.03,بَدَأَتْ
0.819489,0.349425,0.262088,فِي
0.990602,0.775653,0.349425,ٱلْعَاصِمَةِ
