conf,end,start,word
1.0,0.33,0.030497,مِنَ
1.0,0.840193,0.33,ٱلْعَاصِمَةِ
0.316531,1.098528,0.840193,ٱلْمَالِيَّةِ
