conf,end,start,word
0.939796,0.355292,0.241428,فِي
1.0,0.75,0.355292,ٱلْعَاصِمَةِ
0.925316,1.17,0.75,ٱلْبَلْجِيكِيَّةِ
