conf,end,start,word
0.85882,0.87,0.175227,ٱلْعَاصِمَةُ
0.339726,1.134308,0.87,بَعْدَ
