conf,end,start,word
0.877486,0.315307,0.032896,إِلَى
1.0,0.81,0.315307,ٱلْعَاصِمَةِ
0.964711,1.17,0.81,ٱسُّعُودِيَّةِ
