conf,end,start,word
0.768761,0.306273,0.03922,فِي
1.0,0.898104,0.306273,ٱلْعَاصِمَةِ
