conf,end,start,word
0.994597,0.359612,0.03,شَهِدَتِ
1.0,0.747273,0.359612,ٱلْعَاصِمَةُ
1.0,1.055551,0.752727,بَارِيسْ
