conf,end,start,word
0.991003,0.869672,0.28771,ٱلْعَاصِمَةُ
0.160805,1.168778,0.87,بَامَاكُو
