conf,end,start,word
0.995398,0.299541,0.03,فِي
1.0,0.84,0.299541,ٱلْعَاصِمَةِ
0.537681,1.17,0.84,يَعْنِي
