conf,end,start,word
0.975842,0.328759,0.24,فِي
1.0,0.810027,0.328759,ٱلْعَاصِمَةِ
0.932348,1.14,0.810027,ٱلْأَفْغَانِيَّةِ
