conf,end,start,word
0.854348,0.328361,0.210263,فِي
1.0,0.84,0.328361,ٱلْعَاصِمَةِ
0.496045,1.17,0.84,ٱسُّعُودِيَّةِ
