conf,end,start,word
0.997896,0.329748,0.03,فِي
1.0,0.844984,0.329748,ٱلْعَاصِمَةِ
0.253784,1.11,0.844984,ٱلْيَمَنِيَّةِ
