conf,end,start,word
0.755682,0.237406,0.03,مَا
0.985087,0.32925,0.237406,فِي
1.0,0.84,0.32925,ٱلْعَاصِمَةِ
0.709898,1.14,0.84,ٱسُّعُودِيَّةِ
