conf,end,start,word
0.370965,0.296562,0.0,ٱدُّنْيَا
0.996911,0.389964,0.296562,فِي
1.0,0.78,0.389964,ٱلْعَاصِمَةِ
1.0,1.138851,0.78,ٱلْفَرَنْسِيَّةِ
