conf,end,start,word
0.953545,0.329981,0.03,قُرْبَ
1.0,0.81,0.329981,ٱلْعَاصِمَةِ
0.982727,1.167836,0.81,بَارِيسْ
