conf,end,start,word
0.756395,0.277656,0.03,وَسَطَ
1.0,0.840012,0.277656,ٱلْعَاصِمَةِ
0.998957,1.169831,0.840012,بَارِيسْ
