conf,end,start,word
0.377588,0.29988,0.03,مِنْ
0.819156,0.382343,0.29988,فِي
0.991266,0.75,0.382343,ٱلْعَاصِمَةِ
1.0,1.109849,0.75,ٱصُّومَالِيَّةِ
