conf,end,start,word
0.989336,0.299895,0.0,ٱلْيَوْمَ
0.994425,0.419866,0.299895,فِي
1.0,0.75,0.419866,ٱلْعَاصِمَةِ
0.995762,1.138696,0.75,ٱتُّرْكِيَّةِ
