conf,end,start,word
0.712784,0.24,0.03,لَا
0.971491,0.357762,0.24,فِي
1.0,0.780032,0.357762,ٱلْعَاصِمَةِ
0.997701,1.14,0.780032,ٱلْعِرَاقِيَّةِ
