conf,end,start,word
0.727847,0.286856,0.18,فِي
1.0,0.840131,0.286856,ٱلْعَاصِمَةِ
0.385015,1.11,0.840131,ٱلْمَوْتُ
