conf,end,start,word
0.499389,0.385575,0.33,فِي
1.0,0.78002,0.385575,ٱلْعَاصِمَةِ
0.99859,1.14,0.78002,ٱتُّونِسِيَّةِ
