conf,end,start,word
0.910919,0.291604,0.03,وَسَطَ
1.0,0.862652,0.291604,ٱلْعَاصِمَةِ
0.500724,1.17,0.87,لَنْدَنْ
