conf,end,start,word
1.0,0.870003,0.0,ٱلْعَاصِمَةُ
0.181423,0.992747,0.870003,مَا
