conf,end,start,word
0.991236,0.27,0.03,عَنْ
0.499508,0.355259,0.27,فِي
1.0,0.81,0.355259,ٱلْعَاصِمَةِ
0.928308,1.14,0.81,ٱسُّعُودِيَّةِ
