conf,end,start,word
0.737358,0.261165,0.03,شَمَالَ
1.0,0.840167,0.261165,ٱلْعَاصِمَةِ
0.866463,1.17,0.840167,ٱلْيَمَنِيَّةِ
