conf,end,start,word
0.695789,0.360015,0.03,تَشْهَدُ
0.999656,0.810044,0.368932,ٱلْعَاصِمَةُ
0.838385,1.14,0.810044,ٱنَّمْسَاوِيَّةُ
