conf,end,start,word
0.933971,0.265444,0.03,فِي
1.0,0.9,0.265444,ٱلْعَاصِمَةِ
0.885048,1.17,0.93,دِمَشْقَ
