conf,end,start,word
0.985022,0.29851,0.03,فِي
1.0,0.84,0.29851,ٱلْعَاصِمَةِ
0.969539,1.093083,0.84,ٱلِّيبِيَّةِ
