conf,end,start,word
0.714302,0.312435,0.033617,فِي
0.846533,0.81,0.312435,ٱلْعَاصِمَةِ
0.808085,1.17,0.81,ٱلْيُونَامِيدْ
