conf,end,start,word
0.540097,0.297755,0.194635,فِي
0.99897,0.743335,0.297755,ٱلْعَاصِمَةِ
0.77158,1.16005,0.75,وَاشِنْطُنْ
