conf,end,start,word
0.996248,0.35943,0.03,وَسَطَ
1.0,0.81,0.35943,ٱلْعَاصِمَةِ
0.982811,1.132363,0.81,بَيْرُوتَ
