conf,end,start,word
0.960617,0.389905,0.03,بَلْ
0.966043,0.87834,0.389905,عَاصِمَةُ
0.12042,1.17,0.87834,آتْشِيهْ
