conf,end,start,word
0.700419,0.248901,0.03,فِي
1.0,0.869203,0.248901,ٱلْعَاصِمَةِ
0.841507,1.17,0.87,ٱلْمِصْرِيَّةِ
