conf,end,start,word
0.754611,0.298732,0.03,مَا
0.770151,0.387458,0.298732,فِي
1.0,0.78,0.387458,ٱلْعَاصِمَةِ
1.0,1.14,0.78,ٱسُّعُودِيَّةِ
