conf,end,start,word
0.57509,0.359898,0.0,ٱزْدَادَ
0.999046,0.81,0.359898,ٱلْعَامُ
0.793022,1.059242,0.81,بَعْدَ
