conf,end,start,word
0.945138,0.419642,0.030547,إِلَى
1.0,0.810073,0.45,ٱلْعَامِ
0.984631,1.08,0.810073,ٱلْمَاضِي
