conf,end,start,word
0.733644,0.407138,0.0,ٱلْمُدَّعِي
1.0,0.750507,0.407138,ٱلْعَامُّ
0.578818,1.14,0.750507,لِنِّظَامِ
