conf,end,start,word
0.801651,0.419807,0.03,عَالَمِيَّةٌ
0.822873,0.69,0.419807,ٱلْعَامَ
0.833354,1.14,0.690237,ٱلْمُقْبِلَ
