conf,end,start,word
0.98954,0.809991,0.3,ٱلْعَامُّ
0.466174,1.010943,0.81,وَفِي
