conf,end,start,word
0.921683,0.35736,0.0,أَوِ
0.950522,0.750112,0.35736,ٱلْعَامِّ
0.993181,0.9,0.750814,فِي
0.681783,1.14,0.9,وِلَايَةِ
