conf,end,start,word
0.940463,0.389754,0.0,أَمِينُهُ
1.0,0.81,0.389754,ٱلْعَامُّ
0.195397,1.169603,0.81,لِلْأُمِّ
