conf,end,start,word
0.920396,0.240105,0.03,فِي
0.993692,0.78,0.27,ٱلْعَامِ
