conf,end,start,word
0.770531,0.389274,0.03,دَعَوُ
0.455926,0.74899,0.390388,ٱلْعَالَمَ
0.796858,0.960923,0.84,فِي
