conf,end,start,word
0.822458,0.33,0.0,ٱلْأَمِينُ
0.999721,0.75,0.345958,ٱلْعَامُّ
0.133621,1.17,1.05,ٱلْآنَ
