conf,end,start,word
0.53742,0.419271,0.03,دُعَائِيٌّ
0.7678,0.743569,0.419271,عَامٌّ
