conf,end,start,word
1.0,0.36,0.0,ٱلْأَمِينُ
1.0,0.78,0.36,ٱلْعَامُّ
0.557328,0.960076,0.78,بَانْ
0.505369,1.080585,0.960076,كِي
0.482214,1.17,1.080585,مُونْ
