conf,end,start,word
0.958346,0.355324,0.03,مُدِيرٌ
0.807793,0.779951,0.42,عَامٌّ
0.144989,1.169432,0.81,لِلْوَقْتِ
