conf,end,start,word
0.967234,0.420716,0.03,مَالِيٌّ
0.544891,0.744164,0.420716,عَامٌّ
