conf,end,start,word
0.679018,0.450053,0.03,وَطَنِيَّةٌ
0.990142,0.69,0.450053,عَامٌّ
0.998819,0.84,0.690211,فِي
0.995154,1.129975,0.84,لِيبْيَا
