conf,end,start,word
0.826364,0.479885,0.032807,تَنْمُو
1.0,0.69,0.479885,ٱلْعَامَ
1.0,1.109581,0.69,ٱلْمَاضِيَ
