conf,end,start,word
0.994371,0.4195,0.03,غَزَّةَ
0.969473,0.75,0.4195,ٱلْعَامَ
0.978892,1.139745,0.750577,ٱلْمَاضِيَ
