conf,end,start,word
1.0,0.48,0.0,ٱلْمُدَّعِي
1.0,0.72,0.48,ٱلْعَامُّ
0.98931,0.842139,0.72,فِي
0.562383,1.169212,0.842139,مُؤْتَمَرٍ
