conf,end,start,word
1.0,0.42,0.216106,هَذَا
1.0,0.75,0.42,ٱلْعَامَ
0.999559,0.9,0.75,عَلَى
0.783369,1.139614,0.93,خَلْفِيَّةِ
