conf,end,start,word
0.791824,0.419973,0.06,رَامِي
0.927785,0.81,0.419973,ٱلْعَامُ
0.166434,1.081557,0.81,بِمَعْنَى
