conf,end,start,word
0.579322,0.430202,0.06,قَضَوُ
0.538543,0.69,0.44982,ٱلْعَامَ
1.0,1.022832,0.69,ٱلْمَاضِيَ
