conf,end,start,word
0.633042,0.36,0.0,ٱلْوَطَنِيِّ
0.991577,0.75,0.362834,ٱلْعَامِّ
0.745619,1.054088,0.81,مُحَمَّدْ
0.558958,1.17,1.054088,مُرْسِي
