conf,end,start,word
0.97852,0.45,0.0,ٱلِّيبِيِّ
0.997875,0.720443,0.45,ٱلْعَامِّ
0.933273,0.942855,0.720443,نُورِي
0.449701,1.14,0.942855,ٱلْمَالِكِيِّ
