conf,end,start,word
1.0,0.42,0.0,ٱلْأَمِينُ
1.0,0.720013,0.42,ٱلْعَامُّ
0.61473,0.87064,0.720013,إِنَّ
0.118309,1.169734,0.87064,ٱلْمُنَظَّمَةَ
