conf,end,start,word
0.889531,0.329772,0.03,مُدِيرٌ
0.858414,0.78,0.329772,عَامٌّ
