conf,end,start,word
0.803321,0.449649,0.03,مَدَارَ
0.990597,0.75,0.45,عَامٍ
0.595602,1.17,0.75,ٱلْمَاضِيَةِ
