conf,end,start,word
0.33591,0.413151,0.0,أَنَا
0.60084,0.745348,0.413151,ٱلْعَامِلُ
0.930343,1.147966,0.745348,ٱلْجَدِيدُ
