conf,end,start,word
0.961703,0.391937,0.0,أَيَّارَ
0.978059,0.689642,0.393235,ٱلْعَامِ
0.992374,1.10931,0.689642,ٱلْمَاضِي
