conf,end,start,word
0.980468,0.48,0.329581,كُلَّ
0.980435,0.690514,0.48,عَامٍ
0.939124,1.074181,0.690514,ٱلْمَاضِيَةِ
