conf,end,start,word
0.814643,0.330926,0.0,ٱدِّعَاءُ
0.974857,0.81,0.332345,ٱلْعَامِّ
