conf,end,start,word
0.920941,0.416023,0.03,وَفِي
0.985914,0.75,0.416023,ٱلْعِرَاقِ
0.978897,1.079658,0.75,أَيْضًا
