conf,end,start,word
0.960723,0.386501,0.27,فِي
1.0,0.78,0.386501,ٱلْعِرَاقِ
0.970437,1.109837,0.78,ٱلِّوَاءُ
