conf,end,start,word
1.0,0.33,0.03,يَزُورُ
1.0,0.78084,0.33,ٱلْعِرَاقَ
0.897282,0.997178,0.78084,لَنْ
