conf,end,start,word
0.923351,0.383356,0.27,فِي
1.0,0.78,0.383356,ٱلْعِرَاقِ
0.368658,1.17,0.78,لِتَصْحِيحِ
