conf,end,start,word
0.997633,0.269787,0.0,أَنَّ
1.0,0.81,0.269787,ٱلْعِرَاقَ
0.18726,1.16973,0.81,يَعْنِي
