conf,end,start,word
0.99344,0.419922,0.3,فِي
0.998298,0.75,0.419922,ٱلْعِرَاقِ
0.768603,1.05015,0.750136,أَنْصَارُ
0.760605,1.17,1.05015,ٱلَّهِ
