conf,end,start,word
0.988347,0.419961,0.3,فِي
1.0,0.75,0.419961,ٱلْعِرَاقِ
0.935588,1.06861,0.75,بِنَحْوِ
