conf,end,start,word
0.980906,0.41667,0.18,فِي
1.0,0.75,0.41667,ٱلْعِرَاقِ
0.992811,1.019619,0.75,يَنْضَمُّ
0.881312,1.17,1.02,إِلَيْنَا
