conf,end,start,word
0.946581,0.326748,0.06,زَارَ
1.0,0.781408,0.326748,ٱلْعِرَاقَ
0.715774,1.062071,0.781408,قَبْلَ
