conf,end,start,word
0.978414,0.386057,0.03,فِي
0.999705,0.78,0.386057,ٱلْعِرَاقِ
0.298883,1.037247,0.78,أَعْلَنَ
