conf,end,start,word
0.870003,0.23449,0.03,مَا
0.998863,0.87,0.23449,لِلْعِرَاقِ
