conf,end,start,word
0.996542,0.299967,0.031286,شَمَالَ
1.0,0.87,0.299967,ٱلْعِرَاقِ
