conf,end,start,word
0.860147,0.380385,0.301079,فِي
1.0,0.75,0.380385,ٱلْعِرَاقِ
0.311737,1.010924,0.75,ٱلَّتِي
