conf,end,start,word
0.911131,0.349375,0.18,إِلَى
1.0,0.69,0.349375,ٱلْعِرَاقِ
0.998848,0.900518,0.72,حَيْثُ
