conf,end,start,word
1.0,0.36,0.030331,شَمَالَ
1.0,0.78,0.36,ٱلْعِرَاقِ
0.992701,0.992891,0.81,عَبْرَ
0.781046,1.17,0.992891,فِيسْبُوكْ
