conf,end,start,word
0.450242,0.27,0.0,ٱلْأَمْنِيُّ
0.949854,0.359816,0.273476,فِي
0.983802,0.749891,0.359816,ٱلْعِرَاقِ
