conf,end,start,word
0.758901,0.288614,0.18,فِي
1.0,0.87,0.288614,ٱلْعِرَاقِ
0.704113,1.17,0.87,وَسُورِيَا
