conf,end,start,word
0.993609,0.389662,0.24,فِي
1.0,0.75,0.389662,ٱلْعِرَاقِ
0.348946,1.032148,0.78,حَسَبَ
