conf,end,start,word
0.972962,0.359981,0.03,سِيَادَةُ
0.997128,0.806764,0.359981,ٱلْعِرَاقِ
