conf,end,start,word
0.81456,0.307957,0.041958,فِي
1.0,0.780188,0.307957,ٱلْعِرَاقِ
0.34017,1.17,0.780188,بِتَصَوُّرِكَ
