conf,end,start,word
0.999522,0.36,0.27,فِي
1.0,0.809863,0.36,ٱلْعِرَاقِ
0.749553,1.035631,0.81,فِي
0.214407,1.17,1.050261,مِصْرَ
