conf,end,start,word
0.808282,0.344928,0.240136,فِي
1.0,0.72,0.344928,ٱلْعِرَاقِ
0.823113,0.969804,0.72,أَنَّهُ
