conf,end,start,word
0.921463,0.419301,0.33,فِي
0.994689,0.72,0.419301,ٱلْعِرَاقِ
0.987147,1.08,0.72,أَيْضًا
