conf,end,start,word
0.824745,0.3,0.0,ٱثَّانِي
1.0,0.42,0.300343,فِي
1.0,0.750021,0.42,ٱلْعِرَاقِ
0.997768,0.9,0.750021,عَنْ
0.862491,1.139786,0.9,وَفَاةِ
