conf,end,start,word
0.81173,0.346618,0.24,فِي
1.0,0.78,0.346618,ٱلْعِرَاقِ
0.474999,1.17,0.78,تَشْكِيلٌ
