conf,end,start,word
0.516745,0.359702,0.03,مَالِيُّ
0.977524,0.81,0.359702,ٱلْعِرَاقِ
0.215393,1.14,0.81,بِٱلِٱتِّفَاقِ
