conf,end,start,word
0.989542,0.41884,0.3,فِي
1.0,0.75,0.41884,ٱلْعِرَاقِ
0.482468,1.164947,0.75,يَتَعَرَّضُ
