conf,end,start,word
0.967038,0.387514,0.27,فِي
0.99842,0.78,0.387514,ٱلْعِرَاقِ
0.554563,1.14,0.81,نُقِلَ
