conf,end,start,word
0.660118,0.26359,0.0,أَحْمَرُ
0.995572,0.359922,0.26359,فِي
0.996728,0.78,0.359922,ٱلْعِرَاقِ
