conf,end,start,word
0.831997,0.329655,0.0,ٱلْأَمْنِيُّ
0.999162,0.42,0.329655,فِي
0.999162,0.72,0.42,ٱلْعِرَاقِ
