conf,end,start,word
0.819614,0.386208,0.0,سِنُّ
1.0,0.750026,0.386208,ٱلْعِرَاقِ
0.998405,1.168437,0.750026,مَسْعُودْ
