conf,end,start,word
0.994414,0.359498,0.219599,فِي
1.0,0.78,0.359498,ٱلْعِرَاقِ
0.668372,1.138118,0.78,أَصْبَحَ
