conf,end,start,word
0.991473,0.862572,0.302732,ٱلْعِرَاقُ
0.321615,1.17,0.87,وَسُورِيَا
