conf,end,start,word
0.698972,0.340737,0.06,غَرْبِيَّ
0.967131,0.84,0.340737,ٱلْعِرَاقِ
