conf,end,start,word
0.992724,0.33,0.03,شَمَالَ
1.0,0.78,0.330218,ٱلْعِرَاقِ
0.971474,1.042479,0.78,مُنْذُ
