conf,end,start,word
0.321784,0.39,0.03,لِغَرَضِ
1.0,0.78,0.390042,ٱلْعِرَاقِ
0.850953,0.960238,0.78,بَيْنَ
0.283797,1.17,0.960238,ٱلْقُوَّتَيْنِ
