conf,end,start,word
0.79721,0.371477,0.242214,فِي
0.99783,0.781437,0.371477,ٱلْعِرَاقِ
0.235541,1.17,0.781437,وَيَضْرِبُ
