conf,end,start,word
0.940081,0.78004,0.123105,ٱلْعِرَاقُ
0.90774,0.967725,0.780073,أَنَا
