conf,end,start,word
0.994859,0.39,0.12,إِلَى
1.0,0.78221,0.39,ٱلْعِرَاقِ
0.911893,1.076174,0.81,حَيْثُ
