conf,end,start,word
0.536906,0.39,0.03,سَفِيرُ
0.979376,0.750261,0.39,ٱلْعِرَاقِ
0.914214,0.975458,0.750261,لَدَى
