conf,end,start,word
0.890227,0.379594,0.24,فِي
0.997796,0.810118,0.379594,ٱلْعِرَاقِ
0.367508,1.17,0.810118,وَأَفْغَانِسْتَانَ
