conf,end,start,word
0.991251,0.36,0.03,غَرْبَ
1.0,0.81,0.360029,ٱلْعِرَاقِ
0.938762,0.977173,0.81,بَيْنَ
0.210084,1.17,1.02,قَوْسَيْنِ
