conf,end,start,word
0.365172,0.24,0.0,ٱلْوَضْعُ
0.877848,0.358223,0.244385,فِي
0.937503,0.75,0.358223,ٱلْعِرَاقِ
0.954458,1.168805,0.752922,وَٱلْيَمَنِ
