conf,end,start,word
0.920961,0.78,0.057991,ٱلْعِرَاقُ
0.620022,1.093033,0.781158,أَفَادَ
