conf,end,start,word
1.0,0.33,0.181241,فِي
1.0,0.779956,0.33,ٱلْعِرَاقِ
0.738743,1.020398,0.78,وَفِي
0.320777,1.17,1.020398,سُورِيَا
