conf,end,start,word
0.622617,0.291211,0.06756,فِي
1.0,0.78,0.291211,ٱلْعِرَاقِ
0.998942,1.166888,0.78,وَٱلْيَمَنِ
