conf,end,start,word
0.454364,0.269729,0.0,أَنَّهُ
0.986048,0.811027,0.269729,بِٱلْعِرَاقِ
0.678263,1.17,0.811027,ٱتِّسَاعٌ
