conf,end,start,word
0.962164,0.33,0.060669,غَرْبَ
1.0,0.78,0.330378,ٱلْعِرَاقِ
0.371318,1.168104,0.921646,ٱسِّيسِيُّ
