conf,end,start,word
0.954616,0.35635,0.09,فِي
1.0,0.81,0.35635,ٱلْعِرَاقِ
0.943814,1.136076,0.81,أَيْضًا
