conf,end,start,word
0.935679,0.389014,0.243011,إِلَى
0.948245,0.75,0.389014,ٱلْعِرَاقِ
0.985402,0.87,0.75,فِي
0.480173,1.139625,0.87,زِيَارَةٍ
