conf,end,start,word
0.977302,0.327147,0.03,فِي
1.0,0.81,0.327147,ٱلْعِرَاقِ
0.542034,1.064285,0.81,لَيْسَ
