conf,end,start,word
0.764555,0.356472,0.0,ٱلْجَنُوبِيَّةُ
0.983927,0.78,0.356472,ٱلْعِرَاقُ
0.233538,1.137357,0.780329,أَغْلَقَتْ
