conf,end,start,word
0.996758,0.419895,0.03,فِي
1.0,0.75,0.419895,ٱلْعِرَاقِ
0.783609,1.14,0.75,ٱلْجِنِرَالُ
