conf,end,start,word
0.97089,0.840159,0.038056,ٱلْعِرَاقِيَّةُ
0.933097,0.971712,0.840159,فِي
0.186603,1.14,0.971712,مُوَاجَهَةِ
