conf,end,start,word
0.927413,0.780045,0.164494,ٱلْعِرَاقِيَّةُ
0.952906,0.9,0.780045,فِي
0.157575,1.14,0.9,بَيْرُوتَ
