conf,end,start,word
0.43569,0.416138,0.03,فِعْلًا
0.555201,0.956279,0.82175,أَنَّ
