conf,end,start,word
0.896105,0.317506,0.0,ٱشُّرْطَةِ
1.0,0.81,0.317506,ٱلْعِرَاقِيَّةِ
0.870819,0.960296,0.81,فِي
0.678342,1.17,0.960296,كَرْكُوكَ
