conf,end,start,word
0.989405,0.870029,0.008267,ٱلْعِرَاقِيَّةُ
0.67729,1.169723,0.870029,تَمَكَّنَتْ
