conf,end,start,word
0.974584,0.87,0.003315,ٱلْعِرَاقِيَّةُ
0.477299,1.108531,0.87,قَدْ
