conf,end,start,word
1.0,0.810428,0.050909,ٱلْعِرَاقِيَّةُ
0.432236,1.102578,0.810428,قَرِيبًا
