conf,end,start,word
0.62697,0.781241,0.183577,ٱلْعِرَاقِيُّ
0.590133,1.051617,0.783407,مُحَمَّدْ
0.275578,1.17,1.051617,مُرْسِي
