conf,end,start,word
0.526351,0.328771,0.0,أَطْرَافٌ
0.935633,0.839774,0.328771,عِرَاقِيَّةٌ
0.792324,1.14,0.839774,سِيَاسِيَّةٌ
