conf,end,start,word
0.994456,0.840773,0.009693,ٱلْعِرَاقِيَّةُ
0.673392,0.966337,0.840773,أَنَا
