conf,end,start,word
0.99931,0.870015,0.002454,ٱلْعِرَاقِيَّةُ
0.189411,1.17,0.870015,حَظْرٌ
