conf,end,start,word
0.784789,0.298996,0.0,أَمْنِيَّةُ
0.735167,0.870008,0.298996,ٱلْعِرَاقِيِّ
0.454249,1.17,0.871442,هِشَامْ
