conf,end,start,word
0.691545,0.274318,0.0,ٱلْقُوَّاتُ
1.0,0.840081,0.274318,ٱلْعِرَاقِيَّةُ
0.971657,1.071411,0.840081,ٱلَّتِي
