conf,end,start,word
0.999818,0.810262,0.119831,ٱلْعِرَاقِيَّةُ
0.46967,1.055021,0.810262,قُرْبَ
