conf,end,start,word
0.691827,0.33,0.0,ٱلْقُوَى
1.0,0.811789,0.33,ٱلْعِرَاقِيَّةُ
0.443433,1.060559,0.811789,ٱلَّذِي
