conf,end,start,word
0.840687,0.294173,0.03,حَاكِمٌ
0.99426,0.810019,0.294173,عِرَاقِيَّةٌ
0.977912,1.17,0.810019,مُخْتَلِفَةٌ
