conf,end,start,word
1.0,0.871004,0.007117,ٱلْعِرَاقِيَّةُ
0.856476,1.139558,0.871004,قَدْ
