conf,end,start,word
0.982152,0.87,0.081397,ٱلْعِرَاقِيَّةُ
0.961658,0.936148,0.87,فِي
0.211174,1.17,0.936148,ٱلْعَصْرِ
