conf,end,start,word
0.801192,0.313184,0.0,ٱلْقُوَّاتُ
1.0,0.81,0.313184,ٱلْعِرَاقِيَّةُ
0.885595,1.113689,0.81,تَتَمَثَّلُ
0.537458,1.17,1.113689,فِي
