conf,end,start,word
0.999702,0.896432,0.126133,ٱلْعِرَاقِيَّةُ
0.487976,1.055013,0.9,سَيِّدٌ
