conf,end,start,word
0.861092,0.839504,0.300285,ٱلْعِرَاقِيَّةُ
0.88395,1.097681,0.839504,ٱلْيَوْمَ
