conf,end,start,word
0.97295,0.75,0.220423,ٱلْقُوَّاتُ
0.997779,1.080084,0.75,ٱلْعِرَاقِيَّةُ
0.658849,1.17,1.080084,طَيِّبْ
