conf,end,start,word
0.727493,0.350315,0.0,ٱنْسِحَابُ
0.974566,0.840033,0.350315,ٱلْقُوَّاتِ
0.421724,1.17,0.840033,ٱلْأَمِيرِيكِيَّةِ
