conf,end,start,word
0.910767,0.357078,0.0,أَنَّ
0.999138,0.783845,0.357078,ٱلْقُوَّاتِ
0.441001,1.07331,0.783845,ٱلْمَالِيَّةَ
