conf,end,start,word
0.415491,0.36,0.031294,هَذِهِ
0.991121,0.720063,0.39302,ٱلْقُوَّاتُ
0.995318,1.049125,0.720063,ٱلْعِرَاقِيَّةُ
0.405017,1.14,1.05,طَيِّبْ
