conf,end,start,word
0.955921,0.359073,0.0,أَنَّ
1.0,0.751152,0.359073,ٱلْقُوَّاتِ
0.429609,1.11,0.751152,ٱلْأَجْنَبِيَّةَ
