conf,end,start,word
0.372934,0.326231,0.03,مُعَسْكَرُ
0.908704,0.750378,0.326231,ٱلْقُوَّاتِ
0.762706,1.17,0.750378,ٱلْإِمَارَاتِيَّةِ
