conf,end,start,word
0.890341,0.389957,0.03494,بِهَا
0.679202,0.78,0.389957,ٱلْقُوَّاتُ
0.997881,1.109744,0.78,ٱلْعِرَاقِيَّةُ
