conf,end,start,word
0.839061,0.364084,0.03,قَالَتِ
0.997323,0.78,0.364084,ٱلْقُوَّاتُ
0.991039,1.164687,0.78,ٱلْعِرَاقِيَّةُ
