conf,end,start,word
0.994883,0.329882,0.03,مِنَ
1.0,0.81026,0.329882,ٱلْقُوَّاتِ
0.403826,1.17,0.81026,ٱلْأَمِيرِيكِيَّةِ
