conf,end,start,word
0.69362,0.269749,0.0,أَنَّ
0.99629,0.898432,0.269749,ٱلْقُوَّاتِ
0.325405,1.17,0.9,ٱنِّظَامِيَّةَ
