conf,end,start,word
1.0,0.33,0.031391,هَذِهِ
1.0,0.81,0.33,ٱلْقُوَّاتُ
0.980693,0.991914,0.81,عَلَى
0.620617,1.14,0.991914,ٱلْأَرْضِ
