conf,end,start,word
0.974974,0.359942,0.03,تَسْلِيمُ
1.0,0.810475,0.359942,ٱلْقُوَّاتِ
0.492301,1.14,0.810475,ٱلْإِفْرِيقِيَّةِ
