conf,end,start,word
0.864638,0.349951,0.001141,أَنَّ
0.973448,0.779609,0.349951,ٱلْقُوَّاتِ
0.922829,1.11,0.779609,ٱسُّودَانِيَّةَ
