conf,end,start,word
0.893035,0.357298,0.031695,مِنَ
0.985647,0.750009,0.357298,ٱلْقُوَّاتِ
0.922812,1.17,0.750009,ٱلْأَرْمِينِيَّةِ
