conf,end,start,word
0.9537,0.382352,0.0,أَنَّ
0.992415,0.780056,0.382352,ٱلْقُوَّاتِ
0.836516,1.14,0.780056,ٱلْأَمِيرِيكِيَّةَ
