conf,end,start,word
0.580776,0.331157,0.073854,مِنَ
0.99741,0.75,0.331157,ٱلْقُوَّاتِ
0.964373,1.14,0.75,ٱلْعِرَاقِيَّةِ
