conf,end,start,word
0.561891,0.35777,0.0,ٱشْتِبَاكُ
0.996993,0.750042,0.35777,ٱلْقُوَّاتِ
0.751831,1.137399,0.750096,ٱلْهِنْدِيَّةِ
