conf,end,start,word
0.995668,0.36,0.03,بِأَنَّ
0.998463,0.75003,0.36,ٱلْقُوَّاتِ
0.580283,1.16869,0.75003,ٱلْأَجْنَبِيَّةَ
