conf,end,start,word
0.579944,0.389691,0.053081,بِٱسْمِ
0.996596,0.75,0.389691,ٱلْقُوَّاتِ
1.0,1.138954,0.75,ٱلْمُسَلَّحَةِ
