conf,end,start,word
0.813141,0.329794,0.033797,هَذِهِ
1.0,0.869977,0.329794,ٱلْقُوَّاتُ
