conf,end,start,word
0.969696,0.389734,0.001148,أَنَّ
1.0,0.78,0.389734,ٱلْقُوَّاتِ
0.996933,1.159159,0.78,ٱلْمُسَلَّحَةَ
