conf,end,start,word
0.977408,0.35976,0.03,حَرَكَةُ
1.0,0.810263,0.35976,ٱلْقُوَّاتِ
0.956602,1.14,0.810263,ٱلْمُسَلَّحَةِ
