conf,end,start,word
0.999479,0.78,0.403947,ٱلْقُوَّاتُ
0.996328,1.082954,0.78,ٱلْعِرَاقِيَّةُ
0.471866,1.17,1.082954,طَيِّبْ
