conf,end,start,word
0.994988,0.389988,0.03,قِيَادَةُ
1.0,0.750667,0.389988,ٱلْقُوَّاتِ
0.95351,1.081572,0.750667,ٱرُّوسِيَّةِ
