conf,end,start,word
0.551042,0.359265,0.0,أَعَادَتِ
1.0,0.813914,0.359265,ٱلْقُوَّاتُ
0.279181,1.169055,0.813914,ٱلْعِرَاقِيَّةُ
