conf,end,start,word
0.998672,0.389804,0.03,مَعَ
0.996589,0.7792,0.389804,ٱلْقُوَّاتِ
0.825111,1.139583,0.78,ٱلْفَرَنْسِيَّةِ
