conf,end,start,word
0.877923,0.367579,0.0,أَنَّ
1.0,0.750012,0.367579,ٱلْقُوَّاتِ
0.999173,1.080052,0.750012,ٱلْعِرَاقِيَّةَ
0.450092,1.17,1.080052,طَيِّبْ
