conf,end,start,word
0.914444,0.296008,0.032018,هَذِهِ
1.0,0.9,0.296008,ٱلْقُوَّاتُ
