conf,end,start,word
1.0,0.360629,0.03,مَعَ
0.958683,0.809661,0.360629,ٱلْقُوَّاتِ
0.255429,1.17,0.96,ٱلْمُسَلَّحَةِ
