conf,end,start,word
0.964296,0.359972,0.03,وَجَاءَتِ
0.998102,0.780597,0.359972,ٱلْقُوَّاتُ
0.375482,1.11,0.780597,ٱلْمُسَلَّحَةُ
