conf,end,start,word
0.867211,0.357481,0.0,أَنَّ
0.992391,0.78,0.357481,ٱلْقُوَّاتِ
0.884097,1.14,0.78,ٱلْعَسْكَرِيَّةَ
