conf,end,start,word
0.537546,0.412741,0.03,عَادَتِ
0.827976,0.81,0.412741,ٱلْقُوَّاتُ
0.998691,1.17,0.81,ٱلْعِرَاقِيَّةُ
