conf,end,start,word
0.282535,0.379634,0.03,صَرَفَتِ
0.992171,0.75,0.379634,ٱلْقُوَّاتُ
0.994244,1.102513,0.75,ٱلْبَحْرِيَّةُ
