conf,end,start,word
1.0,0.780037,0.007769,ٱلْقُوَّاتُ
0.998007,1.132275,0.780037,ٱلْخَاصَّةُ
