conf,end,start,word
0.74044,0.21,0.03,فَرْقٌ
0.989148,0.391126,0.210397,بَيْنَ
0.968091,0.75,0.391126,ٱلْقُوَّاتِ
1.0,1.130028,0.75,ٱلْعِرَاقِيَّةِ
