conf,end,start,word
0.994002,0.78024,0.333397,ٱلْقُوَّاتُ
0.982133,1.138143,0.78024,ٱدَّوْلِيَّةُ
