conf,end,start,word
0.788787,0.386323,0.03,حِيلَةُ
0.722304,0.78,0.386323,ٱلْقُوَّاتِ
0.994476,1.164215,0.78,ٱلْعِرَاقِيَّةِ
