conf,end,start,word
0.744902,0.45,0.0,ٱتَّقَارِيرُ
0.934394,0.758159,0.45,قُوَّاتٌ
0.39945,1.139279,0.758159,حُكُومِيَّةٌ
