conf,end,start,word
0.559663,0.36,0.03,إِيرَانِيٌّ
0.987118,0.750067,0.363018,ٱلْقُوَّاتُ
0.991156,1.14,0.750067,ٱسُّعُودِيَّةُ
