conf,end,start,word
0.649054,0.350279,0.03,جَادَّةُ
0.992453,0.810041,0.350279,ٱلْقُوَّاتِ
0.880612,1.165192,0.810041,ٱلْمُسَلَّحَةِ
