conf,end,start,word
0.998176,0.329978,0.0,أَنَّ
1.0,0.810577,0.329978,ٱلْقُوَّاتِ
0.793064,1.11,0.810577,ٱلْمُسَلَّحَةَ
