conf,end,start,word
0.843239,0.39,0.0,ٱعْتِبَارُ
0.99812,0.780105,0.391179,ٱلْقُوَّاتِ
0.99043,1.103499,0.780105,ٱتُّرْكِيَّةِ
