conf,end,start,word
0.99179,0.358641,0.0,أَنَّ
1.0,0.780039,0.358641,ٱلْقُوَّاتِ
0.997196,1.14,0.780039,ٱلْمُسَلَّحَةَ
