conf,end,start,word
0.579345,0.32554,0.0,أَنَّ
1.0,0.810044,0.32554,ٱلْقُوَّاتِ
0.974578,1.14,0.810044,ٱلْأَمْنِيَّةَ
