conf,end,start,word
0.908155,0.384831,0.273655,مِنَ
1.0,0.750255,0.384831,ٱلْقُوَّاتِ
0.980884,1.126718,0.750255,ٱلْعِرَاقِيَّةِ
