conf,end,start,word
0.993376,0.359963,0.0,أَنَّ
1.0,0.751329,0.359963,ٱلْقُوَّاتِ
0.867415,1.16313,0.751329,ٱسُّعُودِيَّةَ
