conf,end,start,word
0.987838,0.417165,0.001023,أَنَّ
1.0,0.750406,0.417165,ٱلْقُوَّاتِ
0.975596,1.165083,0.750406,ٱلْحُكُومِيَّةَ
