conf,end,start,word
0.928596,0.419955,0.031489,بِهَا
1.0,0.78,0.419955,ٱلْقُوَّاتُ
0.977308,1.109415,0.78,ٱلْعِرَاقِيَّةُ
