conf,end,start,word
0.997998,0.45,0.36,إِلَى
1.0,0.691099,0.45,ٱلِّقَاءِ
0.910201,0.872852,0.691099,بِإِذْنِ
0.836619,0.99,0.872852,ٱلَّهِ
