conf,end,start,word
1.0,0.33,0.0,أَنَّ
1.0,0.75,0.33,ٱلِّقَاءَ
1.0,1.050033,0.75,ٱلَّذِي
0.843374,1.169425,1.050033,جَمَعَ
