conf,end,start,word
0.998365,0.72,0.45295,ٱلِّقَاءُ
0.998365,0.960279,0.72,بِحَوْلِ
0.991385,1.08,0.960279,ٱلَّهِ
