conf,end,start,word
0.48324,0.292333,0.03,تَضَعُ
0.81101,0.42,0.302911,إِلَى
1.0,0.75,0.42,ٱلِّقَاءِ
1.0,1.05,0.75,بِحَوْلِ
1.0,1.17,1.05,ٱلَّهِ
