conf,end,start,word
0.990992,0.360775,0.0,أَجْرَى
0.945513,0.69,0.360775,ٱلِّقَاءَ
1.0,0.979306,0.69,مَعَ
