conf,end,start,word
0.881994,0.419891,0.3,إِلَى
1.0,0.75,0.419891,ٱلِّقَاءِ
1.0,1.020197,0.75,بِحَوْلِ
0.992887,1.14,1.020197,ٱلَّهِ
