conf,end,start,word
0.988534,0.419399,0.034145,وَإِلَى
1.0,0.75,0.419399,ٱلِّقَاءِ
