conf,end,start,word
0.635023,0.230237,0.03,لَكُمْ
0.996552,0.42,0.230237,وَإِلَى
1.0,0.72,0.42,ٱلِّقَاءِ
