conf,end,start,word
0.872536,0.477006,0.06153,جَزِيلًا
0.562893,0.72,0.477006,لِقَاءٌ
