conf,end,start,word
0.917468,0.296297,0.0,أَوْ
0.827045,0.45,0.300583,إِلَى
1.0,0.72,0.45,ٱلِّقَاءِ
1.0,0.990289,0.72,بِحَوْلِ
0.989523,1.11,0.990289,ٱلَّهِ
