conf,end,start,word
0.979423,0.479232,0.33,إِلَى
1.0,0.69,0.479232,ٱلِّقَاءِ
1.0,0.90028,0.69,بِإِذْنِ
0.974284,1.02,0.90028,ٱلَّهِ
