conf,end,start,word
0.591371,0.269611,0.03,وَمِنَ
0.9975,0.84,0.269611,ٱلِّقَاءِ
