conf,end,start,word
0.757817,0.389951,0.0,ٱلْعَبْدُ
0.998938,0.75,0.389951,ٱلَّهِ
