conf,end,start,word
1.0,0.48,0.03,عَبْدُ
0.98551,0.629846,0.48,ٱلَّهِ
0.350595,1.026471,0.63,حَمْدُو
