conf,end,start,word
0.416311,0.291134,0.0,أَوَّلًا
0.980312,0.48,0.291134,عَبْدُ
1.0,0.63,0.48,ٱلَّهِ
1.0,0.84,0.63,عَبْدُ
1.0,1.131164,0.84,ٱلَّهِ
