conf,end,start,word
0.976707,0.48101,0.03,بِحَوْلِ
0.87286,0.69,0.48101,ٱلَّهِ
