conf,end,start,word
0.974996,0.48,0.206551,عَبْدُ
0.983807,0.63,0.48,ٱلَّهِ
0.963892,1.17,0.63,حَمْدُو
