conf,end,start,word
0.592256,0.48216,0.03,بِحَوْلِ
0.456968,0.689277,0.48216,ٱلَّهِ
