conf,end,start,word
0.407043,0.356594,0.03,وُزَرَاءُ
0.938873,0.51,0.356594,عَبْدُ
0.597389,0.630776,0.510564,ٱلَّهِ
0.235649,1.079497,0.632278,حَمْدُوشْ
