conf,end,start,word
0.997297,0.42,0.03,لِحِزْبِ
1.0,0.660445,0.42,ٱلَّهِ
0.562201,0.878941,0.660445,أَنَّ
0.377662,1.17,0.9,ثَلَاثَةً
