conf,end,start,word
0.727455,0.446645,0.03,بِحَوْلِ
0.798459,0.66,0.446645,ٱلَّهِ
