conf,end,start,word
0.987927,0.48,0.18,عَبْدُ
0.940606,0.63,0.48,ٱلَّهِ
0.345686,1.050406,0.63,حَمْدُوشْ
