conf,end,start,word
0.969997,0.209651,0.0,ٱلِّقَاءُ
1.0,0.540225,0.209651,بِحَوْلِ
0.992948,0.66,0.540225,ٱلَّهِ
