conf,end,start,word
0.958449,0.45,0.079323,بَيْتِ
0.999896,0.72,0.45,ٱلَّهِ
0.464914,1.063313,0.720007,لِأَدَاءِ
