conf,end,start,word
0.994706,0.389303,0.03,بِإِذْنِ
1.0,0.54076,0.389303,ٱلَّهِ
