conf,end,start,word
0.879963,0.331275,0.03,وُزَرَاءُ
0.88228,0.509855,0.331275,عَبْدُ
0.858637,0.63,0.509855,ٱلَّهِ
0.332429,1.107286,0.63,حَمْدُودْ
