conf,end,start,word
0.997128,0.27,0.03,فِي
0.997128,0.48,0.27,أَمَانِ
0.997128,0.69,0.48,ٱلَّهِ
