conf,end,start,word
0.755016,0.445881,0.046145,بِحَوْلِ
0.753942,0.69,0.445881,ٱلَّهِ
