conf,end,start,word
0.82731,0.327829,0.0,ٱسُّودَانِيُّ
0.988002,0.48,0.327829,عَبْدُ
0.829494,0.629052,0.48,ٱلَّهِ
0.359771,0.913594,0.63,حَمْدَتْ
