conf,end,start,word
0.995395,0.27002,0.03,لِقَاءٌ
0.996741,0.51,0.27002,بِإِذْنِ
0.983889,0.837769,0.51,ٱلَّهِ
