conf,end,start,word
0.81019,0.48,0.18,رَحْمَةُ
1.0,0.69,0.480034,ٱلَّهِ
0.996938,0.985709,0.69,تَعَالَى
