conf,end,start,word
1.0,0.39,0.03,بِإِذْنِ
1.0,0.75,0.39,ٱلَّهِ
0.989109,0.929889,0.78,فِي
0.901937,1.169415,0.929889,حَلْقَةٍ
