conf,end,start,word
0.995399,0.418981,0.03,بِإِذْنِ
0.993555,0.716148,0.418981,ٱلَّهِ
