conf,end,start,word
0.919062,0.48,0.120556,وَرَحْمَةُ
1.0,0.69,0.48,ٱلَّهِ
0.993353,1.046797,0.69,وَأَهْلًا
0.909111,1.139136,1.049136,بِكُمْ
