conf,end,start,word
1.0,0.45,0.03,وَحِزْبُ
1.0,0.660023,0.45,ٱلَّهِ
0.377624,1.169752,1.079752,عَلَى
