conf,end,start,word
0.695049,0.48,0.289251,عَبْدُ
0.610638,0.63,0.480399,ٱلَّهِ
0.163101,0.993711,0.66,حَمْدًا
0.285904,1.17,0.993711,ٱسِّيسِيُّ
