conf,end,start,word
0.842152,0.78,0.330497,إِلَّا
0.278693,1.121383,0.78,فَصْلٌ
