conf,end,start,word
0.82206,0.420241,0.03,عَبْدُ
0.942574,0.72,0.420241,ٱلَّهِ
0.461973,1.139229,0.749959,ٱلْعَوْدَةُ
