conf,end,start,word
0.542946,0.267607,0.03,فَمَاذَا
1.0,0.48,0.267607,رَامَ
1.0,0.66,0.48,ٱلَّهُ
0.886625,1.107135,0.66,حُكْمًا
