conf,end,start,word
0.996363,0.39,0.06,عَبْدُ
1.0,0.69,0.39,ٱلَّهِ
0.98681,1.050881,0.75,بْنُ
