conf,end,start,word
0.698803,0.226994,0.03,قَالَ
0.81561,0.470319,0.226994,عَبْدُ
0.666941,0.63,0.470319,ٱلَّهِ
0.208606,1.08,0.63,ٱلْعَجَلَةُ
