conf,end,start,word
0.824062,0.148511,0.03,فِي
1.0,0.45,0.148511,رِعَايَةِ
1.0,0.719364,0.45,ٱلَّهِ
0.9788,1.058023,0.72,وَٱسَّلَامُ
