conf,end,start,word
0.495925,0.442143,0.03,رَحِمَهُ
0.884064,0.674815,0.442143,ٱلَّهُ
