conf,end,start,word
0.989265,0.449899,0.0,ٱلْخَارِجِيَّةِ
0.836936,0.81,0.449899,ٱلْمِصْرِيِّ
0.839254,1.146584,0.810449,سَامِحْ
