conf,end,start,word
0.980541,0.51,0.033115,لِعَبْدِ
0.999775,0.630055,0.51,ٱلَّهِ
0.966223,1.00219,0.630055,ٱنُّسُورِ
0.376209,1.17,1.00219,ٱلْحَالِيِّ
