conf,end,start,word
0.993718,0.119897,0.03,عَبْدُ
1.0,0.36,0.119897,رَبِّهِ
1.0,0.78,0.36,مَنْصُورْ
1.0,1.062759,0.78,هَادِي
