conf,end,start,word
0.998503,0.48,0.276006,عَبْدُ
0.883486,0.63,0.48,ٱلَّهِ
0.290523,1.011987,0.63,حَمْدُونِي
