conf,end,start,word
0.969801,0.27,0.03,بِنْ
0.999231,0.451904,0.270052,عَبْدِ
0.871514,0.630881,0.451904,ٱلَّهِ
0.550969,1.079749,0.630881,ٱسُّعُودِيُّ
