conf,end,start,word
0.550389,0.285253,0.03,بِإِذْنِ
0.946245,0.510444,0.285253,ٱلَّهِ
