conf,end,start,word
0.967222,0.45,0.03,رَحْمَةُ
1.0,0.690635,0.45,ٱلَّهِ
0.925058,1.040541,0.690635,وَأَهْلًا
0.520878,1.14,1.05,بِكُمْ
