conf,end,start,word
0.859568,0.208153,0.03,فِي
1.0,0.42,0.208153,رَامَ
1.0,0.75,0.42,ٱلَّهِ
