conf,end,start,word
0.770736,0.45,0.12,رَحْمَةُ
1.0,0.660993,0.450261,ٱلَّهِ
0.965929,0.899606,0.660993,هَذَا
0.372812,1.010861,0.9,مَا
