conf,end,start,word
0.926722,0.48,0.010229,أَمَانِ
0.926722,0.72,0.48,ٱلَّهِ
