conf,end,start,word
0.900967,0.45,0.09,رَحْمَةُ
1.0,0.719965,0.45,ٱلَّهِ
0.998844,0.969868,0.72,تَعَالَى
0.135107,1.17,0.969868,وَبَرَكَاتُهُ
