conf,end,start,word
0.98466,0.48,0.27025,عَبْدُ
0.998702,0.63,0.48,ٱلَّهِ
0.84923,1.109092,0.630046,حَمْدُهُ
