conf,end,start,word
0.85429,0.48359,0.03,بِحَوْلِ
0.807597,0.69,0.48359,ٱلَّهِ
