conf,end,start,word
0.972655,0.267864,0.12,فِي
1.0,0.48,0.267864,أَمَانِ
1.0,0.72,0.48,ٱلَّهِ
