conf,end,start,word
1.0,0.48,0.33,عَبْدُ
0.992969,0.630003,0.48,ٱلَّهِ
0.254203,1.052252,0.630003,حَمْدُوشْ
