conf,end,start,word
0.994839,0.479998,0.0,أَمْرُ
0.998781,0.69,0.479998,ٱلَّهِ
0.909615,1.051593,0.72,صَالِحٌ
