conf,end,start,word
0.923262,0.51,0.246166,بِإِذْنِ
0.873735,0.66,0.51,ٱلَّهِ
0.681289,0.84057,0.661139,إِلَى
0.681289,1.11,0.84057,ٱلِّقَاءِ
