conf,end,start,word
0.988477,0.45,0.12,رِعَايَةِ
1.0,0.72,0.450346,ٱلَّهِ
1.0,1.020384,0.72,وَٱسَّلَامُ
0.980754,1.17,1.020384,عَلَيْكُمْ
