conf,end,start,word
0.757852,0.23452,0.03,لِقَاءٌ
1.0,0.45,0.23452,بِإِذْنِ
1.0,0.705136,0.45,ٱلَّهِ
