conf,end,start,word
0.992741,0.45,0.051598,عَبْدُ
1.0,0.63,0.45,ٱلَّهِ
1.0,0.81,0.63,بْنُ
1.0,1.13757,0.84,زَايِدْ
