conf,end,start,word
0.99265,0.329908,0.03,رَحْمَةُ
1.0,0.75,0.329908,ٱلَّهِ
0.303067,1.169514,1.049514,عَلَيْهِ
