conf,end,start,word
0.937757,0.45,0.03,رَحْمَةُ
1.0,0.666494,0.45011,ٱلَّهِ
0.839812,1.010323,0.666494,هَكَذَا
