conf,end,start,word
0.269392,0.264766,0.03,حُجَّةُ
0.958695,0.44982,0.264766,عَبْدِ
0.943177,0.66,0.44982,ٱلَّهِ
0.570914,1.14,0.66,وَخَرِبَتْ
