conf,end,start,word
0.616693,0.117602,0.03,فِي
1.0,0.45,0.117602,رِعَايَةِ
1.0,0.72,0.45,ٱلَّهِ
0.998697,1.024816,0.75,وَٱسَّلَامُ
0.844092,1.17,1.024816,عَلَيْكُمْ
