conf,end,start,word
0.999985,0.48,0.27,عَبْدُ
0.903605,0.63,0.48,ٱلَّهِ
0.368686,1.076592,0.66,حَمْدُوشْ
