conf,end,start,word
0.493773,0.45,0.03,وَرَحْمَةُ
0.998304,0.63233,0.450532,ٱلَّهِ
0.423716,0.77948,0.63233,عَلَيْهِ
