conf,end,start,word
0.773501,0.327342,0.21,فِي
1.0,0.51,0.327342,أَمَانِ
1.0,0.66,0.51,ٱلَّهِ
