conf,end,start,word
0.915719,0.45,0.03,وَرَحْمَةُ
1.0,0.689972,0.45,ٱلَّهِ
0.999074,0.93,0.69,وَأَهْلًا
0.999074,1.160305,0.93,بِكُمْ
