conf,end,start,word
0.803347,0.21,0.0,ٱلِّقَاءُ
1.0,0.453066,0.21,بِإِذْنِ
0.800543,0.708495,0.453066,ٱلَّهِ
