conf,end,start,word
0.684847,0.27201,0.03,كَذَا
0.227648,0.66,0.27201,بِحِلِّهِ
