conf,end,start,word
0.943678,0.29993,0.03,لِقَاءٌ
1.0,0.54,0.29993,بِإِذْنِ
1.0,0.839553,0.54,ٱلَّهِ
