conf,end,start,word
0.408678,0.295243,0.0,أَحْمَدْ
0.993655,0.479762,0.295243,عَبْدُ
0.858413,0.63,0.479762,ٱلَّهِ
0.574124,1.167861,0.630069,فِرْمَاجُو
