conf,end,start,word
0.879067,0.4875,0.03,بِحَوْلِ
0.776742,0.69,0.4875,ٱلَّهِ
