conf,end,start,word
0.976484,0.449999,0.06,ذَبِيحُ
0.989563,0.72,0.449999,ٱلَّهِ
0.48527,1.166643,0.72,مُجَاهِدٌ
