conf,end,start,word
0.739736,0.26965,0.033723,فِي
1.0,0.45,0.26965,رَامَ
1.0,0.72,0.45,ٱلَّهِ
