conf,end,start,word
0.912909,0.269728,0.09,فِي
0.912128,0.48,0.270202,أَمَانِ
0.914092,0.69,0.480129,ٱلَّهِ
