conf,end,start,word
0.873084,0.21,0.03,فِي
1.0,0.42,0.21,رَامَ
1.0,0.66,0.42,ٱلَّهِ
0.987041,1.077255,0.66,بِٱتِّجَاهِ
