conf,end,start,word
0.994449,0.42,0.03,رَحْمَةُ
1.0,0.69,0.42,ٱلَّهِ
0.956563,1.022404,0.69,وَأَهْلًا
0.257995,1.17,1.022404,بِضُيُوفٍ
