conf,end,start,word
0.884271,0.870038,0.033184,ٱلْمُتَّحِدَةُ
0.890116,1.109797,0.870038,قَدْ
