conf,end,start,word
0.694365,0.419435,0.030815,يَتِمُّ
0.745583,0.87,0.419435,مُتَّحِدَةٌ
