conf,end,start,word
0.963884,0.9,0.001873,ٱلْمُتَّحِدَةُ
0.597636,1.157779,1.067779,طَيِّبْ
