conf,end,start,word
0.997713,0.900232,0.009838,ٱلْمُتَّحِدَةُ
0.442926,1.17,0.900232,نَفْسُهَا
