conf,end,start,word
0.894659,0.269905,0.0,ٱلْأُمَمُ
1.0,0.846532,0.269905,ٱلْمُتَّحِدَةُ
0.207699,1.17,0.846532,ٱسُّلْطَةَ
