conf,end,start,word
0.627813,0.24,0.0,ٱلْأُمَمُ
1.0,0.839665,0.258938,ٱلْمُتَّحِدَةُ
0.51316,0.99565,0.84,أَمْ
