conf,end,start,word
1.0,0.33,0.0,ٱلْأُمَمُ
1.0,0.780051,0.33,ٱلْمُتَّحِدَةُ
0.993248,0.930165,0.780051,إِلَى
0.988809,1.17,0.930165,سُورِيَا
