conf,end,start,word
0.999675,0.445399,0.03,يَتِمُّ
0.702409,0.84,0.45,ٱلْمُتَّحِدَةُ
0.238187,1.17,0.840476,لُبْنَانَ
