conf,end,start,word
0.999367,0.899303,0.0,ٱلْمُتَّحِدَةُ
0.131625,1.085204,0.920309,طَيِّبْ
