conf,end,start,word
0.90371,0.23524,0.0,ٱلْأُمَمُ
0.972996,0.841515,0.23524,ٱلْمُتَّحِدَةُ
0.542037,1.14,0.841515,ٱلْيُونِيسِيفْ
