conf,end,start,word
0.966159,0.809941,0.27,ٱلْمُتَّحِدَةُ
0.802795,1.02119,0.810091,أَنَّهَا
