conf,end,start,word
0.877114,0.265424,0.0,ٱلْأُمَمُ
1.0,0.840751,0.265424,ٱلْمُتَّحِدَةُ
0.180464,1.17,0.840751,قُوَّتَهَا
