conf,end,start,word
0.954293,0.268906,0.0,ٱلْأُمَمِ
1.0,0.833066,0.268906,ٱلْمُتَّحِدَةِ
0.542844,1.107708,0.84,لِدَّعْمِ
