conf,end,start,word
0.917765,0.862028,0.088057,ٱلْمُتَّحِدَةُ
0.225668,1.14,0.946674,ٱسِّيسِيُّ
