conf,end,start,word
0.920348,0.23579,0.0,ٱلْأُمَمِ
1.0,0.84,0.23579,ٱلْمُتَّحِدَةِ
0.921543,0.968906,0.84,فِي
0.246433,1.14,0.968906,دَارْفُورَ
