conf,end,start,word
0.987156,0.810016,0.046262,ٱلْمُتَّحِدَةُ
0.747167,1.17,0.810016,لِإِقَامَةِ
