conf,end,start,word
0.99944,0.84,0.129737,ٱلْمُتَّحِدَةُ
0.390625,1.078338,0.84225,ٱلْيَوْمَ
