conf,end,start,word
0.851145,0.290644,0.03,نَفَى
0.93876,0.81,0.290644,ٱلْمُتَحَدِّثُ
0.964626,1.041449,0.811439,بِٱسْمِ
