conf,end,start,word
0.694138,0.298148,0.0,ٱنُّونُو
0.949584,0.81,0.298148,ٱلْمُتَحَدِّثُ
0.962472,1.067596,0.811519,بِٱسْمِ
