conf,end,start,word
0.573606,0.295335,0.09,قَالَ
0.600577,0.832721,0.295335,ٱلْمُتَحَدِّثَةُ
0.996886,1.17,0.832721,بِٱسْمِ
