conf,end,start,word
0.695239,0.295441,0.0,أَكَانَ
0.992541,0.84,0.295441,ٱلْمُتَحَدِّثُ
0.915356,1.14,0.840244,بِٱسْمِ
