conf,end,start,word
0.579803,0.882497,0.00581,ٱلْمُتَحَدِّثَةُ
0.971523,1.168942,0.882497,بِٱسْمِ
