conf,end,start,word
0.743973,0.927204,0.003456,ٱلْمُتَحَدِّثَةُ
0.971867,1.17,0.927204,بِٱسْمِ
