conf,end,start,word
0.882231,0.269871,0.03,وَقَالَ
0.995273,0.84,0.269871,ٱلْمُتَحَدِّثُ
0.994437,1.023,0.840143,بِٱسْمِ
0.369551,1.17,1.023,ٱلْحِزْبِ
