conf,end,start,word
0.818051,0.298278,0.03,وَأَشَارَ
0.834616,0.84,0.298278,ٱلْمُتَحَدِّثُ
0.922142,1.073773,0.844756,بِٱسْمِ
