conf,end,start,word
0.904152,0.869447,0.301533,ٱلْمُتَحَدِّثِينَ
0.899379,1.11,0.869447,بِٱسْمِ
