conf,end,start,word
0.855339,0.33,0.03,وَقَالَ
0.951486,0.867891,0.33,ٱلْمُتَحَدِّثَةُ
1.0,1.072332,0.867891,بِٱسْمِ
