conf,end,start,word
0.777738,0.25595,0.066387,عَنِ
0.986218,0.87,0.25595,ٱلْمُتَحَدِّثِ
0.970644,1.17,0.870465,بِٱسْمِ
