conf,end,start,word
0.863719,0.264506,0.0,أَعْلَنَ
1.0,0.84,0.264506,ٱلْمُتَحَدِّثُ
0.741845,1.13468,0.84,بِٱسْمِ
