conf,end,start,word
0.998314,0.299813,0.0,أَكَّدَ
1.0,0.81,0.299813,ٱلْمُتَحَدِّثُ
0.993267,1.062719,0.81,بِٱسْمِ
