conf,end,start,word
0.921146,0.328761,0.0,أَقَلَّ
0.441167,0.863064,0.328761,ٱلْمُتَحَدِّثَةُ
0.801636,1.062276,0.863064,بِٱسْمِ
