conf,end,start,word
0.703368,0.868978,0.074907,ٱلْمُتَحَدِّثِينَ
0.654259,1.07986,0.868978,بِٱسْمِ
