conf,end,start,word
0.998481,0.330147,0.0,أَعْلَنَ
0.980931,0.84,0.330147,ٱلْمُتَحَدِّثُ
0.808926,1.17,0.84,بِٱسْمِهَا
