conf,end,start,word
0.654246,0.210753,0.03,لِي
0.607083,0.312363,0.210753,عَلَى
0.996131,0.81,0.312363,ٱلْمُتَحَدِّثِ
1.0,1.17,0.81,ٱلْعَسْكَرِيِّ
