conf,end,start,word
0.782758,0.23061,0.03,عَنِ
0.780962,0.9,0.23061,ٱلْمُتَحَدِّثِ
0.964077,1.17,0.912746,بِٱسْمِ
