conf,end,start,word
0.850825,0.255402,0.03,عَنِ
0.596004,0.933315,0.255402,ٱلْمُتَحَدِّثِينَ
0.631608,1.14,0.933315,بِٱسْمِ
