conf,end,start,word
0.858822,0.266371,0.03,عَنِ
0.437142,0.9,0.266371,ٱلْمُتَحَدِّثِ
0.887391,1.17,0.923884,بِٱسْمِ
