conf,end,start,word
0.460458,0.248033,0.03,لِسَانِ
0.934829,0.989216,0.248033,ٱلْمُتَحَدِّثِينَ
0.775058,1.17,0.989216,بِٱسْمِهَا
