conf,end,start,word
0.998881,0.299897,0.06,نَفَى
1.0,0.840011,0.299897,ٱلْمُتَحَدِّثُ
0.993677,1.128971,0.840011,ٱرَّسْمِيُّ
