conf,end,start,word
0.989381,0.96799,0.75,شُكْرًا
0.547446,1.024622,0.96799,لَكَ
0.261009,1.17,1.024622,دُكْتُورْ
