conf,end,start,word
0.434341,0.302803,0.0,أَقَرَّهُ
0.997103,0.78,0.302803,ٱلْمَجْلِسُ
0.929301,1.169581,0.78,بِٱلْإِجْمَاعِ
