conf,end,start,word
0.550819,0.328197,0.03,مِنَ
1.0,0.780049,0.328197,ٱلْمَجْلِسِ
0.995915,1.078381,0.780049,ٱلْأَعْلَى
