conf,end,start,word
0.982963,0.358067,0.18,فِي
0.75213,0.824659,0.358067,ٱلْمَجْلِسِ
0.49081,1.169283,0.824659,ٱسِّيَاسِيِّ
