conf,end,start,word
0.77734,0.36,0.03,فَهَذَا
0.86334,0.78,0.36,ٱلْمَجْلِسُ
0.998593,0.930061,0.784011,إِلَى
0.995308,1.17,0.930061,ٱلِّقَاءِ
