conf,end,start,word
0.988508,0.753777,0.034177,ٱلْمَجْلِسُ
0.648483,1.169187,0.753777,ٱسِّيَاسِيُّ
