conf,end,start,word
0.917675,0.328873,0.03,تَشْكِيلُ
0.999093,0.785572,0.328873,ٱلْمَجْلِسِ
0.585597,1.159643,0.785572,ٱسِّيَاسِيِّ
