conf,end,start,word
0.89399,0.900063,0.78,فِي
0.964981,1.05,0.901727,أَمَانِ
0.966403,1.17,1.05,ٱلَّهِ
