conf,end,start,word
0.820959,0.362653,0.03,وَنِهَايَةُ
0.549875,0.78,0.362653,ٱلْمَجْلِسِ
0.99682,0.96,0.79069,إِلَى
0.998319,1.17,0.96,ٱلِّقَاءِ
