conf,end,start,word
0.967941,0.296711,0.03,مَعَ
1.0,0.81,0.296711,ٱلْمَجْلِسِ
0.920992,1.107523,0.81,ٱلْأَعْلَى
