conf,end,start,word
0.944527,0.360935,0.09,نِهَايَةُ
0.751939,0.78,0.360935,ٱلْمَجْلِسِ
0.986985,0.959983,0.782162,إِلَى
0.991849,1.17,0.959983,ٱلِّقَاءِ
