conf,end,start,word
0.992609,0.389327,0.15,أَمَّا
1.0,0.780383,0.389327,ٱلْمَجْلِسُ
0.96151,1.139372,0.780383,ٱلْفَرَنْسِيُّ
