conf,end,start,word
0.964425,0.329994,0.03,فَقَطِ
1.0,0.780004,0.329994,ٱلْمَجْلِسُ
0.89397,1.001027,0.780004,عَلَى
