conf,end,start,word
0.983814,0.359813,0.03,نِهَايَةُ
0.609175,0.780933,0.359813,ٱلْمَجْلِسِ
0.548792,1.025751,0.783513,ٱلْآنَ
