conf,end,start,word
0.344526,0.72,0.292912,ٱلْمَوْجُودُ
0.989257,0.84,0.739658,فِي
1.0,1.02,0.840084,أَمَانِ
1.0,1.14,1.02,ٱلَّهِ
