conf,end,start,word
0.733434,0.387059,0.0,ٱعْتَبَرَهُ
0.996179,0.78,0.387059,ٱلْمَجْلِسُ
0.76808,1.17,0.780032,مُتَأَخِّرًا
