conf,end,start,word
0.887654,0.390145,0.032748,رَئِيسُ
0.987362,0.75,0.390145,ٱلْمَجْلِسِ
0.470958,1.091842,0.75,ٱرِّئَاسِيِّ
