conf,end,start,word
0.996885,0.39,0.06,رَئِيسُ
0.996885,0.780741,0.39,ٱلْمَجْلِسِ
0.885128,1.138955,0.780741,ٱسِّيَاسِيِّ
