conf,end,start,word
0.956153,0.3,0.03,رَئِيسُ
0.998812,0.75,0.361119,ٱلْمَجْلِسِ
1.0,0.993063,0.75,ٱلْأَعْلَى
0.286043,1.17,0.993063,لِدَّوْلَةِ
