conf,end,start,word
0.995467,0.329745,0.03,عَنِ
0.819717,0.81,0.329745,ٱلْمَجْلِسِ
