conf,end,start,word
0.780256,0.254086,0.03,فِي
0.960267,0.9,0.254086,ٱلْمَجْلِسِ
0.357794,1.17,0.9,ٱتَّأْسِيسِيِّ
