conf,end,start,word
0.930647,0.33,0.030931,نِهَايَةُ
0.395763,0.81,0.33,ٱلْمَجْلِسِ
0.969029,0.991217,0.84,إِلَى
0.788656,1.17,0.991217,ٱلِّقَاءِ
