conf,end,start,word
0.997517,0.810128,0.00579,ٱلْمَجْلِسُ
0.976718,1.17,0.810128,ٱلْوِزَارِيُّ
