conf,end,start,word
0.904537,0.299615,0.001329,أَنَّ
1.0,0.81,0.299615,ٱلْمَجْلِسَ
0.612289,1.136485,0.81,مَاضٍ
