conf,end,start,word
0.998801,0.33,0.030277,هَذَا
0.547263,0.81,0.36,ٱلْمُنْجَزُ
0.752595,1.098165,0.848299,شُكْرًا
