conf,end,start,word
0.774377,0.479076,0.03,رَاسَلَ
0.763633,0.78,0.479513,مَجْلِسَ
0.919722,1.135563,0.78,ٱلْأَمْنِ
