conf,end,start,word
0.986643,0.750053,0.339821,ٱلْمَجْلِسُ
0.989112,1.1397,0.750053,ٱرِّئَاسِيُّ
