conf,end,start,word
0.800609,0.77641,0.33,ٱلْمَجْلِسُ
0.990671,0.87,0.77641,فِي
0.982984,1.02,0.87,أَمَانِ
0.982984,1.14,1.02,ٱلَّهِ
