conf,end,start,word
0.894288,0.360818,0.0,أَقَرَّ
0.981242,0.75,0.360866,ٱلْمَجْلِسُ
0.994373,1.169725,0.75,ٱتَّشْرِيعِيُّ
