conf,end,start,word
0.434692,0.358489,0.06,طَالَ
0.82481,0.810503,0.358489,ٱلْمَجْلِسُ
0.965408,1.14,0.810503,ٱلْمَحَلِّيُّ
