conf,end,start,word
0.163122,0.358565,0.03178,تشُومِسْكِي
0.946582,0.783764,0.358565,ٱلْمَجْلِسُ
0.474501,1.131984,0.783764,سَتَبْدَأُ
