conf,end,start,word
0.886723,0.3,0.03,ضِمْنَ
1.0,0.810095,0.330291,ٱلْمَجْلِسِ
0.992571,1.16846,0.810095,ٱثَّوْرِيِّ
