conf,end,start,word
0.962168,0.389713,0.060249,نِهَايَةُ
0.642569,0.78,0.39017,ٱلْمُؤَسَّسَةِ
0.81846,0.93,0.802811,إِلَى
0.814513,1.17,0.93,ٱلِّقَاءِ
