conf,end,start,word
0.998505,0.329799,0.0,أَنَّ
1.0,0.81,0.329799,ٱلْمَجْلِسَ
0.978017,1.169739,0.81,ٱرِّئَاسِيَّ
