conf,end,start,word
0.994194,0.360056,0.03,رَئِيسُ
0.996597,0.75,0.360056,ٱلْمَجْلِسِ
1.0,1.109806,0.75,ٱلْأَعْلَى
