conf,end,start,word
0.996791,0.329593,0.03,كَلَّفَ
1.0,0.81,0.329593,ٱلْمَجْلِسُ
0.688787,0.930276,0.81,هُوَ
