conf,end,start,word
0.707486,0.18,0.0,أَيُّ
0.920128,0.87,0.509665,شَخْصٍ
