conf,end,start,word
0.827289,0.416979,0.03,دَعْنَا
1.0,0.75014,0.416979,ٱلْمَجْلِسَ
0.991,1.108763,0.75014,ٱلْأَعْلَى
