conf,end,start,word
0.810957,0.811328,0.333561,ٱلْمَجْلِسُ
0.88311,0.894413,0.811328,فِي
0.567946,1.17,0.895757,ٱلْمَدِينَةِ
