conf,end,start,word
0.743973,0.280551,0.03,مِنَ
0.996087,0.809927,0.280551,ٱلْمُعَارَضَةِ
0.99599,1.14,0.809927,ٱسِّلْمِيَّةِ
