conf,end,start,word
0.528953,0.259117,0.03,مِنَ
1.0,0.810059,0.259117,ٱلْمُعَارَضَةِ
0.991831,1.108405,0.810059,ٱلْمُسَلَّحَةِ
