conf,end,start,word
1.0,0.84,0.008592,ٱلْمُعَارَضَةُ
0.996264,0.98959,0.84,فِي
0.924865,1.17,0.990706,إِدْلِبَ
