conf,end,start,word
0.669375,0.296776,0.06,فَصَائِلُ
0.981123,0.78,0.296776,ٱلْمُعَارَضَةِ
0.998723,1.102642,0.78,ٱلْمُسَلَّحَةِ
