conf,end,start,word
0.627773,0.293413,0.03,مُقَاتِلُو
0.981312,0.84,0.293413,ٱلْمُعَارَضَةِ
0.989965,1.101109,0.84,ٱسُّورِيَّةِ
