conf,end,start,word
0.489679,0.351155,0.03,مُقَاتِلُو
0.524709,0.84,0.351155,ٱلْمُعَارَضَةِ
0.230997,1.16948,0.84,ٱلْمُسَلَّحَةِ
