conf,end,start,word
1.0,0.840502,0.0,ٱلْمُعَارَضَةُ
0.885898,0.992786,0.840502,فِي
0.198923,1.082119,0.992786,مِصْرَ
