conf,end,start,word
0.721768,0.36,0.06,زَعِيمُ
0.978506,0.81,0.365987,ٱلْمُعَارَضَةِ
0.986647,0.92907,0.81,فِي
0.659187,1.166148,0.93,جِنِيفَ
