conf,end,start,word
0.569226,0.299709,0.03,عَلَيْهَا
1.0,0.87,0.299709,ٱلْمُعَارَضَةُ
0.710485,1.019419,0.87,فِي
