conf,end,start,word
0.786933,0.305365,0.03,إِلَى
0.99796,0.81,0.305365,ٱلْمُعَارَضَةِ
0.996091,0.960129,0.81,فِي
0.979279,1.14,0.960129,سُورِيَا
