conf,end,start,word
1.0,0.840036,0.004089,ٱلْمُعَارَضَةُ
0.988102,0.932084,0.840036,فِي
0.252616,1.17,0.932084,ٱلْبَرْلَمَانِ
