conf,end,start,word
0.898684,0.34752,0.042606,عَنِ
1.0,0.81,0.34752,ٱلْمُعَارَضَةِ
0.988581,1.104928,0.81,ٱسُّورِيَّةِ
