conf,end,start,word
0.716698,0.283637,0.03,عَلَيْهَا
0.989348,0.87,0.283637,ٱلْمُعَارَضَةُ
0.901112,1.150017,0.87,ٱسُّورِيَّةُ
