conf,end,start,word
0.997741,0.84,0.003975,ٱلْمُعَارَضَةُ
0.965186,0.960996,0.84,فِي
0.323464,1.17,0.960996,دِمَشْقَ
