conf,end,start,word
0.604668,0.287568,0.03,فَصَائِلُ
1.0,0.810215,0.287568,ٱلْمُعَارَضَةِ
0.958648,1.169594,0.810215,ٱلْمُسَلَّحَةِ
