conf,end,start,word
0.696793,0.269753,0.03,عَلَيْهَا
1.0,0.9,0.269753,ٱلْمُعَارَضَةُ
0.969665,1.01833,0.9,فِي
