conf,end,start,word
0.440855,0.298811,0.03,وِفَاقُ
0.990657,0.840078,0.298811,ٱلْمُعَارَضَةِ
