conf,end,start,word
0.996877,0.27,0.03,مِنَ
1.0,0.840337,0.27,ٱلْمُقَاوَمَةِ
0.555828,1.10772,0.840337,وَٱلْجَيْشِ
