conf,end,start,word
0.994561,0.299838,0.03,خُرُوجُ
0.999433,0.846426,0.299838,ٱلْمُعَارَضَةِ
