conf,end,start,word
0.608374,0.268472,0.03,كَانَتِ
1.0,0.869953,0.268472,ٱلْمُقَاوَمَةُ
0.425778,1.109806,0.87,وَٱلْجَيْشُ
