conf,end,start,word
0.991399,0.9,0.053769,ٱلْمُعَارَضَةُ
0.968952,1.006118,0.9,فِي
0.160558,1.17,1.006118,ٱدَّاخِلِ
