conf,end,start,word
0.867081,0.290131,0.090264,مِنَ
1.0,0.87,0.290131,ٱلْمُقَاوَمَةِ
0.913682,1.17,0.87,وَٱلْجَيْشِ
