conf,end,start,word
0.522652,0.299321,0.0,ٱصَّادِرِ
0.961535,0.387668,0.299321,فِي
0.99832,0.78,0.387668,ٱلْمُقَاوَمَةِ
1.0,1.125205,0.78,ٱشَّعْبِيَّةِ
