conf,end,start,word
0.57931,0.525573,0.064364,ٱلْمُقَاوَمَةُ
0.269642,0.888899,0.525573,مُقَاوَمَتُهُ
