conf,end,start,word
0.985361,0.268867,0.03,بَيْنَ
0.991741,0.87,0.268867,ٱلْمُقَاوَمَةِ
1.0,1.169181,0.870248,ٱشَّعْبِيَّةِ
