conf,end,start,word
0.572913,0.2997,0.12,إِنَّ
1.0,0.840516,0.2997,ٱلْمُقَاوَمَةَ
0.222455,1.169336,0.840516,تَبُثُّ
