conf,end,start,word
0.584235,0.265351,0.03,عَلَيْهَا
1.0,0.9,0.265351,ٱلْمُقَاوَمَةُ
0.971169,1.014203,0.9,فِي
0.211348,1.17,1.02,لُبْنَانَ
