conf,end,start,word
0.994902,0.299491,0.03,مَعَ
1.0,0.84,0.299491,ٱلْمُقَاوَمَةِ
0.970457,0.961894,0.84,فِي
0.739391,1.17,0.961894,ٱلْمِنْطَقَةِ
