conf,end,start,word
0.963031,0.296357,0.03,مَعَ
1.0,0.840202,0.296357,ٱلْمُقَاوَمَةِ
0.968776,0.989437,0.840202,فِي
0.660119,1.108062,0.99,تَعِزَّ
