conf,end,start,word
0.936009,0.359682,0.03,خِتَامُ
0.459578,0.81,0.359682,ٱلْمَجَازِ
1.0,0.99,0.84,إِلَى
1.0,1.17,0.99,ٱلِّقَاءِ
