conf,end,start,word
0.998137,0.36,0.03,هَذَا
0.514921,0.781075,0.36,ٱلْمُوجَزُ
0.362979,1.058339,0.781075,ٱثَّانِي
