conf,end,start,word
0.812538,0.899646,0.0,ٱلْمُوجَزَةُ
0.875022,1.165889,0.899646,ٱلْآنَ
