conf,end,start,word
0.40903,0.87,0.01474,ٱلْمُوجَزُ
0.824779,1.027251,0.895581,إِلَى
0.185568,1.17,1.05,ٱلْآنَ
