conf,end,start,word
0.637288,0.305222,0.06,خِتَامُ
0.989474,0.81,0.305222,ٱلْمُوجَزِ
0.223638,1.16942,0.96,ٱثَّانِي
