conf,end,start,word
0.771381,0.361956,0.06,كِتَابُ
0.499223,0.81,0.361956,ٱلْمُوجَزِ
0.197485,1.013229,0.919512,إِلَى
