conf,end,start,word
0.296484,0.242496,0.032738,هِيَ
