conf,end,start,word
0.999557,0.87,0.003802,ٱلْمُوجَزُ
0.968038,1.033325,0.9,إِلَى
0.398795,1.17,1.05,ٱلْآنَ
