conf,end,start,word
0.893964,0.36,0.060126,نِهَايَةٌ
0.977497,0.96,0.81,إِلَى
0.95577,1.14,0.96,ٱلِّقَاءِ
