conf,end,start,word
0.984905,0.84,0.036859,ٱلْمُوجَزُ
0.981788,1.006464,0.87,إِلَى
0.174335,1.17,1.006464,ٱلِّقَاءِ
