conf,end,start,word
0.860374,0.329877,0.03,خِتَامُ
0.681461,0.81,0.329877,ٱلْمُوجَزِ
0.956589,1.052762,0.84,دُمْتُمْ
0.717838,1.17,1.052762,بِخَيْرٍ
