conf,end,start,word
0.67639,0.357889,0.03,يَتِمُّ
0.410902,0.9,0.360065,مُوجَزٌ
