conf,end,start,word
0.897293,0.359918,0.03,فَهَلْ
0.948906,0.87,0.359941,مُوجَزٌ
0.322117,1.10382,0.9,إِلَى
