conf,end,start,word
0.871276,0.329198,0.09,نِهَايَةُ
0.856233,0.78,0.329198,ٱلْمُوجَزِ
0.343448,1.17,0.99,ٱثَّانِي
