conf,end,start,word
0.517899,0.81,0.271004,ٱلْمُوجَزُ
0.389128,1.081314,0.81,ٱثَّانِي
