conf,end,start,word
0.568606,1.136292,0.810532,ٱلْآنَ
