conf,end,start,word
0.759538,0.35946,0.03,هَذَا
0.656259,0.75,0.35946,ٱلْمُوجَزُ
0.808714,0.868962,0.778909,إِلَى
0.216509,1.17,0.868962,ٱلْحِصَارِ
