conf,end,start,word
0.930817,0.36,0.09,نِهَايَةُ
0.592807,0.78,0.360512,ٱلْمُوجَزِ
0.999826,0.96,0.81,إِلَى
1.0,1.17,0.96,ٱلِّقَاءِ
