conf,end,start,word
0.526824,0.87,0.302233,ٱلْمُوجَزُ
0.629365,1.021871,0.9,إِلَى
