conf,end,start,word
0.877164,0.32486,0.0,إِنْتَهَى
0.897679,0.81,0.32486,ٱلْمُوجَزُ
0.935414,1.08,0.84,إِلَى
