conf,end,start,word
0.847894,0.360039,0.03,يَتِمُّ
0.990863,0.87,0.391157,مُوجَزٌ
