conf,end,start,word
0.709562,0.319712,0.0,إِنْتَهَى
0.808477,0.78,0.319712,ٱلْمُوجَزُ
0.80382,1.046583,0.81,إِلَى
