conf,end,start,word
0.970679,0.328466,0.0,إِنْتَهَى
0.883126,0.813933,0.328466,ٱلْمُوجَزُ
0.465751,1.100004,0.813933,ٱلْآنَ
