conf,end,start,word
0.727115,0.359809,0.06,خِتَامُ
0.977395,0.81,0.359809,ٱلْمُوجَزِ
1.0,0.96,0.839988,إِلَى
1.0,1.17,0.96,ٱلِّقَاءِ
