conf,end,start,word
0.964535,0.327963,0.03,هَذَا
0.893447,0.81,0.327963,ٱلْمُوجَزُ
0.944375,1.105754,0.84,دُمْتُمْ
