conf,end,start,word
0.963134,0.33,0.03,هَذَا
0.559379,0.783012,0.33,ٱلْمَجْلِسُ
0.19182,1.168685,0.81,ٱلْأَعْلَى
