conf,end,start,word
0.987638,0.420116,0.0,إِنْتَهَى
0.473735,0.78,0.420116,ٱلْمُوجَزُ
0.980448,0.93,0.797558,إِلَى
0.990739,1.17,0.93,ٱلِّقَاءِ
