conf,end,start,word
0.713648,0.242259,0.031281,هَذَا
0.586593,0.87,0.242259,ٱلْمُوجَزُ
