conf,end,start,word
0.998072,0.9,0.009001,ٱلْمُوجَزُ
0.481738,1.022756,0.930819,فِي
