conf,end,start,word
0.54466,0.78,0.040861,ٱلْمُوجَزُ
0.996544,1.05189,0.81,دُمْتُمْ
0.790967,1.17,1.05189,بِخَيْرٍ
