conf,end,start,word
0.472154,0.36,0.06,نِهَايَةُ
0.589189,0.804234,0.36,ٱلْمُوجَزِ
0.598423,1.023546,0.804234,ٱسَّلَامُ
0.54235,1.17,1.023546,عَلَيْكُمْ
