conf,end,start,word
0.898848,0.383962,0.06,بِهَذِهِ
0.950115,0.855583,0.383962,ٱلْمَجَازِرِ
