conf,end,start,word
0.546479,0.356287,0.06,نِهَايَةُ
0.382935,0.81,0.356287,ٱلْمُوجَزِ
0.964484,1.052078,0.824355,شُكْرًا
0.282697,1.109986,1.052078,لَكَ
