conf,end,start,word
0.39208,0.360291,0.0,أَيْتَامُ
0.566357,0.78,0.366203,ٱلْمُنْجَزِ
0.999932,0.96,0.81,إِلَى
1.0,1.17,0.96,ٱلِّقَاءِ
