conf,end,start,word
0.594132,0.359924,0.032452,هَذَا
0.851346,0.78,0.359924,ٱلْمُوجَزُ
0.984527,0.929996,0.809963,إِلَى
0.998896,1.17,0.929996,ٱلِّقَاءِ
