conf,end,start,word
0.902254,0.780788,0.228612,ٱلْمُوجَزُ
0.392463,1.074991,0.780788,وَٱسَّلَامُ
