conf,end,start,word
0.9279,0.324345,0.06,نِهَايَةُ
0.95759,0.84,0.324345,ٱلْمُوجَزِ
0.740981,1.025293,0.87,إِلَى
