conf,end,start,word
0.890188,0.342675,0.03,نِهَايَةٌ
0.958462,0.960026,0.84,إِلَى
0.959129,1.14,0.960026,ٱلِّقَاءِ
