conf,end,start,word
0.742016,0.205438,0.03,فِي
0.775635,0.33,0.205438,هَذَا
0.640742,0.81,0.33,ٱلْمَجْلِسِ
