conf,end,start,word
0.759632,0.39,0.03,هَذَا
0.473243,0.749928,0.39,ٱلْمَوْضُوعُ
0.995494,1.002803,0.78,شُكْرًا
0.253041,1.14,1.002803,أَشْكُرُكَ
