conf,end,start,word
0.946608,0.9,0.037827,ٱلْمُوجَزُ
0.804832,1.139865,0.93,ٱلْآنَ
