conf,end,start,word
0.906464,0.84,0.038083,ٱلْمُوجَزُ
0.986185,0.996107,0.87,إِلَى
0.618644,1.17,0.996107,ٱلِّقَاءِ
