conf,end,start,word
0.435624,0.840195,0.05999,ٱلْمُوجَزُ
0.286873,1.075121,0.840195,ٱثَّانِي
