conf,end,start,word
0.723869,0.87,0.028835,ٱلْمُوجَزُ
0.399907,1.019431,0.899975,إِلَى
