conf,end,start,word
0.972388,0.361318,0.0,إِنْتَهَى
0.603947,0.78,0.361318,ٱلْمُوجَزُ
0.999875,0.96,0.81,إِلَى
1.0,1.17,0.96,ٱلِّقَاءِ
