conf,end,start,word
0.965453,0.809867,0.200495,ٱلْمُوجَزُ
0.511893,1.10581,0.809867,وَٱسَّلَامُ
