conf,end,start,word
0.954741,0.330504,0.06,نِهَايَةُ
0.852197,0.81,0.330504,ٱلْمُوجَزِ
0.988029,0.99269,0.84,إِلَى
0.773928,1.17,0.99269,ٱلِّقَاءِ
