conf,end,start,word
0.487139,0.84,0.302327,ٱلْمُوجَزَةُ
0.256082,1.092907,1.002858,نَعَمْ
