conf,end,start,word
0.876602,0.324034,0.0,أَيَّةُ
0.599971,0.842998,0.324034,ٱلْمُوجَزِ
0.422858,1.087319,0.842998,ٱثَّانِي
