conf,end,start,word
0.998171,0.419905,0.150077,هَذَا
0.554574,0.749789,0.419905,ٱلْمُوجَزُ
0.989257,1.021546,0.749789,وَٱسَّلَامُ
0.94474,1.17,1.021546,عَلَيْكُمْ
