conf,end,start,word
0.441172,0.400677,0.09209,يَتِمُّ
0.410567,0.81,0.400677,ٱلْمُوجَزُ
0.759724,1.034652,0.84,شُكْرًا
0.286423,1.158677,1.034652,شُكْرًا
