conf,end,start,word
0.938816,0.348479,0.03,هَذَا
0.694894,0.81,0.348479,ٱلْمُوجَزُ
0.495275,1.108129,0.84,ٱثَّانِي
