conf,end,start,word
0.562365,0.309069,0.030194,نِهَايَةُ
0.422482,0.839507,0.309069,ٱلْمَجَازِرِ
