conf,end,start,word
0.480365,0.3,0.03,بِدَايَةُ
0.458565,0.81,0.33,مُوجَزٍ
0.645275,1.029425,0.84,إِلَى
