conf,end,start,word
0.77477,0.34435,0.09,نِهَايَةُ
0.947601,0.780874,0.34435,ٱلْمُوجَزِ
0.26069,1.103042,0.780962,مُلْتَقًى
