conf,end,start,word
0.694713,0.87,0.0,ٱلْمُوجَزُ
0.954032,1.000604,0.890901,إِلَى
0.554148,1.17,1.000604,ٱلِّقَاءِ
