conf,end,start,word
0.339223,0.41243,0.0,أَيْتَامُهُ
0.818402,0.78,0.41243,ٱلْمُوجَزُ
0.986191,0.930202,0.81,إِلَى
0.976689,1.17,0.930202,ٱلِّقَاءِ
