conf,end,start,word
0.965953,0.84091,0.0,ٱلْمُوجَزُ
0.932525,1.004422,0.87,إِلَى
0.19777,1.17,1.004422,ٱلِّقَاءِ
