conf,end,start,word
0.903477,0.78,0.002603,ٱلْمُوجَزُ
0.638887,1.149588,0.78,مُلْتَقًى
