conf,end,start,word
0.796192,0.84,0.27,ٱلْمُوجَزُ
0.993585,0.99585,0.87,إِلَى
0.672532,1.17,0.99585,ٱلِّقَاءِ
