conf,end,start,word
0.59981,1.027856,0.877658,إِلَى
0.228118,1.17,1.05,ٱلْآنَ
