conf,end,start,word
0.341277,0.349245,0.0,أَتْبَعَتِ
0.792532,0.779429,0.349245,ٱلْمُوجَزَ
0.852647,1.087442,0.779429,وَٱسَّلَامُ
