conf,end,start,word
0.684069,0.29739,0.0,أَيَّةُ
0.99235,0.9,0.29739,ٱلْمُوجَزِ
0.643004,1.138764,0.930014,شُكْرًا
