conf,end,start,word
0.802414,0.283937,0.0,إِنْتَهَى
0.613815,1.044507,0.283937,ٱلْمُنْجَزُ
