conf,end,start,word
1.0,0.330152,0.0,إِنْتَهَى
0.816362,0.81,0.330152,ٱلْمُوجَزُ
0.648429,1.060574,0.84,إِلَى
