conf,end,start,word
0.99611,0.84,0.3,ٱلْمُوجَزُ
0.971523,1.013345,0.87,إِلَى
0.096594,1.17,1.02,ٱلْغَرْبِ
