conf,end,start,word
0.850347,0.84,0.3,ٱلْمُوجَزُ
0.981337,0.995322,0.87,إِلَى
0.719027,1.17,0.995322,ٱلِّقَاءِ
