conf,end,start,word
0.956765,0.298926,0.0,إِنْتَهَى
0.947073,0.87,0.298926,ٱلْمُوجَزُ
0.425448,1.169709,0.93,ٱثَّانِي
