conf,end,start,word
0.972025,0.87,0.0,ٱلْمُوجَزُ
0.831264,1.043562,0.9,إِلَى
0.514858,1.17,1.05,ٱلْآنَ
