conf,end,start,word
0.988291,0.87,0.005341,ٱلْمُوجَزُ
0.661481,1.019707,0.9,إِلَى
0.521842,1.14,1.02,ٱلْآنَ
