conf,end,start,word
0.564114,0.301446,0.03,نِهَايَةُ
0.949043,0.87,0.301446,ٱلْمُوجَزِ
0.666566,1.058612,0.9,إِلَى
