conf,end,start,word
0.393278,0.323557,0.0,ٱنِّهَايَةُ
0.871424,0.84,0.323557,ٱلْمُوجَزُ
0.956305,1.145587,0.871358,شُكْرًا
