conf,end,start,word
0.937528,0.84,0.007016,ٱلْمُوجَزُ
0.879124,0.990367,0.868343,إِلَى
0.446093,1.169992,0.990367,ٱلِّقَاءِ
