conf,end,start,word
0.977496,1.038009,0.78,شُكْرًا
0.449993,1.169827,1.049913,لَكُمْ
