conf,end,start,word
0.574765,0.39,0.090186,هَيْئَةُ
0.250136,1.035699,0.802624,ٱلْآنَ
