conf,end,start,word
0.657215,0.84,0.068296,ٱلْمُوجَزُ
0.907072,0.973996,0.87,إِلَى
0.225174,1.14,0.973996,ٱلِّقَاءِ
