conf,end,start,word
0.905072,0.951208,0.063129,ٱلْمُوجَزَةُ
0.321028,1.157963,0.96,شُكْرًا
