conf,end,start,word
0.748865,0.286403,0.0,أَيَّةُ
0.77381,0.837277,0.286403,ٱلْمُوجَزَةِ
0.479746,1.069222,0.837277,ٱلْآنَ
