conf,end,start,word
0.981424,0.360028,0.06,خِتَامُ
0.242845,0.81,0.360261,ٱلْمُوجَزِ
0.976475,1.053817,0.84,دُمْتُمْ
0.591272,1.17,1.053817,بِخَيْرٍ
