conf,end,start,word
0.726837,0.323075,0.03,نِهَايَةُ
0.583265,0.84,0.323075,ٱلْمُوجَزِ
0.252231,1.139951,1.079951,لَكَ
