conf,end,start,word
0.634519,0.855645,0.0,ٱلْمُوجَزُ
0.497633,1.078695,0.87,شُكْرًا
0.367611,1.14,1.08,لَكَ
