conf,end,start,word
0.992147,0.329299,0.0,إِنْتَهَى
0.896298,0.876264,0.329299,ٱلْمُوجَزَةُ
0.472317,1.05815,0.899967,إِلَى
