conf,end,start,word
0.699135,0.36,0.030446,نِهَايَةٌ
0.920812,1.149668,0.87,شُكْرًا
