conf,end,start,word
1.0,0.39,0.09,نِهَايَةُ
0.95589,0.780098,0.39,ٱلْمُوجَزِ
0.301944,1.101652,0.78015,مُلْتَقًى
