conf,end,start,word
0.40654,0.750236,0.003173,ٱلْمَوْجُودُ
0.841428,1.010229,0.765619,ٱلْآنَ
