conf,end,start,word
0.744587,0.810587,0.049166,ٱلْمُوجَزُ
0.964954,0.972082,0.84,إِلَى
0.280067,1.14,0.972082,ٱلِّقَاءِ
