conf,end,start,word
0.941891,0.84,0.09025,ٱلْمُوجَزُ
0.986322,0.996855,0.87,إِلَى
0.56713,1.17,0.996855,ٱلِّقَاءِ
