conf,end,start,word
0.620468,0.327133,0.03,هَذَا
0.286178,0.805943,0.327133,ٱلْمُوجَزُ
0.944567,0.9,0.806685,إِلَى
1.0,1.14,0.9,ٱلِّقَاءِ
