conf,end,start,word
0.289673,0.344504,0.0,أَعَادَتِ
0.835914,0.78061,0.344504,ٱلْمُوجَزَ
0.833744,1.10594,0.782862,وَٱسَّلَامُ
