conf,end,start,word
0.837024,0.78106,0.025188,ٱلْمُوجَزُ
0.320522,1.079056,0.78106,ٱثَّانِي
