conf,end,start,word
0.872563,0.36,0.03,نِهَايَةُ
0.696485,0.78,0.36,ٱلْمُوجَزِ
0.948909,1.088014,0.806816,نَنْتَقِلُ
0.529424,1.17,1.088014,إِلَى
