conf,end,start,word
0.957217,0.328645,0.0,إِنْتَهَى
0.928074,0.87,0.328645,ٱلْمُوجَزُ
0.711367,1.049218,0.9,إِلَى
