conf,end,start,word
0.908228,0.84,0.047507,ٱلْمُوجَزُ
0.594064,1.134257,0.868672,شُكْرًا
