conf,end,start,word
0.860045,0.351644,0.03,نِهَايَةُ
0.794224,0.78,0.351644,ٱلْمُوجَزِ
0.451389,1.077662,0.78,ٱثَّانِي
