conf,end,start,word
0.850885,0.350569,0.12,نِهَايَةُ
0.948362,0.84,0.350569,ٱلْمُوجَزِ
