conf,end,start,word
0.891005,0.39,0.03,لِقُوَّاتِ
1.0,0.750032,0.39,ٱنِّظَامِ
0.969632,1.169419,0.750032,وَرُوسِيَا
