conf,end,start,word
0.757271,0.370367,0.06,جُنُودُ
1.0,0.78,0.370367,ٱنِّظَامِ
0.932548,1.17,0.81,سَاقِطٌ
