conf,end,start,word
0.972702,0.413673,0.0,أَنَّ
0.999483,0.75,0.413673,ٱنِّظَامَ
0.998898,1.055078,0.75,ٱسُّورِيَّ
0.31869,1.17,1.055078,يَعْنِي
