conf,end,start,word
0.983349,0.809829,0.03099,ٱنِّظَامُ
0.869909,1.14,0.84,خِلَالَ
