conf,end,start,word
0.991491,0.779937,0.060687,ٱنِّظَامُ
0.54624,1.121083,0.78,بَرَامِيلَ
