conf,end,start,word
0.542143,0.352867,0.0,أَقْدَامُ
0.999638,0.78,0.352867,ٱنِّظَامِ
0.879991,1.121999,0.81,ٱسُّورِيِّ
