conf,end,start,word
0.989036,0.39,0.03,جُنُودُ
1.0,0.754308,0.39,ٱنِّظَامِ
0.468886,1.090769,0.754308,بِسُورِيَا
