conf,end,start,word
0.89307,0.352261,0.030415,قُوَّاتُ
1.0,0.81,0.352261,ٱنِّظَامِ
0.963566,1.169754,0.81,وَعَنَاصِرُ
