conf,end,start,word
0.740387,0.360097,0.0,ٱسُّجُونُ
0.995545,0.78,0.360097,ٱنِّظَامُ
