conf,end,start,word
0.95821,0.359144,0.03,قُوَّاتُ
1.0,0.81,0.359144,ٱنِّظَامِ
0.97363,0.990914,0.81,فِي
0.377744,1.164349,0.990914,رِيفِ
