conf,end,start,word
0.929951,0.45,0.0,أَعْدَادًا
0.992706,0.72002,0.45,ٱنِّظَامُ
0.989136,1.045656,0.72002,ٱسُّورِيُّ
