conf,end,start,word
0.960759,0.33,0.03,لِجَيْشِ
1.0,0.780052,0.33,ٱنِّظَامِ
0.996009,1.131519,0.780052,ٱسُّورِيِّ
