conf,end,start,word
0.908774,0.318687,0.03,عَنِ
1.0,0.779766,0.318687,ٱنِّظَامِ
0.929639,1.015645,0.78,ٱلَّذِي
0.432015,1.151022,1.015645,كَانَ
