conf,end,start,word
0.449016,0.276354,0.03,جَيْشُ
0.975129,0.84,0.276354,ٱنِّظَامِ
