conf,end,start,word
0.954681,0.359353,0.03,بَيْنَ
1.0,0.81,0.359353,ٱنِّظَامِ
0.932136,1.159189,0.81,ٱسُّورِيِّ
