conf,end,start,word
0.88327,0.328675,0.03,جَيْشُ
0.990641,0.78,0.328675,ٱنِّظَامِ
