conf,end,start,word
0.947149,0.361063,0.030405,قُوَّاتُ
0.90241,0.780583,0.361063,ٱنِّظَامِ
0.93402,1.14,0.782861,وَرُوسِيَا
