conf,end,start,word
0.978279,0.36,0.030623,قُوَّاتُ
1.0,0.78,0.36,ٱنِّظَامِ
0.955204,1.169599,0.81,قَصْفٌ
