conf,end,start,word
0.973969,0.334842,0.03,عَلَيْهَا
0.720837,0.78,0.334842,ٱنِّظَامُ
