conf,end,start,word
0.580297,0.359468,0.03,وَفْدَيِ
0.946115,0.831632,0.359468,ٱنِّظَامِ
