conf,end,start,word
0.944583,0.420722,0.03,يُحَقِّقُ
0.951773,0.753235,0.420722,ٱنِّظَامُ
0.653128,0.838189,0.753235,مَا
0.937773,1.169795,0.838189,يُرِيدُ
