conf,end,start,word
0.865025,0.42,0.03,طَائِرَاتُ
0.502939,0.750333,0.42,نِظَامٍ
0.301406,1.165956,0.750333,مُخَيَّمَاتٍ
