conf,end,start,word
0.992599,0.39,0.03,طَائِرَاتُ
1.0,0.78,0.39,ٱنِّظَامِ
0.981645,1.05151,0.81,ٱسُّورِيِّ
0.144483,1.17,1.05151,يَعْنِي
