conf,end,start,word
0.603598,0.283697,0.0,أَنَّ
1.0,0.78,0.283697,ٱنِّظَامَ
0.888349,1.168716,0.78,ٱصِّحِّيَّ
