conf,end,start,word
0.964162,0.356955,0.030415,قُوَّاتُ
1.0,0.81,0.356955,ٱنِّظَامِ
0.939634,0.942329,0.81,فِي
0.315402,1.17,0.942329,ٱلْمِنْطَقَةِ
