conf,end,start,word
0.817179,0.42009,0.030513,إِعْدَادُ
0.99755,0.75,0.420557,ٱنِّظَامِ
1.0,1.164418,0.75,ٱسُّورِيِّ
