conf,end,start,word
0.790465,0.359446,0.030374,قُوَّاتُ
1.0,0.72,0.359446,ٱنِّظَامِ
0.946324,0.869294,0.72,فِي
0.745398,1.14,0.87,مِنْطَقَةِ
