conf,end,start,word
0.901556,0.347173,0.03,قَصْفُ
1.0,0.832585,0.347173,ٱنِّظَامِ
0.694993,1.17,0.84,وَٱلْقَانُونِ
