conf,end,start,word
0.767278,0.33,0.03017,جَيْشُ
0.956412,0.84,0.330448,ٱنِّظَامِ
