conf,end,start,word
0.886964,0.81,0.17757,ٱنِّظَامُ
0.846886,0.976396,0.81,فِي
0.344964,1.14,0.99,سُورِيَا
