conf,end,start,word
0.726539,0.359521,0.03,لِقُوَّاتِ
1.0,0.75,0.359521,ٱنِّظَامِ
0.940943,1.138984,0.75,وَرُوسِيَا
