conf,end,start,word
0.990797,0.42,0.03,قُوَّاتُ
1.0,0.784415,0.42,ٱنِّظَامِ
0.439123,1.160084,0.784415,ٱلْمَدْعُومَةِ
