conf,end,start,word
0.814538,0.419989,0.03,وَفْدَيِ
0.686872,0.75,0.419989,نِظَامٍ
