conf,end,start,word
0.997463,0.33,0.030139,رَئِيسَ
1.0,0.751129,0.33,ٱلْوُزَرَاءِ
0.567536,1.169261,0.751129,لِلْحُكْمِ
