conf,end,start,word
0.999534,0.750019,0.202986,ٱلْوُزَرَاءُ
0.978473,1.14,0.750019,ٱلْكُوَيْتِيُّ
