conf,end,start,word
0.859647,0.359324,0.033168,مَجْلِسُ
1.0,0.810791,0.359324,ٱلْوُزَرَاءِ
0.864798,1.14,0.810791,وَوَزِيرُ
