conf,end,start,word
0.8591,0.329612,0.030928,رَئِيسُ
1.0,0.750503,0.329612,ٱلْوُزَرَاءِ
0.966445,1.17,0.750503,ٱلْفِلَسْطِينِيُّ
