conf,end,start,word
0.831924,0.36,0.03,رَئِيسُ
0.999262,0.782354,0.36,ٱلْوُزَرَاءِ
0.712148,0.953244,0.782354,عَبْدُ
0.28824,1.17,0.96,ٱرَّحْمَنِ
