conf,end,start,word
0.997239,0.42,0.03,رَئِيسُ
1.0,0.690016,0.42,ٱلْوُزَرَاءِ
0.999058,1.054681,0.690016,ٱلْعِرَاقِيُّ
