conf,end,start,word
0.775773,0.42,0.062736,رَئِيسُ
1.0,0.690023,0.42,ٱلْوُزَرَاءِ
0.996925,0.968433,0.690023,ٱسُّودَانِيُّ
0.575672,1.14,0.968433,ٱلْأَسْبَقُ
