conf,end,start,word
0.912035,0.318821,0.03,مِنَ
1.0,0.78,0.318821,ٱلْوُزَرَاءِ
0.971748,0.870117,0.78,فِي
0.70989,1.169684,0.870117,ٱجْتِمَاعٍ
