conf,end,start,word
0.626399,0.36,0.030284,رَئِيسُ
1.0,0.750197,0.36,ٱلْوُزَرَاءِ
0.965769,1.14,0.750197,ٱسُّودَانِيُّ
