conf,end,start,word
0.981276,0.42,0.03,رَئِيسَةُ
1.0,0.756649,0.42,ٱلْوُزَرَاءِ
0.599432,0.962974,0.78,قَدْ
0.317315,1.14,0.962974,أَعْلَنَتْ
