conf,end,start,word
0.861113,0.298526,0.03,مَجْلِسُ
1.0,0.84,0.298526,ٱلْوُزَرَاءِ
0.644512,1.167874,0.84,ٱلْيَمَنِيُّ
