conf,end,start,word
0.98324,0.39,0.030905,رَئِيسُ
1.0,0.72,0.39,ٱلْوُزَرَاءِ
0.988576,1.082482,0.72,ٱلْإِسْرَائِيلِيُّ
0.424497,1.17,1.082482,طَيِّبْ
