conf,end,start,word
0.955449,0.359405,0.048265,رَئِيسُ
1.0,0.75,0.359405,ٱلْوُزَرَاءِ
0.681218,1.169574,0.75,ٱلْبَرِيطَانِيُّ
