conf,end,start,word
0.979835,0.42,0.03,رَئِيسُ
0.973387,0.78,0.42,ٱلْوُزَرَاءِ
0.99081,0.96,0.78,بِنْ
0.981912,1.169191,0.96,عَلِيٍّ
