conf,end,start,word
0.973512,0.33,0.03,رَئِيسُ
1.0,0.780152,0.33,ٱلْوُزَرَاءِ
0.986264,1.071575,0.780152,ٱلْمِصْرِيُّ
