conf,end,start,word
0.96186,0.30012,0.03,رَئِيسُ
0.994287,0.854124,0.30012,ٱلْوُزَرَاءِ
0.478577,1.14,0.87,حَيْدَرْ
