conf,end,start,word
0.956953,0.33,0.03,رَئِيسُ
1.0,0.810209,0.33,ٱلْوُزَرَاءِ
0.979481,1.16559,0.810209,حَيْدَرْ
