conf,end,start,word
0.998958,0.36,0.06,رَئِيسُ
1.0,0.750174,0.36,ٱلْوُزَرَاءِ
0.984672,1.043734,0.750174,ٱتُّرْكِيُّ
0.085577,1.17,1.05,يَعْنِي
