conf,end,start,word
1.0,0.39,0.06,رَئِيسُ
1.0,0.750043,0.39,ٱلْوُزَرَاءِ
0.9963,0.969265,0.750043,حَيْدَرْ
0.569745,1.17,0.969265,ٱلْعَبَّادِي
