conf,end,start,word
0.915711,0.33,0.06055,رَئِيسُ
0.99815,0.84,0.33,ٱلْوُزَرَاءِ
0.866171,1.053584,0.87,خَالِدْ
0.796278,1.17,1.053584,بَحَّاحْ
