conf,end,start,word
0.935449,0.33,0.03,رَئِيسُ
0.999488,0.85857,0.33052,ٱلْوُزَرَاءِ
0.28488,1.17,0.87,أَلِيكْسْ
