conf,end,start,word
0.982382,0.36,0.030359,رَئِيسُ
1.0,0.780065,0.36,ٱلْوُزَرَاءِ
0.986425,1.17,0.780065,ٱسَّابِقُ
