conf,end,start,word
0.901623,0.33,0.03,رَئِيسُ
0.956119,0.81112,0.33,ٱلْوُزَرَاءِ
0.516817,1.077232,0.81112,ٱلْمِصْرِيُّ
0.236383,1.17,1.08,طَيِّبْ
