conf,end,start,word
0.998597,0.39,0.03,رَئِيسُ
1.0,0.81,0.39,ٱلْوُزَرَاءِ
0.410406,1.075876,0.814839,ٱلْمِصْرِيُّ
0.301992,1.17,1.08,طَيِّبْ
