conf,end,start,word
0.999111,0.780005,0.104276,ٱلْوُزَرَاءُ
0.998607,1.113726,0.780005,ٱلْعِرَاقِيُّ
