conf,end,start,word
0.690229,0.28941,0.0,ٱلْوِفَاقِ
0.763167,0.87,0.28941,ٱلْوَطَنِيِّ
0.577643,1.149011,0.87,ٱلِّيبِيِّ
