conf,end,start,word
0.995655,0.36,0.0,ٱلْوِفَاقِ
1.0,0.78,0.36,ٱلْوَطَنِيِّ
0.890848,1.050906,0.78,مُحَمَّدْ
0.531412,1.17,1.050906,مُرْسِي
