conf,end,start,word
0.944674,0.779699,0.270581,ٱلْوَطَنِيَّةُ
0.602403,1.169813,0.779699,ٱلْأَمِيرِيكِيَّةُ
