conf,end,start,word
0.986082,0.328178,0.0,ٱلْحَرَسُ
0.999707,0.81,0.328178,ٱلْوَطَنِيُّ
0.924728,1.002207,0.81,إِلَى
