conf,end,start,word
0.676877,0.295535,0.0,ٱتَّيَّارُ
0.869636,0.78,0.295535,ٱلْوَطَنِيُّ
0.797412,1.16566,0.780119,ٱلُّبْنَانِيُّ
