conf,end,start,word
1.0,0.36,0.0,ٱلْوِفَاقِ
1.0,0.810116,0.36,ٱلْوَطَنِيِّ
0.986473,0.99,0.810116,فِي
0.844018,1.169819,0.99,لِيبْيَا
