conf,end,start,word
0.999685,0.85957,0.002869,ٱلْوَطَنِيُّ
0.576122,1.073431,0.85957,ٱلِّيبِيُّ
