conf,end,start,word
0.995839,0.36,0.03,هَذَا
0.286805,0.750796,0.36,ٱلْوَطَنُ
