conf,end,start,word
0.998218,0.33,0.0,ٱلْجَيْشُ
1.0,0.840035,0.33,ٱلْوَطَنِيُّ
0.982198,0.930801,0.840035,فِي
0.120885,1.17,0.930801,ٱسُّودَانِ
