conf,end,start,word
0.978899,0.780018,0.122363,ٱلْوَطَنِيُّ
0.982676,1.030202,0.780532,ٱلَّذِي
