conf,end,start,word
1.0,0.330003,0.0,ٱلْجَيْشُ
0.999819,0.809984,0.330003,ٱلْوَطَنِيُّ
0.525577,0.9714,0.81,إِنَّهُ
0.148187,1.14,0.9714,ٱسِّيسِيُّ
