conf,end,start,word
0.963907,0.327363,0.0,ٱلْحَرَسُ
0.991734,0.840168,0.327363,ٱلْوَطَنِيُّ
0.966505,1.17,0.840168,ٱلْأَمِيرْكِيُّ
