conf,end,start,word
0.926255,0.292947,0.0,ٱلْوِفَاقِ
1.0,0.810554,0.292947,ٱلْوَطَنِيِّ
0.78155,1.138304,0.810554,مُحَمَّدْ
