conf,end,start,word
0.82742,0.290947,0.03,فَاقِ
0.994986,0.842516,0.290947,ٱلْوَطَنِيِّ
0.796467,1.027582,0.842516,ٱلِّيبِيِّ
0.492029,1.17,1.027582,ٱلْعَامِّ
