conf,end,start,word
1.0,0.36,0.0,ٱلْوِفَاقِ
1.0,0.81,0.36,ٱلْوَطَنِيِّ
0.932399,0.960069,0.81,فِي
0.697447,1.169041,0.960069,لِيبْيَا
