conf,end,start,word
0.997954,0.329952,0.0,ٱلْوِفَاقِ
1.0,0.84,0.329952,ٱلْوَطَنِيِّ
0.949148,0.988491,0.84,فِي
0.861133,1.169557,0.989779,لِيبْيَا
