conf,end,start,word
0.664909,0.33,0.03,إِنْقَاذِ
0.995449,0.83998,0.339947,ٱلْوَطَنِيِّ
0.984282,1.030137,0.83998,ٱلِّيبِيِّ
0.670156,1.17,1.030137,ٱلْعَامِّ
