conf,end,start,word
0.950567,0.36,0.0,ٱلْجَيْشُ
1.0,0.780016,0.36,ٱلْوَطَنِيُّ
0.997913,0.93,0.780016,مِنْ
0.965532,1.14,0.93,جِهَةٍ
