conf,end,start,word
0.942677,0.36,0.0,ٱلْجَيْشُ
1.0,0.81002,0.36,ٱلْوَطَنِيُّ
0.99685,0.93,0.81002,مِنْ
0.951536,1.17,0.93,جِهَةٍ
