conf,end,start,word
0.989831,0.298876,0.0,ٱلْحَرَسُ
1.0,0.810213,0.298876,ٱلْوَطَنِيُّ
0.962597,0.93019,0.810213,فِي
0.300005,1.14,0.93019,ٱلْبِلَادِ
