conf,end,start,word
0.942927,0.36,0.03,مُؤْتَمَرٌ
0.970727,0.784743,0.36,وَطَنِيٌّ
0.320953,1.14,0.784743,ٱلْعَفْوُ
