conf,end,start,word
0.906277,0.24,0.06,جَيْشٌ
0.969024,0.871621,0.243885,وَطَنِيٌّ
