conf,end,start,word
0.984477,0.33,0.03,وِفَاقٌ
1.0,0.750241,0.33,وَطَنِيٌّ
0.610449,1.153683,0.750241,وَأُصِيبَ
