conf,end,start,word
0.991269,0.299813,0.0,ٱلْوِفَاقِ
1.0,0.839737,0.299813,ٱلْوَطَنِيِّ
0.738102,1.052551,0.839737,ٱلِّيبِيِّ
0.203372,1.14,1.052551,طَيِّبْ
