conf,end,start,word
0.647321,0.897271,0.017781,ٱلْوَطَنِيَّةُ
0.679374,1.139382,0.897271,ٱلِّيبِيَّةُ
