conf,end,start,word
0.994843,0.269546,0.0,ٱلْوِفَاقِ
1.0,0.816529,0.269546,ٱلْوَطَنِيِّ
0.276304,1.17,0.816529,ٱصُّومَالِيِّ
