conf,end,start,word
0.997347,0.81,0.010962,ٱلْوَطَنِيُّ
0.706235,1.036695,0.810006,ٱلَّذِي
