conf,end,start,word
0.45767,0.33,0.03,فَاقِ
0.999357,0.87,0.34495,ٱلْوَطَنِيِّ
0.962688,1.019253,0.87,فِي
0.780582,1.17,1.02,لِيبْيَا
