conf,end,start,word
0.997886,0.329948,0.0,ٱلْوِفَاقِ
1.0,0.810094,0.329948,ٱلْوَطَنِيِّ
0.988505,0.99,0.810094,فِي
0.939832,1.17,0.99,لِيبْيَا
