conf,end,start,word
0.95315,0.36,0.0,ٱلْوِفَاقِ
0.995411,0.78,0.36,ٱلْوَطَنِيِّ
0.998811,0.93,0.78,فِي
0.994207,1.139781,0.93,لِيبْيَا
