conf,end,start,word
0.798426,0.299249,0.0,ٱلْجَيْشُ
0.804283,0.870037,0.299249,ٱلْوَطَنِيُّ
0.798568,1.104714,0.870037,ٱلْيَمَنِيُّ
