conf,end,start,word
0.997711,0.359937,0.0,ٱلْوِفَاقِ
1.0,0.78,0.359937,ٱلْوَطَنِيِّ
0.999204,1.031234,0.78,ٱلِّيبِيِّ
0.534879,1.17,1.031234,ٱلْعَامِّ
