conf,end,start,word
0.966973,0.298749,0.0,ٱلْجَيْشُ
1.0,0.84015,0.298749,ٱلْوَطَنِيُّ
0.886304,0.960282,0.84015,مِنْ
0.756443,1.14,0.960282,جِهَةٍ
