conf,end,start,word
0.554523,0.418262,0.0,ٱلْفِقْهُ
0.79327,0.81,0.418262,وَطَنِيٌّ
0.597318,1.00559,0.81,لِيبِيٌّ
