conf,end,start,word
0.975244,0.297479,0.0,ٱلْوِفَاقِ
1.0,0.81,0.297479,ٱلْوَطَنِيِّ
0.958413,1.007808,0.81,ٱلِّيبِيِّ
0.283116,1.14,1.007808,ٱلْعَامِّ
