conf,end,start,word
1.0,0.36,0.0,ٱلْوِفَاقِ
1.0,0.84,0.36,ٱلْوَطَنِيِّ
0.916574,0.960524,0.84,فِي
0.758028,1.164514,0.960524,لِيبْيَا
