conf,end,start,word
0.65156,0.327489,0.0,ٱلْمَدَارِسُ
0.999432,0.419951,0.327489,فِي
1.0,0.78,0.419951,ٱلْوِلَايَاتِ
1.0,1.169008,0.78,ٱلْمُتَّحِدَةِ
