conf,end,start,word
1.0,0.42,0.241089,إِلَى
1.0,0.720151,0.42,ٱلْيَمَنِ
0.99073,1.074408,0.720151,إِسْمَاعِيلْ
