conf,end,start,word
0.941215,0.370714,0.24,فِي
0.99529,0.72,0.370714,ٱلْيَمَنِ
0.953865,1.079153,0.72,بِسَبَبِ
