conf,end,start,word
0.889112,0.3794,0.0,أَطْرَافُ
0.973913,0.75,0.3794,ٱلْيَمَنِ
0.797184,1.004493,0.75,بِوَقْفِ
