conf,end,start,word
0.970648,0.72,0.330548,ٱلْيَمَنُ
0.786946,0.996922,0.72,مَارْتِنْ
0.494364,1.17,0.996922,دِيمْبْسِي
