conf,end,start,word
0.541427,0.299838,0.0,ٱلْجَزِيرَةِ
0.742288,0.396708,0.299838,فِي
1.0,0.75,0.396708,ٱلْيَمَنِ
0.330952,0.96,0.75,بِمَا
