conf,end,start,word
0.862336,0.338748,0.03,فِي
1.0,0.75,0.338748,ٱلْيَمَنِ
0.179708,1.14,0.78,بَدَا
