conf,end,start,word
0.939478,0.359543,0.27,فِي
0.979691,0.750893,0.359543,ٱلْيَمَنِ
0.898674,1.04243,0.750893,مُحَمَّدْ
0.432112,1.17,1.05,مُرْسِي
