conf,end,start,word
0.973598,0.419897,0.210448,إِلَى
0.981326,0.690032,0.419897,ٱلْيَمَنِ
0.983196,0.970746,0.690032,مَارْتِنْ
0.524514,1.14,0.970746,دِيمْبْسِي
