conf,end,start,word
0.62268,0.749468,0.364402,ٱلْيَمَنِيَّةُ
0.817242,0.994992,0.749468,أَحْمَدْ
0.220003,1.17,0.994992,مُعَيْتِيقْ
