conf,end,start,word
0.975993,0.42,0.120474,شَرْقَ
1.0,0.75,0.420038,ٱلْيَمَنِ
0.488699,1.086864,0.75,سَيْطَرَ
