conf,end,start,word
0.686865,0.418752,0.03,غَرْبِيَّةُ
0.996461,0.75,0.418752,ٱلْيَمَنِ
0.946602,1.073909,0.75,وَقَدْ
