conf,end,start,word
0.946371,0.36,0.03,شَرْقَ
1.0,0.78,0.361609,ٱلْيَمَنِ
0.231213,1.17,1.08,لِيهْ
