conf,end,start,word
0.441872,0.3,0.0,أَنَّنَا
0.9982,0.419826,0.3,فِي
0.999757,0.75,0.419826,ٱلْيَمَنِ
0.584339,0.937216,0.75,أَنَا
