conf,end,start,word
0.669327,0.27,0.03,لَهَا
0.983849,0.388762,0.270076,فِي
0.996306,0.720014,0.388762,ٱلْيَمَنِ
0.317524,1.122799,0.720014,يَقْتَرِبُ
