conf,end,start,word
0.987961,0.448939,0.18,وَفِي
0.997441,0.74999,0.448939,ٱلْيَمَنِ
0.552632,1.027729,0.75,أَفَادَ
