conf,end,start,word
0.600717,0.27,0.03,لَدَيْنَا
0.776422,0.370715,0.27,فِي
1.0,0.72,0.370715,ٱلْيَمَنِ
0.718501,1.089485,0.72,وَقَالَ
