conf,end,start,word
0.925484,0.418481,0.05269,إِلَى
0.970302,0.719923,0.418481,ٱلْيَمَنِ
1.0,0.990974,0.719923,مَارْتِنْ
0.96896,1.17,0.990974,دِيمْبْسِي
