conf,end,start,word
0.92178,0.383242,0.270327,فِي
1.0,0.78,0.383242,ٱلْيَمَنِ
0.913189,1.167476,0.78,كَذَلِكَ
