conf,end,start,word
0.967529,0.386144,0.24,فِي
1.0,0.72,0.386144,ٱلْيَمَنِ
0.989506,0.87,0.72,فِي
0.501095,1.127069,0.87,بَيَانٍ
