conf,end,start,word
0.995986,0.359305,0.03,فِي
0.998831,0.78,0.359305,ٱلْيَمَنِ
0.391663,1.045461,0.81,مُنْذُ
