conf,end,start,word
0.997301,0.419728,0.18,إِلَى
1.0,0.75,0.419728,ٱلْيَمَنِ
0.957406,1.080275,0.75,إِسْمَاعِيلْ
