conf,end,start,word
0.997908,0.419932,0.03,إِلَى
1.0,0.75,0.419932,ٱلْيَمَنِ
0.461457,1.14,0.75,مَاتُوزُوفْ
