conf,end,start,word
0.971105,0.449506,0.30219,فِي
0.99262,0.69,0.449506,ٱلْيَمَنِ
0.907492,1.160488,0.690114,كْرِيسْتُوفَرْ
