conf,end,start,word
0.713707,0.386062,0.240631,إِلَى
0.975046,0.721468,0.386062,ٱلْيَمَنِ
0.372534,1.117299,0.721468,مَارْتِنْ
