conf,end,start,word
1.0,0.42,0.243395,إِلَى
1.0,0.69,0.42,ٱلْيَمَنِ
0.991745,0.990273,0.69,مَارْتِنْ
0.983712,1.17,0.990273,دِيمْبْسِي
