conf,end,start,word
0.997209,0.75,0.144982,ٱلْيَمَنُ
0.76899,1.037969,0.75,حَيْثُ
