conf,end,start,word
0.690611,0.3,0.030541,هِيَ
0.993052,0.449869,0.3,فِي
0.999618,0.75,0.449869,ٱلْيَمَنِ
0.676592,1.020828,0.75,حَيْثُ
