conf,end,start,word
0.601936,0.262284,0.0,ٱلَّتِي
0.994022,0.38956,0.262284,فِي
0.998601,0.78,0.38956,ٱلْيَمَنِ
