conf,end,start,word
0.55733,0.354416,0.03,فِي
0.979043,0.78,0.354416,ٱلْيَمَنِ
0.281575,1.154497,0.81,خَاصَّةً
