conf,end,start,word
0.993231,0.42,0.031255,إِلَى
0.99584,0.720008,0.42,ٱلْيَمَنِ
0.988459,0.978589,0.720008,مَارْتِنْ
0.260122,1.14,0.978589,دِيمْبْسِي
