conf,end,start,word
0.995788,0.419895,0.18,إِلَى
0.99744,0.75,0.419895,ٱلْيَمَنِ
0.994925,1.020071,0.75,جَمَالْ
0.98262,1.082223,1.020071,بِنْ
0.94116,1.17,1.082223,عُمَرْ
