conf,end,start,word
0.846365,0.348357,0.240024,فِي
1.0,0.723484,0.348357,ٱلْيَمَنِ
0.560269,1.107486,0.723484,نَفَاذُ
