conf,end,start,word
0.813521,0.210384,0.03,عَامٌّ
0.966894,0.359532,0.212588,فِي
0.998571,0.81,0.359532,ٱلْيَمَنِ
