conf,end,start,word
0.474393,0.27,0.03,سِنِيَّةٌ
0.99023,0.389844,0.27,فِي
1.0,0.72,0.389844,ٱلْيَمَنِ
