conf,end,start,word
0.798639,0.39,0.03,جَنُوبِيَّ
0.983755,0.779968,0.392476,ٱلْيَمَنِ
0.436828,1.021922,0.78,أَفَادَ
