conf,end,start,word
0.641369,0.266895,0.0,ٱلَّتِي
0.671669,0.35833,0.266895,فِي
0.948973,0.814424,0.35833,ٱلْيَمَنِ
