conf,end,start,word
0.959572,0.415737,0.3,فِي
0.998996,0.749972,0.415737,ٱلْيَمَنِ
0.902773,0.928848,0.75,أَنَا
0.482324,1.17,0.93,سَمِعْتُ
