conf,end,start,word
0.978071,0.417481,0.303053,فِي
1.0,0.720899,0.417481,ٱلْيَمَنِ
0.938465,1.04945,0.720899,أَنَّهَا
