conf,end,start,word
0.955406,0.448607,0.240054,إِلَى
0.962437,0.754334,0.448607,ٱلْيَمَنِ
0.523891,1.108475,0.754334,لُجُوءٌ
