conf,end,start,word
0.886889,0.344015,0.03,مَلَفُّ
1.0,0.72,0.344015,ٱلْيَمَنِ
0.994004,1.034527,0.72,لِمُدَّةِ
