conf,end,start,word
0.982761,0.38667,0.03,إِلَى
1.0,0.75,0.38667,ٱلْيَمَنِ
0.966284,1.17,0.75,جَمَالْ
