conf,end,start,word
0.996972,0.39,0.03,جَنُوبَ
1.0,0.750017,0.39,ٱلْيَمَنِ
0.769997,1.17,0.750017,بِرَصَاصٍ
