conf,end,start,word
0.825499,0.388339,0.240562,فِي
0.996454,0.81,0.388339,ٱلْيَمَنِ
0.818724,1.079173,0.81,إِذَا
