conf,end,start,word
0.67346,0.408899,0.032646,إِلَى
0.997744,0.690471,0.408899,ٱلْيَمَنِ
0.232157,1.137187,0.690471,مَارْتْشِيلْزْ
