conf,end,start,word
0.711467,0.270074,0.03,تَرَى
0.940138,0.386632,0.271801,فِي
0.998249,0.72,0.386632,ٱلْيَمَنِ
0.966075,1.103883,0.72,بَلَغَ
