conf,end,start,word
0.344107,0.24,0.0,أَنَّ
0.999695,0.750003,0.36343,ٱلْيَمَنَ
0.228336,1.17,0.750003,لِدَوَائِرَ
