conf,end,start,word
0.784283,0.419367,0.27799,إِلَى
0.845396,0.719986,0.419367,ٱلْيَمَنِ
0.334938,1.17,0.719986,مَارْسِينْكُويتشْ
