conf,end,start,word
0.996753,0.330111,0.0,ٱلْحُوثِيُّ
0.988576,0.44979,0.330111,فِي
1.0,0.72,0.44979,ٱلْيَمَنِ
0.999296,1.050207,0.72,مُحَمَّدْ
0.810304,1.17,1.050207,مُرْسِي
