conf,end,start,word
0.996989,0.419898,0.03,إِلَى
1.0,0.72028,0.419898,ٱلْيَمَنِ
0.933669,0.993781,0.72028,مَارْتِنْ
0.72607,1.17,0.993781,دِيمْبْسِي
