conf,end,start,word
0.56435,0.325791,0.220096,فِي
1.0,0.81,0.325791,ٱلْيَمَنِ
0.999607,0.99,0.81,عَنْ
0.963045,1.17,0.99,مِصْرَ
