conf,end,start,word
1.0,0.42,0.21,إِلَى
1.0,0.75,0.42,ٱلْيَمَنِ
0.998257,1.023988,0.75,حَيْثُ
0.2014,1.17,1.023988,أَنَّ
