conf,end,start,word
0.862226,0.34727,0.210032,فِي
0.999243,0.742205,0.34727,ٱلْيَمَنِ
0.612618,1.14,0.75,ٱلْعَمِيدُ
