conf,end,start,word
0.310201,0.3,0.0,أَيْ
0.929103,0.384475,0.30068,فِي
1.0,0.72,0.384475,ٱلْيَمَنِ
1.0,1.11,0.72,ٱلْيَوْمَ
