conf,end,start,word
0.874885,0.300057,0.0,ٱلَّتِي
0.916283,0.411825,0.300057,فِي
0.994184,0.75,0.411825,ٱلْيَمَنِ
0.980673,1.17,0.75,بِٱسْتِمْرَارٍ
