conf,end,start,word
0.934055,0.329959,0.054038,جَنُوبَ
1.0,0.75,0.329959,ٱلْيَمَنِ
