conf,end,start,word
0.686681,0.24,0.0,أَيْ
0.970124,0.357782,0.240308,فِي
1.0,0.81,0.357782,ٱلْيَمَنِ
