conf,end,start,word
0.879396,0.380951,0.300186,فِي
1.0,0.72,0.380951,ٱلْيَمَنِ
0.812449,0.931375,0.75,إِنَّ
0.065186,1.17,0.931375,ٱلْمَشَاكِلَ
