conf,end,start,word
0.997424,0.3,0.03,فِي
1.0,0.750178,0.33,ٱلْيَمَنِ
0.901228,0.874062,0.750178,مَا
0.516513,1.120267,0.9,زَالَ
