conf,end,start,word
0.999218,0.81,0.33004,ٱلْيَمَنُ
0.884305,1.023023,0.84,أَوْ
