conf,end,start,word
0.4766,0.24,0.03,حَرْبٌ
0.998118,0.359858,0.24,فِي
1.0,0.81,0.359858,ٱلْيَمَنِ
