conf,end,start,word
0.781065,0.372295,0.272383,فِي
0.997562,0.750013,0.372295,ٱلْيَمَنِ
0.661374,1.109323,0.750013,نَقْلًا
