conf,end,start,word
0.593234,0.339147,0.0,أُوبَامَا
0.838938,0.78,0.339147,ٱلْيَمَنُ
0.430738,1.149135,0.78,تَشْهَدُ
