conf,end,start,word
0.96542,0.749907,0.080556,ٱلْيَمَنُ
0.91806,0.999786,0.749907,مَارْتِنْ
0.410419,1.17,0.999786,دِيمْبْسِي
