conf,end,start,word
0.658802,0.268438,0.03,مَرَّاتٍ
0.989405,0.389722,0.268438,فِي
1.0,0.72,0.389722,ٱلْيَمَنِ
0.993603,0.99,0.72,بِمَا
0.849163,1.169742,0.99,فِيهَا
