conf,end,start,word
0.39614,0.3,0.0,ٱلْخَاصِّ
0.935961,0.419958,0.322845,إِلَى
0.937755,0.719999,0.419958,ٱلْيَمَنِ
0.497145,1.025996,0.72,مَارْتِنْ
