conf,end,start,word
0.999055,0.42,0.060991,جَنُوبَ
1.0,0.720516,0.42,ٱلْيَمَنِ
0.433355,1.001132,0.720516,إِضْرَابٌ
