conf,end,start,word
0.297234,0.267295,0.03,مَرَّةً
0.951034,0.389724,0.267295,فِي
0.994736,0.78,0.389724,ٱلْيَمَنِ
