conf,end,start,word
0.357706,0.33,0.0,ٱلْجَزِيرَةِ
0.940926,0.414866,0.330073,فِي
0.999422,0.72,0.414866,ٱلْيَمَنِ
0.725176,0.998293,0.72001,أَيْضًا
