conf,end,start,word
0.83047,0.335299,0.03,فِي
1.0,0.784329,0.335299,ٱلْيَمَنِ
0.380234,1.17,0.81,قَصْفٌ
