conf,end,start,word
0.712765,0.39,0.0,أُورُوبَّا
0.885373,0.77951,0.394406,ٱلْيَمَنُ
0.949309,1.073819,0.78,بَعْدَ
