conf,end,start,word
0.990349,0.389826,0.24,فِي
0.997654,0.808481,0.389826,ٱلْيَمَنِ
0.369763,1.17,0.81,عَزَّزَ
