conf,end,start,word
0.997221,0.389875,0.03,إِلَى
1.0,0.75,0.389875,ٱلْيَمَنِ
0.985985,1.01671,0.75,عَنْ
0.284857,1.14,1.02,قَصْدٍ
