conf,end,start,word
0.897337,0.33,0.0,ٱلْحُوثِيُّ
0.987964,0.419008,0.33,فِي
0.997497,0.690131,0.419008,ٱلْيَمَنِ
0.503656,1.169126,0.690131,مُنَظَّمٌ
