conf,end,start,word
0.990684,0.448615,0.3,فِي
1.0,0.749937,0.448615,ٱلْيَمَنِ
0.610678,0.994582,0.75,أَفَادَ
