conf,end,start,word
0.890188,0.329753,0.0,ٱلْمَهْرَةِ
0.979019,0.81,0.329753,ٱلْيَمَنِيَّةِ
0.818717,0.976077,0.81,إِنَّ
