conf,end,start,word
0.430677,0.294385,0.0,ٱلْأَطْرَافُ
0.998368,0.840011,0.294385,ٱلْيَمَنِيَّةُ
0.99809,0.997019,0.840011,عَلَى
0.307882,1.17,0.997019,ٱعْتِبَارِ
