conf,end,start,word
0.994374,0.78,0.345386,ٱلْيَمَنِيَّةُ
0.866276,0.9,0.78,أَنَّ
0.42121,1.138771,0.9,ٱلْحُكْمَ
