conf,end,start,word
0.990168,0.870302,0.017298,ٱلْيَمَنِيَّةُ
0.424917,1.17,0.870302,تَأْهِيلٌ
