conf,end,start,word
0.583748,0.314529,0.0,ٱلْأَطْرَافُ
1.0,0.810039,0.314529,ٱلْيَمَنِيَّةُ
0.981626,1.14,0.810039,كَافَّةً
