conf,end,start,word
0.990285,0.810132,0.014823,ٱلْيَمَنِيَّةُ
0.397191,1.14,0.810132,تَعْلِيقَاتٌ
