conf,end,start,word
1.0,0.810018,0.240456,ٱلْيَمَنِيَّةُ
0.996468,0.93,0.810018,فِي
0.996468,1.17,0.93,ظِلِّ
