conf,end,start,word
0.990676,0.810023,0.0775,ٱلْيَمَنِيَّةُ
0.994654,0.929925,0.810023,فِي
0.690275,1.17,0.93,ٱسُّودَانِ
