conf,end,start,word
0.999041,0.780159,0.060516,ٱلْيَمَنِيَّةُ
0.863727,1.136153,0.780159,رَاجِحٌ
