conf,end,start,word
0.998519,0.87,0.0,ٱلْيَمَنِيَّةُ
0.961096,1.016692,0.87,فِي
0.221755,1.17,1.02,تُونِسَ
