conf,end,start,word
0.966977,0.81,0.03946,ٱلْيَمَنِيَّةُ
0.476287,1.164852,0.811229,طَلَبَتْ
