conf,end,start,word
0.992149,0.810482,0.00708,ٱلْيَمَنِيَّةُ
0.282734,1.017823,0.810482,وَمِنْ
