conf,end,start,word
0.922937,0.357776,0.0,ٱشَّعْبِيَّةِ
0.988199,0.81,0.357776,ٱلْيَمَنِيَّةِ
0.706549,0.989494,0.81,إِلَى
0.530009,1.14,0.99,عَدَنَ
