conf,end,start,word
0.916869,0.75,0.300152,ٱلْيَمَنِيَّةُ
0.829573,1.023102,0.75,أَحْمَدْ
0.147508,1.17,1.05,نَجَادْ
