conf,end,start,word
0.995068,0.869935,0.0,ٱلْيَمَنِيَّةُ
0.747324,1.02091,0.869935,ٱلَّتِي
