conf,end,start,word
0.97717,0.779995,0.092559,ٱلْيَمَنِيَّةُ
0.930293,0.924096,0.779995,مِنْ
0.317566,1.156829,0.93,جِهَةٍ
