conf,end,start,word
0.923503,0.84027,0.055619,ٱلْيَمَنِيَّةُ
0.218826,1.082089,0.84027,وَمِنْ
