conf,end,start,word
0.552063,0.32707,0.0,أَزْمَةٌ
0.96678,0.81,0.32707,يَمَنِيَّةٌ
0.987015,1.046635,0.81,ٱلَّتِي
