conf,end,start,word
0.944474,0.838289,0.142668,ٱلْيَمَنِيَّةُ
0.590019,1.14,0.84,صَدَّ
