conf,end,start,word
0.719503,0.346285,0.03,سَبَإٍ
0.989964,0.779887,0.346285,ٱلْيَمَنِيَّةِ
0.996996,1.17,0.779887,ٱلْخَاضِعَةِ
