conf,end,start,word
0.979592,0.780035,0.028537,ٱلْيَمَنِيَّةُ
0.724708,1.051325,0.780035,أَحْمَدْ
0.199134,1.17,1.051325,نَجَادْ
