conf,end,start,word
0.578428,0.321162,0.0,ٱلْأَزْمَةُ
0.976916,0.81,0.321162,ٱلْيَمَنِيَّةُ
0.982844,0.960536,0.81,بَلْ
