conf,end,start,word
0.985616,0.87,0.052605,ٱلْيَمَنِيَّةُ
0.937262,0.991216,0.87,فِي
0.13144,1.17,0.991216,صَنْعَاءَ
