conf,end,start,word
0.611317,0.291522,0.0,ٱلْأَزْمَةِ
1.0,0.840515,0.291522,ٱلْيَمَنِيَّةِ
0.856292,0.98889,0.840515,فِي
