conf,end,start,word
0.640927,0.930005,0.03,يَمَنِيَّةٌ
0.675711,1.021518,0.930005,فِي
