conf,end,start,word
0.942203,0.851679,0.011295,ٱلْيَمَنِيَّةُ
0.326689,1.14,0.87,وَفِي
