conf,end,start,word
0.976608,0.839908,0.128398,ٱلْيَمَنِيَّةُ
0.433471,1.17,0.839908,ٱلْقَائِمَةُ
