conf,end,start,word
0.634916,0.283932,0.0,ٱلْأَزْمَةِ
0.990305,0.840205,0.283932,ٱلْيَمَنِيَّةِ
0.950689,0.931888,0.840205,فِي
0.688198,1.17,0.931888,ٱلْكُوَيْتِ
