conf,end,start,word
0.681988,0.39,0.03,كَابُولَ
0.990987,0.75,0.394308,ٱلْيَوْمَ
1.0,1.169614,0.75027,بَلَغَتْ
