conf,end,start,word
0.986428,0.810007,0.154188,ٱلْيَمَنِيَّةُ
0.997824,1.019758,0.810007,عَلَى
0.174847,1.17,1.05,خِلَافِ
