conf,end,start,word
0.859604,0.719891,0.205626,ٱلْيَوْمَ
0.784956,0.9,0.72,عَلَى
