conf,end,start,word
0.58073,0.556519,0.300471,ٱلْيَمَنِيَّةُ
0.296047,0.811051,0.556519,ٱلْيَمَنِيُّ
