conf,end,start,word
0.446337,0.44397,0.0,ٱتُّونِسِيِّ
0.999375,0.689933,0.44397,ٱلْيَوْمَ
0.777725,1.1378,0.689978,ٱلْخِتَامِيَّ
