conf,end,start,word
0.942175,0.409958,0.03,مَسَاءَ
1.0,0.72,0.409958,ٱلْيَوْمِ
0.858438,1.027957,0.72,لِبَحْثِ
