conf,end,start,word
0.936524,0.738061,0.084151,ٱلْيَوْمَ
0.433069,0.93,0.780113,أَنَّ
