conf,end,start,word
0.925718,0.421384,0.06,يُعْقَدُ
0.558645,0.693476,0.421978,ٱلْيَوْمَ
0.670711,1.051874,0.693476,ٱسَّبْتَ
