conf,end,start,word
0.998464,0.78,0.005941,ٱلْيَوْمَ
0.555369,0.93005,0.81,إِنَّ
0.708252,1.17,0.93005,ٱرَّئِيسَ
