conf,end,start,word
0.991768,0.390014,0.03,بِرْلِينَ
0.999078,0.749495,0.390014,ٱلْيَوْمَ
0.351543,1.17,0.78,مُظَاهَرَةٌ
