conf,end,start,word
0.816201,0.444627,0.326576,فِي
1.0,0.69,0.444627,ٱلْيَوْمِ
1.0,1.10834,0.69,ٱلْأَوَّلِ
