conf,end,start,word
0.628292,0.443043,0.0,أَعْمَالَهَا
0.883837,0.680691,0.443043,ٱلْيَوْمَ
0.558593,0.84014,0.694245,فِي
0.627654,1.17,0.84014,نُوَاكْشُوطَ
