conf,end,start,word
0.612419,0.384745,0.03,مَسْؤُولٌ
0.994623,0.72,0.384745,ٱلْيَوْمَ
1.0,0.960098,0.720161,أَمَامَ
0.46853,1.17,0.960098,ٱلْمَحَاكِمِ
