conf,end,start,word
1.0,0.45038,0.03,فَجْرَ
0.96757,0.719556,0.45038,ٱلْيَوْمِ
0.298638,1.13797,0.75,غَارَةٌ
