conf,end,start,word
0.961522,0.33,0.0,أُعْلِنَ
1.0,0.78,0.331029,ٱلْيَوْمَ
0.729097,1.139387,0.78,سَحْبُ
