conf,end,start,word
0.397035,0.420122,0.0,أَمِيرْكِيٌّ
0.988969,0.726763,0.421861,ٱلْيَوْمَ
0.405917,1.14,0.726763,مَشْرُوعَةٌ
