conf,end,start,word
0.731739,0.3,0.03,هُمُ
1.0,0.781745,0.326591,ٱلْيَوْمَ
0.798479,0.995361,0.781745,بَعْدَ
