conf,end,start,word
0.5141,0.448597,0.0,ٱنْطَلَقُوا
0.993104,0.718966,0.448597,ٱلْيَوْمَ
0.487103,1.045394,0.720419,ٱلْجَوْلَةَ
