conf,end,start,word
0.888291,0.447458,0.12,ذَلِكَ
1.0,0.72,0.456377,ٱلْيَوْمَ
0.994486,1.077788,0.72,ٱتَّاسِعَ
