conf,end,start,word
0.375207,0.449341,0.0,ٱنَّوَوِيَّةِ
0.998565,0.720455,0.449341,ٱلْيَوْمَ
0.955935,0.992095,0.720455,ٱلْجَيْشُ
0.243444,1.17,0.992095,ٱلِّيبِيُّ
