conf,end,start,word
0.357251,0.45,0.031283,عُقِدَ
1.0,0.69,0.453464,ٱلْيَوْمَ
1.0,0.78,0.69,فِي
1.0,1.169714,0.78,ٱدَّوْحَةِ
