conf,end,start,word
0.913132,0.42,0.03,يُعْقَدُ
1.0,0.719924,0.421688,ٱلْيَوْمَ
0.65532,1.038686,0.72,لِقَاءٌ
