conf,end,start,word
0.736575,0.42,0.06,فَجْرَ
0.984487,0.720036,0.434012,ٱلْيَوْمِ
0.997015,0.902032,0.720036,بَيْنَ
0.571037,1.17,0.902032,ٱلْجَانِبَيْنِ
