conf,end,start,word
0.925331,0.54078,0.03,صَالِحٌ
0.851098,0.78,0.54078,يَوْمٌ
0.448636,1.17,0.78,لِإِقْرَارِ
