conf,end,start,word
1.0,0.45,0.03,عَنْهَا
1.0,0.749984,0.45,ٱلْيَوْمَ
0.99947,0.93,0.75,عَلَى
0.953345,1.111505,0.93,ٱلْأَرْضِ
