conf,end,start,word
0.997884,0.359651,0.03,قَرَّرَ
1.0,0.75,0.359651,ٱلْيَوْمَ
0.964593,1.02,0.96,فِي
0.234945,1.17,1.02,سُورِيَا
