conf,end,start,word
0.983394,0.413983,0.03,تَتِمُّ
0.794138,0.72,0.419775,ٱلْيَوْمَ
