conf,end,start,word
0.993267,0.69,0.411661,ٱلْيَوْمَ
0.991929,0.84,0.69,فِي
0.961272,1.080643,0.84,مَدِينَةِ
0.408584,1.17,1.080643,حَلَبَ
