conf,end,start,word
0.419396,0.42,0.0,أَشَاهِدُ
0.704435,0.720234,0.421211,عَلَيْهِمُ
0.501565,1.05494,0.720234,ٱلْأَوَّلَ
