conf,end,start,word
0.591292,0.380924,0.03,سُورِيَا
0.987164,0.7736,0.380924,ٱلْيَوْمَ
