conf,end,start,word
0.848072,0.258329,0.03,صَبَاحَ
1.0,0.810399,0.258329,ٱلْيَوْمِ
