conf,end,start,word
0.959946,0.387319,0.030558,تَبْدَأُ
0.984263,0.75,0.387319,ٱلْيَوْمَ
0.993533,1.17,0.75,ٱلْخَمِيسَ
