conf,end,start,word
1.0,0.390021,0.03,وَقَعَ
0.998577,0.749678,0.390021,ٱلْيَوْمَ
0.989271,1.109591,0.75,فِي
