conf,end,start,word
0.876878,0.74991,0.361288,ٱلْيَوْمَ
0.589759,1.169564,0.750134,ٱنْتِخَابَاتٌ
