conf,end,start,word
0.274236,0.444019,0.03,وَجَّهُوا
0.992205,0.75,0.444019,ٱلْيَوْمَ
0.97966,1.17,0.75,ٱثُّلَاثَاءَ
