conf,end,start,word
1.0,0.420014,0.03,مِصْرَ
0.998963,0.75,0.420014,ٱلْيَوْمَ
0.670801,1.17,0.75,حُكْمُهَا
