conf,end,start,word
0.633747,0.2706,0.030294,لُبْنَانَ
0.977835,0.81,0.2706,ٱلْيَوْمَ
