conf,end,start,word
0.934015,0.420011,0.03,عَصْرَ
0.999249,0.75,0.420011,ٱلْيَوْمِ
0.729694,0.93,0.75,فِي
