conf,end,start,word
0.990623,0.81,0.39366,ٱلْيَوْمَ
0.983368,0.96,0.81,عَنْ
0.805489,1.17,0.96,سَحْبِ
