conf,end,start,word
0.973341,0.38955,0.03,حَصَادُ
1.0,0.75,0.38955,ٱلْيَوْمِ
0.860199,1.07291,0.75,أَطْيَبُ
