conf,end,start,word
1.0,0.39,0.03,صَبَاحَ
1.0,0.750236,0.39,ٱلْيَوْمِ
0.644011,1.050614,0.750236,مَعْرَكَةٌ
0.119441,1.17,1.050614,شَرِسَةٌ
