conf,end,start,word
1.0,0.390065,0.03,فَجْرَ
0.995484,0.72,0.390065,ٱلْيَوْمِ
0.290228,1.073653,0.75,ٱثْنَانِ
