conf,end,start,word
0.957302,0.779101,0.302664,ٱلْيَوْمَ
0.402922,1.17,0.81,تَوَافُقٌ
