conf,end,start,word
0.785633,0.417948,0.03,سُحِبُوا
0.994627,0.748574,0.417948,ٱلْيَوْمَ
0.844019,1.17,0.75,مُجَدَّدًا
