conf,end,start,word
0.508423,0.373865,0.03,فَقَدُوا
0.998899,0.75,0.373865,ٱلْيَوْمَ
0.196782,1.168862,0.75,لِمِصْرَ
