conf,end,start,word
1.0,0.450165,0.03,عَقْدُهَا
0.98592,0.72,0.450165,ٱلْيَوْمَ
0.898596,1.101809,0.72,ٱلِٱثْنَيْنِ
