conf,end,start,word
0.946792,0.419882,0.03,وَاصَلَتِ
1.0,0.72,0.419882,ٱلْيَوْمَ
0.904532,0.869814,0.72,فِي
