conf,end,start,word
1.0,0.480009,0.18,بَدَأَتِ
0.999119,0.696703,0.480009,ٱلْيَوْمَ
0.569992,0.84,0.696703,وَفِي
0.376798,1.127938,0.84,ٱلْعَاصِمَةِ
