conf,end,start,word
0.419716,0.347477,0.03,فَتْرَةَ
0.996102,0.72,0.347477,ٱلْيَوْمِ
0.825133,1.014401,0.72,فِي
