conf,end,start,word
0.89085,0.45,0.03,سَيَتِمُّ
0.997832,0.69,0.45,ٱلْيَوْمَ
0.986201,0.78,0.69,فِي
0.562575,1.057677,0.78,ٱلْعَاصِمَةِ
0.216765,1.17,1.057677,دِمَشْقَ
