conf,end,start,word
1.0,0.42,0.03,حَصَادُ
1.0,0.751044,0.42,ٱلْيَوْمِ
0.495549,1.027222,0.751044,أَطْيَبُ
0.322523,1.17,1.027222,ٱلْمُنَى
