conf,end,start,word
0.969229,0.780863,0.37036,ٱلْيَوْمَ
0.95856,0.900014,0.780863,فِي
