conf,end,start,word
0.399993,0.427084,0.0,ٱبْحَثُوا
0.885206,0.716219,0.427084,ٱلْيَوْمَ
0.874902,0.839843,0.719855,فِي
0.769886,1.1692,0.84,جَلْسَةٍ
