conf,end,start,word
0.83791,0.33,0.03,فَجْرَ
0.999285,0.78,0.343547,ٱلْيَوْمِ
0.91093,0.97837,0.78,بَيْنَ
