conf,end,start,word
0.961303,0.448528,0.03,حَصَادُ
1.0,0.69,0.448528,ٱلْيَوْمِ
0.990135,0.84,0.69,إِلَى
1.0,1.17,0.84,ٱلِّقَاءِ
