conf,end,start,word
0.297447,0.433121,0.03,فَعَلَيْنَا
0.948142,0.72,0.433121,ٱلْيَوْمَ
0.812085,1.07753,0.72,فِي
