conf,end,start,word
0.994997,0.42,0.03,فَجْرَ
1.0,0.69,0.42015,ٱلْيَوْمِ
0.951776,1.139842,0.69,جَامِعَةُ
