conf,end,start,word
1.0,0.42,0.03,صَبَاحَ
1.0,0.71999,0.42,ٱلْيَوْمِ
0.639767,1.000081,0.72,عَمَلِيَّةُ
0.127064,1.17,1.000081,ٱسَّلَامِ
