conf,end,start,word
0.857904,0.388941,0.0,أَمَّا
0.934473,0.751293,0.388941,ٱلْيَوْمَ
0.159714,1.17,0.751293,ٱلْأَبْرِيَاءُ
