conf,end,start,word
0.975603,0.721517,0.386463,ٱلْيَوْمَ
0.216223,1.17,0.721517,ٱجْتِمَاعِيًّا
