conf,end,start,word
0.677657,0.42,0.03,تَنْطَلِقُ
0.999597,0.75,0.423531,ٱلْيَوْمَ
0.767738,1.013335,0.87,فِي
