conf,end,start,word
0.997813,0.78,0.01837,ٱلْيَوْمَ
0.908415,1.139719,0.78,لِقَاءٌ
