conf,end,start,word
0.921143,0.419186,0.0,ٱصَّادِرُ
0.944399,0.75,0.419186,ٱلْيَوْمَ
0.815424,1.059129,0.75,أَطْيَبُ
