conf,end,start,word
0.952986,0.690209,0.002876,ٱلْيَوْمَ
0.901991,1.13972,0.690209,ٱلْأَحَدَ
