conf,end,start,word
0.835062,0.4197,0.0,ٱدَّوْلِيَّةُ
0.971476,0.66,0.4197,ٱلْيَوْمَ
0.931023,1.001973,0.660796,جَلْسَةٌ
