conf,end,start,word
0.920974,0.359798,0.0,ٱلْقَرَارُ
0.999217,0.72,0.359798,ٱلْيَوْمَ
0.922067,1.1694,0.72,يَسْمَحُ
