conf,end,start,word
0.438529,0.427776,0.03,حَقَّنَا
0.942853,0.689934,0.427776,ٱلْيَوْمَ
0.878669,0.779285,0.689934,مِنْ
0.321429,1.169457,0.779285,جَلْسَةِ
