conf,end,start,word
1.0,0.750105,0.0,ٱلْيَوْمَ
0.98697,0.994091,0.750105,مَعَ
