conf,end,start,word
0.553812,0.420028,0.03,حَرَامٌ
0.998357,0.72,0.423695,ٱلْيَوْمَ
0.549574,1.109037,0.72,شَائِعَةٌ
