conf,end,start,word
0.237736,0.330861,0.0,أَنَّ
0.941092,0.69,0.361872,ٱلْيَوْمَ
0.995842,1.17,0.690104,ٱثُّلَاثَاءَ
