conf,end,start,word
0.624026,0.45,0.0,ٱلْجَزِيرَةِ
0.915375,0.747457,0.45,بِأَنَّ
0.518708,1.169354,0.75,مُحَاصَرَةَ
