conf,end,start,word
1.0,0.42,0.03,حَصَادُ
1.0,0.78,0.42,ٱلْيَوْمِ
0.976481,0.965376,0.84,إِلَى
0.73011,1.14,0.965376,ٱلِّقَاءِ
