conf,end,start,word
1.0,0.450978,0.0,ٱلْجَزِيرَةِ
0.807464,0.69,0.450978,بِأَنَّ
0.523244,1.11,0.692803,صَفَّارَاتِ
