conf,end,start,word
0.386791,0.445922,0.0,ٱلْمَعْنِيَّةِ
0.686326,0.659651,0.445922,بِأَنَّ
0.939109,1.104974,0.66077,ٱتِّهَامَاتٍ
