conf,end,start,word
0.807534,0.44953,0.0,أَمِيرِيكِيَّةٌ
0.934251,0.690016,0.44953,بِأَنَّ
0.998842,0.995634,0.690016,ٱرَّئِيسَ
0.532632,1.17,0.995634,أُوبَامَا
