conf,end,start,word
0.88638,0.45,0.03,دَوْلِيٌّ
0.866822,0.66087,0.45,بِأَنْ
0.549235,1.17,0.662242,يَتَحَمَّلَ
