conf,end,start,word
0.474121,0.44208,0.03,دَانَ
0.960599,0.69,0.44208,بِأَنَّ
0.355738,0.976976,0.69,ٱشَّخْصَ
