conf,end,start,word
0.342102,0.45,0.0,ٱعْتِقَادٌ
0.882245,0.720017,0.45028,بِأَنَّ
0.850074,1.053923,0.720017,ٱمْتِلَاكَ
0.310052,1.17,1.053923,سِلَاحٍ
