conf,end,start,word
0.965579,0.449816,0.03,لَهُ
0.98746,0.69,0.449816,بِأَنَّ
0.988443,1.17,0.69,ٱلْأُورُوبِّيِّينَ
