conf,end,start,word
0.974834,0.45,0.0,ٱلْأُولَى
0.781297,0.69,0.45,بِأَنَّ
0.689432,0.973112,0.72,غَارَاتِ
0.256398,1.17,0.973112,ٱتَّحَالُفِ
