conf,end,start,word
0.847481,0.688205,0.456105,بِأَنْ
0.999291,1.0505,0.688205,تُصْبِحَ
