conf,end,start,word
0.600232,0.44862,0.03,مُرَاسِلُونَ
0.852493,0.662021,0.44862,بِأَنَّ
0.858035,1.075683,0.662021,ٱشُّرْطَةَ
