conf,end,start,word
0.997685,0.45,0.0,ٱلْجَزِيرَةِ
0.73904,0.689667,0.45,بِأَنَّ
0.427111,1.08,0.7164,زَعِيمًا
