conf,end,start,word
0.661695,0.422023,0.0,أَعْتَقِدُ
0.769134,0.719909,0.422023,بِأَنَّ
0.355266,1.056655,0.72,كُورِيَا
