conf,end,start,word
0.8694,0.45,0.0,ٱتُّونِسِيَّةِ
0.959423,0.69,0.45,بِأَنَّ
0.998417,1.020239,0.69,ٱرَّئِيسَ
0.333613,1.14,1.020239,هَادِي
