conf,end,start,word
0.637847,0.45,0.0,ٱصِّينِيَّةِ
0.453108,0.689988,0.45,بِأَنَّ
0.674268,1.165564,0.706289,جُرُوحًا
