conf,end,start,word
0.288263,0.660121,0.394432,بِأَنَّ
0.410108,1.107871,0.661994,إِتِّفَاقًا
