conf,end,start,word
0.418223,0.45,0.03,عَلَيْنَا
0.976457,0.75,0.54,أَنَّ
0.98591,1.165906,0.75,مَرَاكِزَ
