conf,end,start,word
0.604964,0.48,0.0,ٱلْجَزِيرَةِ
0.972714,0.663019,0.48,بِأَنَّ
0.741735,1.038735,0.663019,ٱسِّتَّةَ
0.504547,1.169312,1.04888,أَشْهُرٍ
