conf,end,start,word
0.631522,0.45,0.03,جَزِيرَةٌ
0.966225,0.69,0.45,بِأَنَّ
0.612682,0.930583,0.69,مَجْلِسَ
0.495915,1.17,0.930583,ٱنُّوَّابِ
