conf,end,start,word
0.902619,0.71989,0.45,بِأَنَّ
0.801992,1.104358,0.71989,ٱتَّوَصُّلَ
