conf,end,start,word
0.919569,0.498561,0.03,ظَرِيفٌ
0.195765,0.63,0.510346,أَنَّ
0.75359,1.109547,0.632012,ٱلِٱتِّفَاقَ
