conf,end,start,word
0.275235,0.749762,0.511417,أَنَّ
0.740057,1.160313,0.749762,قَافِلَةً
