conf,end,start,word
0.999604,0.42,0.03,سُورِيَا
0.903815,0.69,0.42,بِأَنَّ
0.529566,1.065364,0.72,خَمْسَةً
