conf,end,start,word
0.982086,0.45,0.03,عَهْدًا
0.999415,0.69,0.45,بِأَنْ
0.938267,1.008983,0.69,يَكُونَ
