conf,end,start,word
0.621856,0.45067,0.0,أَعْتَقِدُ
0.960153,0.721385,0.45067,بِأَنَّ
0.914246,1.139362,0.721385,أَمِيرْكَا
