conf,end,start,word
0.434597,0.462592,0.0,ٱطَّلَعَ
0.562962,0.718487,0.462592,بِأَنَّ
0.784572,1.04858,0.72,جَلْسَةً
