conf,end,start,word
1.0,0.48,0.030314,تُرْكِيَا
0.920486,0.69,0.48,بِأَنَّ
0.925152,1.07032,0.72,خَالِدْ
