conf,end,start,word
0.884659,0.719836,0.45,بِأَنَّ
0.982177,0.990079,0.719836,وَلِيَّ
0.659599,1.17,0.990079,ٱلْعَهْدِ
