conf,end,start,word
0.575174,0.52069,0.350096,أَنَّ
0.621903,1.137292,0.689122,مَجْمُوعَةً
