conf,end,start,word
0.51452,0.442011,0.03,وَصَلَنَا
0.844199,0.720085,0.442011,بِأَنَّ
0.930891,1.166842,0.721131,ٱلْقِصَّةَ
