conf,end,start,word
0.852449,0.389009,0.03,يُفِيدُ
0.993181,0.81,0.389009,بِأَنَّ
