conf,end,start,word
0.90318,0.5699,0.0,ٱلْحَرْبِيِّ
0.90015,0.719645,0.57,أَنَّ
0.833484,1.021418,0.719645,ٱتَّيَّارَ
