conf,end,start,word
0.687983,0.48,0.0,ٱلْجَزِيرَةِ
0.986765,0.660024,0.48,بِأَنَّ
0.972827,1.105096,0.660187,ٱسُّلُطَاتِ
