conf,end,start,word
0.764579,0.450148,0.03,جَزِيرَةٌ
0.975234,0.713744,0.450148,بِأَنَّ
0.345093,1.139366,0.72,طَائِرَاتِهَا
