conf,end,start,word
0.747034,0.69,0.42,بِأَنَّ
0.221288,1.080984,0.690501,وَحَدَاتٍ
