conf,end,start,word
0.992061,0.45,0.031088,سُورِيَا
0.995196,0.72,0.45,بِأَنَّ
0.930203,1.136763,0.72,عَدَدًا
