conf,end,start,word
0.917473,0.723201,0.360315,بِأَنَّ
0.293974,1.139227,0.723201,ٱتَّقَدُّمَ
