conf,end,start,word
0.47096,0.420053,0.0,أَمْنُهُ
0.997654,0.69,0.420053,بِأَنَّ
1.0,1.095789,0.69,ٱلْحَلَّ
