conf,end,start,word
0.880477,0.750239,0.412441,بِأَنَّ
0.509211,1.14,0.750474,ٱلْعَصْرَ
