conf,end,start,word
1.0,0.48,0.001069,ٱلْيَمَنِ
0.876383,0.69,0.48,بِأَنَّ
0.966065,1.05141,0.692107,ٱنْفِجَارًا
