conf,end,start,word
0.889447,0.42,0.0,ٱلْجَزِيرَةِ
0.976879,0.719783,0.42,بِأَنَّ
0.710498,1.138875,0.72,دَبَّابَةً
