conf,end,start,word
0.857234,0.45,0.0,ٱسُّورِيُّونَ
0.980936,0.69,0.45,بِأَنَّ
0.987898,0.96669,0.690011,قُوَّاتِ
0.17883,1.14,0.96669,ٱنِّظَامِ
