conf,end,start,word
0.291192,0.45,0.03,فَرَنْسِيَّةٌ
0.959067,0.660013,0.450263,بِأَنَّ
0.999311,0.993265,0.660013,مَجْلِسَ
0.569225,1.17,0.993265,ٱلْأَمْنِ
