conf,end,start,word
0.55808,0.45,0.03,جَزِيرَةٌ
0.967719,0.718132,0.45,بِأَنَّ
0.789511,1.139789,0.71997,مُقَاتِلِينَ
