conf,end,start,word
0.74227,0.420169,0.03,سُورِيَا
0.946801,0.69,0.420169,بِأَنَّ
0.999051,1.052725,0.69,إِسْرَائِيلَ
0.249105,1.17,1.052725,مَثَلًا
