conf,end,start,word
1.0,0.45,0.03,بَيْرُوتَ
0.976719,0.72,0.45,بِأَنَّ
0.981972,1.023066,0.72019,نَحْوَ
