conf,end,start,word
0.948977,0.450018,0.0,ٱلْجَزِيرَةِ
0.869022,0.717487,0.450018,بِأَنَّ
0.880434,1.080904,0.72,ٱشْتِبَاكَاتٍ
0.160652,1.17,1.080904,بَيْنَ
