conf,end,start,word
0.605902,0.419838,0.0,ٱلْجَزِيرَةِ
0.960982,0.72,0.42,بِأَنَّ
0.928001,1.138887,0.72,عَدَدًا
