conf,end,start,word
0.845221,0.690573,0.403445,بِأَنَّ
0.799945,1.17,0.690573,ٱلْإِجْرَاءَاتِ
