conf,end,start,word
0.376128,0.450669,0.0,إِدْلِبَ
0.889286,0.690013,0.450669,بِأَنَّ
0.826185,1.081085,0.691725,قَافِلَةً
