conf,end,start,word
0.414797,0.42,0.0,ٱلِٱسْتِمَاعِ
0.809477,0.69,0.420011,بِأَنَّ
0.912566,1.17,0.720542,خَاشُقْجِي
