conf,end,start,word
0.48445,0.42,0.03,رِسَالَةٌ
0.977187,0.69,0.42,بِأَنَّ
0.992599,1.107612,0.69013,ٱلْوِلَايَاتِ
