conf,end,start,word
0.678874,0.42041,0.0,ٱلْخَارِجِ
0.971642,0.72,0.42041,بِأَنَّ
0.996236,1.160452,0.72,ٱلْأَوْضَاعَ
