conf,end,start,word
0.640931,0.420454,0.03,إِدْلِبَ
0.915907,0.75,0.420454,بِأَنَّ
