conf,end,start,word
0.623544,0.359952,0.03,جَزِيرَةٌ
0.979841,0.7798,0.359952,بِأَنَّ
0.249139,1.17,0.81,قَتْلَى
