conf,end,start,word
0.90114,0.72,0.39,بِأَنَّ
0.686688,1.070978,0.721855,عَشَرَاتِ
