conf,end,start,word
0.481571,0.44095,0.0,أَلْمَانْيَا
0.939454,0.72,0.44095,بِأَنَّ
0.526332,1.025616,0.75,خَمْسَةَ
0.253856,1.14,1.025616,أَشْهُرٍ
