conf,end,start,word
0.999126,0.39,0.03,تَعِزَّ
0.976097,0.72,0.390027,بِأَنَّ
0.543535,1.095065,0.720189,مُضَادَّةً
