conf,end,start,word
1.0,0.45035,0.0,ٱصِّينِ
0.958347,0.714024,0.45035,بِأَنَّ
0.698748,1.018035,0.72,حَرَكَةَ
0.592218,1.14,1.02,حَمَاسْ
