conf,end,start,word
0.991779,0.42,0.030282,سُورِيَا
0.765164,0.72,0.420201,بِأَنَّ
