conf,end,start,word
0.917876,0.45,0.03,كَبِيرًا
0.989841,0.719874,0.45,بِأَنْ
0.992552,1.11,0.719874,تَكُونَ
