conf,end,start,word
1.0,0.450388,0.0,ٱلْجَزِيرَةِ
0.959155,0.69575,0.450388,بِأَنَّ
0.382168,1.127007,0.69575,ٱلْقَائِدَ
