conf,end,start,word
0.980172,0.420056,0.0,ٱلْأُولَى
0.506171,0.748515,0.420056,بِأَنَّ
0.468042,1.17,0.78,شَتَّى
