conf,end,start,word
0.987994,0.719984,0.48,لِأَنَّ
0.589453,1.092633,0.719984,ٱلْحُكُومَةَ
