conf,end,start,word
0.891716,0.45008,0.0,ٱلْجَزِيرَةِ
0.99242,0.690435,0.45008,بِأَنَّ
0.974684,1.072622,0.690435,ٱلْمَحْكَمَةَ
