conf,end,start,word
0.992051,0.45,0.001171,ٱلْيَمَنِ
0.439284,0.69,0.45,بِأَنَّ
0.973782,0.989806,0.700559,نَائِبَ
0.958043,1.17,0.99,ٱرَّئِيسِ
