conf,end,start,word
0.94463,0.42,0.031262,هَذِهِ
0.910815,0.75,0.42,بِأَنَّ
0.801244,1.069212,0.75,هُنَاكَ
