conf,end,start,word
0.983836,0.749896,0.39,بِأَنَّ
0.970083,1.14,0.750727,ٱلْوَفْدَ
