conf,end,start,word
0.856669,0.45,0.0,ٱلْجَزِيرَةِ
0.976807,0.720822,0.45,بِأَنَّ
0.508332,1.138846,0.720822,ٱلْقَائِدَ
