conf,end,start,word
0.741838,0.689375,0.540385,أَنْ
0.999738,0.991118,0.689375,تُؤَدِّيَ
0.244286,1.079869,0.991118,إِلَى
