conf,end,start,word
1.0,0.48,0.0,ٱتُّونِسِيَّةِ
0.965948,0.69,0.48,بِأَنَّ
0.988158,0.990154,0.690528,قُوَّاتِ
0.373344,1.14,0.990154,ٱلْأَسَدِ
