conf,end,start,word
0.826814,0.689625,0.45,بِأَنَّ
0.956946,1.037638,0.689625,ٱلْغَارَاتِ
