conf,end,start,word
0.998312,0.450407,0.035299,مَأْرِبَ
0.952386,0.660748,0.450407,بِأَنَّ
0.878239,1.099607,0.660748,ٱلْمُقَاوَمَةَ
