conf,end,start,word
1.0,0.45,0.000596,ٱلْيَمَنِ
0.953077,0.69,0.45,بِأَنَّ
0.68559,1.071122,0.690521,طَيَرَانَ
