conf,end,start,word
0.548462,0.45,0.03,كَامِلٌ
0.850212,0.69,0.450889,بِأَنْ
0.887172,1.035638,0.690517,يَتِمَّ
