conf,end,start,word
0.753074,0.45,0.0,أَمَلًا
0.993656,0.719973,0.45,بِأَنْ
0.771076,1.064567,0.719973,يَكُونَ
