conf,end,start,word
0.989196,0.778381,0.36,بِأَنْ
0.856032,1.168993,0.78,تُوَاصِلَ
