conf,end,start,word
0.646619,0.419862,0.0,ٱلْجَزِيرَةِ
0.984202,0.721561,0.419862,بِأَنَّ
0.836846,1.102767,0.721561,ٱشُّرْطَةَ
