conf,end,start,word
1.0,0.450407,0.03,دِمَشْقَ
0.918393,0.720207,0.450407,بِأَنَّ
0.949477,1.139485,0.721121,عَشَرَاتِ
