conf,end,start,word
0.971061,0.69,0.42,بِأَنَّ
0.990279,1.058288,0.69,طَارِقَ
