conf,end,start,word
0.981553,0.453752,0.032282,جِنِيفَ
0.556699,0.709958,0.453752,بِأَنَّ
0.477533,0.993046,0.719579,جَوْلَةً
