conf,end,start,word
0.922866,0.450346,0.0,ٱلْجَزِيرَةِ
0.950417,0.719941,0.450346,بِأَنَّ
0.997697,1.10297,0.719941,ٱمْرَأَةً
