conf,end,start,word
1.0,0.480003,0.03,سَمَحَتْ
0.9997,0.69,0.480003,بِأَنْ
0.993447,1.010428,0.69,تَكُونَ
