conf,end,start,word
0.704622,0.422006,0.0,أَنَّهُ
0.761899,0.689988,0.422006,بِأَنَّ
0.935846,1.165311,0.689988,ٱلْأَحْدَاثَ
