conf,end,start,word
0.996533,0.450118,0.03,تُؤَكِّدُ
0.985369,0.707453,0.450118,بِأَنَّ
0.555618,1.039478,0.721364,تَنْظِيمَ
