conf,end,start,word
0.57503,0.42,0.0,ٱلْجَزِيرَةِ
0.944066,0.690045,0.42,بِأَنَّ
0.983826,1.108303,0.69032,عُمْدَةَ
