conf,end,start,word
0.910641,0.42,0.03,فَرَنْسِيٌّ
0.993308,0.69,0.420097,بِأَنَّ
0.98209,1.02,0.690069,هُنَاكَ
