conf,end,start,word
1.0,0.42,0.03,عِلْمًا
0.988613,0.69,0.42,بِأَنَّ
0.914459,1.139631,0.690154,قَنَاةَ
