conf,end,start,word
0.766747,0.42,0.03,جَزِيرَةٌ
0.994048,0.75,0.42,بِأَنَّ
0.548254,1.089454,0.78,خَمْسَةً
