conf,end,start,word
0.868395,0.420614,0.0,ٱلْجَزِيرَةِ
0.901811,0.72,0.420614,بِأَنَّ
0.916616,1.135005,0.75,مِئَاتِ
