conf,end,start,word
0.469684,0.45,0.0,ٱسْتِنْتَاجٌ
0.950523,0.69,0.450151,بِأَنَّ
0.669338,1.015829,0.690153,دَوْلَةً
