conf,end,start,word
0.792134,0.42,0.030825,سِينَاءَ
0.717394,0.72,0.420096,بِأَنَّ
