conf,end,start,word
1.0,0.45,0.03,ذَلِكَ
0.85662,0.722615,0.45,بِأَنَّ
0.515118,1.17,0.722615,ٱلْمُخْرِجَ
