conf,end,start,word
0.531936,0.450048,0.0,ٱلْمِصْرِيَّةِ
0.954021,0.689537,0.450048,بِأَنَّ
0.397359,1.109653,0.72,شَخْصًا
