conf,end,start,word
0.962719,0.72,0.393572,بِأَنَّ
0.375197,1.10703,0.72,إِتِّفَاقًا
