conf,end,start,word
0.918601,0.42,0.03,تُؤْمِنُ
1.0,0.69,0.42,بِأَنَّ
0.994497,0.977441,0.69,ٱلْحَلَّ
0.5024,1.037202,0.977441,فِي
