conf,end,start,word
0.796098,0.45,0.0,ٱلْجَزِيرَةِ
0.885844,0.719602,0.45,بِأَنَّ
0.961132,1.082037,0.72,مِنْطَقَةَ
