conf,end,start,word
0.437951,0.42,0.03,مَعْرُوفٌ
0.982511,0.72,0.420161,بِأَنَّ
1.0,1.168991,0.72,مُوسْكُو
