conf,end,start,word
0.826122,0.48,0.0,ٱتُّرَابِ
0.558639,0.66,0.480517,بِأَنَّ
0.819407,1.019513,0.662579,هُنَاكَ
