conf,end,start,word
0.718463,0.779921,0.390045,بِأَنَّ
0.327405,1.16949,0.780204,تَدَهْوُرَ
