conf,end,start,word
0.222918,0.42,0.0,أَتَحَدَّثُ
0.994487,0.661107,0.42,بِٱسْمِ
0.901728,0.962246,0.661107,ٱلْمَكْتَبِ
0.786495,1.17,0.962246,ٱسِّيَاسِيِّ
