conf,end,start,word
0.864406,0.44294,0.030362,تَقُومُ
0.307826,0.779918,0.449463,ٱسْمُهُ
