conf,end,start,word
0.761358,0.48,0.0,ٱلْجَزِيرَةِ
0.949541,0.718212,0.48,بِأَنَّ
0.923787,1.169703,0.720118,ٱشْتِبَاكَاتٍ
