conf,end,start,word
0.477639,0.415914,0.0,ٱلْحَدِيثُ
0.998729,0.690302,0.415914,بِٱسْمِ
0.876684,1.104575,0.690302,ٱلْقُوَّاتِ
