conf,end,start,word
0.469551,0.449875,0.0,إِيطَالِيٌّ
0.838915,0.72,0.449875,بِأَنَّ
0.977733,1.17,0.72,ٱشُّرْطَةَ
