conf,end,start,word
0.991575,0.451195,0.03,تِكْرِيتَ
0.883238,0.744807,0.451195,بِأَنَّ
0.466418,1.133548,0.749416,مِيلِيشِيَا
