conf,end,start,word
0.416921,0.42,0.0,أَتَحَدَّثُ
0.679709,0.69,0.422783,بِٱسْمِ
0.992133,1.107886,0.719904,طَالِبَانْ
