conf,end,start,word
0.921874,0.661244,0.437299,بِٱسْمِ
0.867506,0.936632,0.661244,ٱلَّجْنَةِ
0.456089,1.14,0.936632,ٱثَّوْرِيَّةِ
