conf,end,start,word
0.532937,0.479616,0.03,حَادِثَةُ
0.971473,0.930047,0.672628,ٱلْبَيْتِ
0.976248,1.17,0.930047,ٱلْأَبْيَضِ
