conf,end,start,word
0.787074,0.45,0.0,ٱرَّسْمِيُّ
0.982649,0.72,0.450255,بِٱسْمِ
0.329408,1.157504,0.72,مُحَافَظَةِ
