conf,end,start,word
0.6827,0.42,0.0,ٱلْمُتَحَدِّثُ
1.0,0.66,0.428559,بِٱسْمِ
1.0,0.991911,0.69,حَرَكَةِ
0.443515,1.080252,0.991911,فَتْحٍ
