conf,end,start,word
0.506658,0.45,0.0,ٱلْمُتَحَدِّثُ
0.987799,0.72,0.458313,بِٱسْمِ
0.998815,0.990063,0.72,ٱلْأَمِينِ
0.992979,1.166111,0.990063,ٱلْعَامِّ
