conf,end,start,word
0.801603,0.45,0.03,حَدَثَتْ
1.0,0.690033,0.453203,بِٱسْمِ
0.998239,1.084888,0.690033,ٱلْخَارِجِيَّةِ
