conf,end,start,word
0.169665,0.42,0.0,أَتَحَدَّثُ
0.979822,0.69,0.435171,بِٱسْمِ
0.987988,0.986099,0.72,قُوَّاتِ
0.674676,1.14,0.99,حَفْتَرٍ
