conf,end,start,word
0.75978,0.42,0.03,حَدَثَتْ
1.0,0.66,0.421553,بِٱسْمِ
1.0,0.960211,0.66,ٱلْبَيْتِ
0.952787,1.14,0.960211,ٱلْأَبْيَضِ
