conf,end,start,word
0.420669,0.42,0.03,نَاطِقٌ
1.0,0.721707,0.430115,بِٱسْمِ
0.403402,1.070237,0.721707,ٱلْقُوَّاتِ
