conf,end,start,word
0.463498,0.689394,0.441549,بِٱسْمِ
0.951764,0.955931,0.689394,ٱلْبَيْتِ
0.772938,1.14,0.96,ٱلْأَبْيَضِ
