conf,end,start,word
0.333253,0.12,0.0,أَوْ
0.893554,0.75,0.39,بِٱسْمِ
0.335568,1.106874,0.751843,دُوَلٍ
