conf,end,start,word
0.482926,0.360015,0.03,حَدِيثٌ
0.926186,0.750588,0.367302,بِٱسْمِ
0.931995,1.109433,0.750772,وِزَارَةِ
