conf,end,start,word
0.62248,0.443939,0.03,حَدَثًا
1.0,0.66003,0.443939,بِٱسْمِ
0.998553,1.157753,0.66003,ٱلْخَارِجِيَّةِ
