conf,end,start,word
0.391676,0.45,0.0,أَتَحَدَّثُ
0.999485,0.660065,0.45,بِٱسْمِ
0.98665,1.064293,0.660065,ٱلْحُوثِيِّينَ
