conf,end,start,word
0.231845,0.458357,0.03,تَحَدَّثُوا
0.891554,0.72,0.458357,بِٱسْمِ
0.846669,1.085847,0.72,ٱلْمُؤْتَمَرِ
