conf,end,start,word
0.93686,0.42,0.0,ٱلْمُتَحَدِّثُ
1.0,0.690033,0.420441,بِٱسْمِ
0.994492,0.994031,0.690033,ٱلْأَمِينِ
0.841224,1.14,0.994031,ٱلْعَامِّ
