conf,end,start,word
0.502568,0.441432,0.03,حَدِيثِي
0.974992,0.74939,0.441432,بِٱسْمِ
0.915564,1.168072,0.75,جَمَاعَةٍ
