conf,end,start,word
0.558671,0.478495,0.03,مُتَحَدِّثَةٌ
1.0,0.69,0.478495,بِٱسْمِ
0.511407,0.939608,0.69,ٱلْمَكْتَبِ
0.447743,1.14,0.96,ٱسِّيسِيِّ
