conf,end,start,word
0.991023,0.42,0.0,ٱنَّاطِقُ
1.0,0.69,0.420539,بِٱسْمِ
1.0,1.020347,0.69,وَحَدَاتِ
0.938534,1.17,1.020347,حِمَايَةِ
