conf,end,start,word
0.289448,0.45,0.03,حَدَثَ
0.730242,0.692356,0.45,بِٱسْمِ
0.294238,0.98629,0.728804,خَارِجٍ
