conf,end,start,word
0.606713,0.466756,0.03,تَحَدَّثُوا
0.967668,0.690807,0.466756,بِٱسْمِ
0.927148,1.093929,0.690807,ٱلْخَارِجِيَّةِ
