conf,end,start,word
0.489174,0.42,0.03,حَظِيَتْ
1.0,0.69,0.423356,بِٱسْمِ
1.0,1.013385,0.72,قُوَّاتِ
0.696706,1.169746,1.019873,حَفْتَرٍ
