conf,end,start,word
0.766844,0.39,0.03,نَاطِقٌ
1.0,0.719348,0.39647,بِٱسْمِ
0.969671,1.003883,0.72,لِوَاءٍ
