conf,end,start,word
0.639669,0.45,0.03,نَاطِقٌ
0.998594,0.721857,0.450273,بِٱسْمِ
0.583396,1.169418,0.721857,ٱلْمَكْتَبِ
