conf,end,start,word
0.437204,0.45,0.03,حَدَثَ
0.979978,0.72,0.450056,بِٱسْمِ
0.979817,1.14,0.720052,جِهَازٍ
