conf,end,start,word
0.799501,0.51,0.03,مُتَحَدِّثَةٌ
0.994224,0.764025,0.51,بِٱسْمِ
0.665915,1.109761,0.764025,ٱلْمُقَاوَمَةِ
