conf,end,start,word
0.350409,0.45,0.0,أَتَحَدَّثُ
0.909094,0.701761,0.452729,بِٱسْمِ
0.611895,1.033918,0.701761,ٱلْوِزَارَةِ
