conf,end,start,word
0.435964,0.42,0.0,ٱثِّقَةُ
0.999744,0.719996,0.42,بِٱسْمِ
1.0,0.968795,0.719996,ٱلْبَيْتِ
0.607851,1.14,0.968795,ٱلْأَبْيَضِ
