conf,end,start,word
0.316556,0.41943,0.03,حَدَثَتْ
0.973507,0.690919,0.41943,بِٱسْمِ
0.740783,1.15218,0.690919,ٱلْمُفَوَّضِيَّةِ
