conf,end,start,word
0.538125,0.471402,0.03,نَاطِقًا
0.999574,0.724155,0.471402,بِٱسْمِ
0.299906,1.137512,0.724155,ٱلْمَكْتَبِ
