conf,end,start,word
0.360047,0.42,0.0,ٱلْمُتَحَدِّثُ
0.932055,0.690801,0.420067,بِٱسْمِ
0.918764,1.028288,0.72,غُرْفَةِ
