conf,end,start,word
0.432083,0.45,0.03,حَدَثَ
1.0,0.72,0.452353,بِٱسْمِ
1.0,0.996301,0.72,ٱلْبَيْتِ
0.664222,1.17,0.996301,ٱلْأَبْيَضِ
