conf,end,start,word
0.440474,0.42,0.03,حَدِيثٌ
1.0,0.72,0.440513,بِٱسْمِ
1.0,0.971615,0.72,هَيْئَةِ
0.568043,1.17,0.971615,ٱتَّنْسِيقِ
