conf,end,start,word
0.254176,0.42,0.0,ٱلْحَدِيثُ
0.977351,0.72,0.440621,بِٱسْمِ
0.933786,1.042766,0.720196,ٱلْجَيْشِ
