conf,end,start,word
0.85449,0.449675,0.03,حَدِيثَةٌ
1.0,0.69,0.449675,بِٱسْمِ
1.0,0.990989,0.69,ٱلْبَيْتِ
0.897425,1.17,0.990989,ٱلْأَبْيَضِ
