conf,end,start,word
0.936215,0.45,0.03,نَاطِقٌ
1.0,0.726372,0.45,بِٱسْمِ
0.412531,0.986869,0.726372,ٱلْمُكَوِّنِ
0.364412,1.17,0.99,ٱسِّيسِيِّ
