conf,end,start,word
0.535621,0.42,0.0,أَتَحَدَّثُ
0.995647,0.660015,0.428497,بِٱسْمِ
0.789335,1.092474,0.660015,ٱلْحُكُومَةِ
