conf,end,start,word
0.315041,0.465841,0.0,ٱلْمُتَحَدِّثَةُ
0.997748,0.660061,0.465841,بِٱسْمِ
0.994841,1.097596,0.660061,ٱلْخَارِجِيَّةِ
