conf,end,start,word
0.821308,0.477152,0.06,ثِقَتُهُ
1.0,0.690067,0.477152,بِٱسْمِ
0.996595,1.091976,0.690067,ٱلْخَارِجِيَّةِ
