conf,end,start,word
0.188819,0.39,0.0,أَتَحَدَّثُ
0.993833,0.690013,0.410635,بِٱسْمِ
0.999573,1.14,0.690185,ٱلْوِزَارَةِ
