conf,end,start,word
0.863111,0.39,0.0,ٱلْحَدِيثُ
1.0,0.720059,0.390302,بِٱسْمِ
0.996318,1.092427,0.720059,ٱلْجَيْشِ
