conf,end,start,word
0.847675,0.42,0.0,ٱرَّسْمِيُّ
0.998557,0.75,0.420344,بِٱسْمِ
0.9382,1.168467,0.75,عَاصِفَةِ
