conf,end,start,word
0.202926,0.450026,0.03,تَحَدَّثُوا
0.999414,0.69,0.450026,بِٱسْمِ
1.0,0.990281,0.69,وِزَارَةٍ
0.331247,1.17,0.990281,سِيَادِيَّةٍ
