conf,end,start,word
0.824688,0.48,0.03,نَاطِقٌ
1.0,0.690232,0.482166,بِٱسْمِ
0.90645,1.013056,0.690232,ٱلْقُوَّاتِ
