conf,end,start,word
0.296623,0.42,0.0,ٱلْمُتَحَدِّثُ
0.994606,0.72,0.425571,بِٱسْمِ
0.999388,0.99,0.720162,حِلْفِ
0.667056,1.17,1.02,شَمَالِ
