conf,end,start,word
0.435317,0.42,0.0,ٱلْحَدِيثُ
0.98453,0.674523,0.435051,بِٱسْمِ
0.482271,0.990058,0.72,مَكْتَبِ
0.730148,1.17,0.990058,ٱسِّيسِيِّ
