conf,end,start,word
0.335433,0.42,0.0,أَتَحَدَّثُ
0.946817,0.75,0.420469,بِٱسْمِ
0.558582,1.151648,0.78,قِيَادَةِ
