conf,end,start,word
0.469985,0.45,0.0,أَتَحَدَّثُ
0.983542,0.690096,0.455356,بِٱسْمِ
0.976953,0.990173,0.720168,قُوَّاتِ
0.182604,1.11,0.990173,حَفْتَرٍ
