conf,end,start,word
0.604305,0.39,0.0,ٱلْمُتَحَدِّثُ
1.0,0.688375,0.40311,بِٱسْمِ
0.952356,0.960126,0.690206,مَكْتَبِ
0.942352,1.14,0.960126,ٱسِّيسِيِّ
