conf,end,start,word
0.272229,0.42,0.03,تَتَحَدَّثُ
0.985173,0.690009,0.420638,بِٱسْمِ
0.915115,0.964623,0.72,قُوَّاتِ
0.259083,1.14,0.964623,ٱثُّوَّارِ
