conf,end,start,word
0.605933,0.48,0.0,أَتَحَدَّثُ
0.999303,0.660038,0.480248,بِٱسْمِ
0.997517,1.090899,0.660038,ٱلْخَارِجِيَّةِ
