conf,end,start,word
0.315775,0.471084,0.03,تَحَسَّسُوا
0.999039,0.72,0.471084,بِٱسْمِ
1.0,1.109655,0.75,قُوَّاتِ
