conf,end,start,word
0.466552,0.45,0.0,أَتَحَدَّثُ
0.997946,0.69,0.45,بِٱسْمِ
1.0,0.930098,0.690062,جَيْشِ
0.963169,1.17,0.930098,ٱلِٱحْتِلَالِ
