conf,end,start,word
0.446958,0.39,0.0,ٱلْمُتَحَدِّثُ
0.995792,0.69,0.399093,بِٱسْمِ
0.967666,0.939797,0.69,وِزَارَةِ
0.337408,1.17,0.939797,ٱدَّاخِلِيَّةِ
