conf,end,start,word
0.996919,0.75,0.387652,بِٱسْمِ
0.485957,1.100136,0.75,شَرِيعَةٍ
