conf,end,start,word
0.52844,0.492231,0.03,مُتَحَدِّثًا
1.0,0.690059,0.492231,بِٱسْمِ
0.630224,1.138844,0.690059,ٱلْعَشَائِرِ
