conf,end,start,word
0.393079,0.450049,0.0,ٱلْحَدِيثِي
0.988008,0.720532,0.450761,بِٱسْمِ
0.945486,1.164544,0.720532,ٱلْجَيْشِ
