conf,end,start,word
0.3263,0.42,0.0,أَتَحَدَّثُ
0.997296,0.66,0.420092,بِٱسْمِ
0.998468,0.971479,0.660081,وِزَارَةِ
