conf,end,start,word
0.47862,0.42,0.0,ٱلْمُتَحَدِّثُ
0.997752,0.72,0.42564,بِٱسْمِ
0.996,1.024685,0.72,حَرَكَةِ
0.511636,1.11,1.024685,فَتْحٍ
