conf,end,start,word
0.654258,0.42,0.0,ٱلْحَدِيثُ
1.0,0.690102,0.421721,بِٱسْمِ
0.927746,1.109762,0.690102,ٱلْحَرَكَةِ
