conf,end,start,word
0.400747,0.42,0.0,أَتَحَدَّثُ
0.995908,0.690013,0.421856,بِٱسْمِ
0.99957,0.960307,0.720123,قُوَّاتِ
0.980285,1.17,0.960307,ٱتَّحَالُفِ
