conf,end,start,word
0.858381,0.420051,0.03,حَدِيثٌ
0.984979,0.721797,0.420838,بِٱسْمِ
0.249417,1.076693,0.721797,ٱلْحَرَكَةِ
