conf,end,start,word
0.561535,0.45,0.0,ٱرَّسْمِيُّ
0.999309,0.72,0.455221,بِٱسْمِ
0.9986,1.021886,0.72,حَرَكَةِ
0.440453,1.11,1.021886,فَتْحٍ
