conf,end,start,word
0.982752,0.45,0.0,ٱنَّاطِقُ
1.0,0.721153,0.45,بِٱسْمِ
0.832808,1.03245,0.721153,ٱلْأَمِينِ
