conf,end,start,word
0.432433,0.456153,0.03,تَحَدَّثُوا
0.76798,0.69,0.456153,بِٱسْمِ
0.711131,1.10517,0.69,ٱلْخَارِجِيَّةِ
