conf,end,start,word
0.806289,0.45,0.0,ٱلْمُتَحَدِّثُ
1.0,0.69,0.450326,بِٱسْمِ
1.0,1.018074,0.69,ٱلْأَمِينِ
0.961771,1.167983,1.018074,ٱلْعَامِّ
