conf,end,start,word
0.707992,0.449949,0.0,ٱرُّوسِيِّ
0.995552,0.75,0.449949,بِشَأْنِ
0.43019,1.061175,0.75,ٱلْهِجْرَةِ
