conf,end,start,word
0.266752,0.495051,0.03,تَحَدَّثُوا
0.998004,0.690019,0.495051,بِٱسْمِ
0.997079,1.133618,0.690019,ٱلْوِزَارَةِ
