conf,end,start,word
0.555324,0.503032,0.03,مُتَحَدِّثًا
1.0,0.72,0.503032,بِٱسْمِ
1.0,0.99,0.72,ٱلْأَمِينِ
0.996925,1.169445,0.99,ٱلْعَامِّ
