conf,end,start,word
0.689764,0.386705,0.03,رَسْمِيٌّ
0.962282,0.722184,0.386705,بِشَأْنِ
0.68207,1.095533,0.722184,ٱخْتِفَاءِ
