conf,end,start,word
0.573936,0.780258,0.33,بِشَأْنِ
0.257857,1.17,0.782287,يَتَطَوَّرُ
