conf,end,start,word
0.998728,0.72,0.39,بِشَأْنِ
0.992288,0.870045,0.72,مَا
0.414645,1.136127,0.870045,رَأْيُكَ
