conf,end,start,word
0.974705,0.479177,0.03,هَذَا
0.958044,0.721083,0.48,شَأْنٌ
0.718234,1.130729,0.721083,حَرْبِيٌّ
