conf,end,start,word
0.998688,0.749926,0.357359,بِشَأْنِ
0.336876,1.14,0.75,رِحْلَاتِهَا
