conf,end,start,word
0.53762,0.33,0.03,لَهَا
0.999154,0.78,0.33,بِشَأْنِ
0.99633,1.00916,0.78,مَا
0.102209,1.169769,1.019923,وَصَلَ
