conf,end,start,word
0.971472,0.805362,0.39,بِشَأْنِ
0.229761,1.168618,0.81,رُؤْيَتِهَا
