conf,end,start,word
1.0,0.750046,0.370585,بِشَأْنِ
0.996877,1.11,0.750046,ٱلْيَمَنِ
