conf,end,start,word
0.991245,0.750717,0.361021,بِشَأْنِ
0.829663,1.17,0.750717,ٱتَّسْرِيبَاتِ
