conf,end,start,word
0.647553,0.449926,0.03,قَانُونٌ
0.944862,0.719822,0.449926,بِشَأْنِ
0.998693,0.990106,0.719822,ٱلْأَمْنِ
0.969325,1.17,0.990106,ٱلْقَوْمِيِّ
