conf,end,start,word
0.443737,0.419748,0.03,فَرِيدَةٌ
1.0,0.750062,0.419748,بِشَأْنِ
0.99145,1.044998,0.750062,إِعَادَةِ
0.208063,1.17,1.05,بِنَاءِ
