conf,end,start,word
0.472837,0.812105,0.33,بِٱشَّأْنِ
0.303619,1.138801,0.812105,ٱلْمِصْرِيِّ
