conf,end,start,word
0.951133,0.36,0.046057,فِييِّنَّا
1.0,0.78,0.36,بِشَأْنِ
0.997512,1.109531,0.84,سُورِيَا
