conf,end,start,word
0.909735,0.418343,0.03,حَلٌّ
0.919604,0.72,0.418343,بِشَأْنِ
0.24918,1.110843,0.75,خُطَّةِ
