conf,end,start,word
0.335441,0.389994,0.0,ٱثَّوْرَاتِ
0.973886,0.78,0.389994,بِشَأْنِ
0.319413,1.070408,0.78,إِمْكَانِ
