conf,end,start,word
0.212039,0.388206,0.0,أَزَمَاتٌ
0.988624,0.720018,0.388206,بِشَأْنِ
0.525751,1.108859,0.720018,ٱحْتِمَالِ
