conf,end,start,word
0.937939,0.779445,0.041915,بِشَأْنِ
0.807841,1.069009,0.78,رَفْضِ
