conf,end,start,word
0.444817,0.35562,0.03,وُضِعَتْ
0.866008,0.78,0.35562,بِشَأْنِ
0.944191,0.99326,0.78,سَدِّ
0.830986,1.17,0.99326,ٱنَّهْضَةِ
