conf,end,start,word
0.688417,0.406514,0.0,ٱرِّيَاضِ
0.99884,0.780244,0.406514,بِشَأْنِ
0.945874,1.128233,0.780244,ٱلْأَزْمَةِ
