conf,end,start,word
0.477364,0.45,0.0,أَفْعَالٌ
0.955499,0.724196,0.45,بِشَأْنِ
0.361197,0.99524,0.724196,ٱضَّرْبَةِ
