conf,end,start,word
0.303256,0.39,0.03,فَاتَ
0.996056,0.75,0.403642,بِشَأْنِ
0.690503,1.077878,0.75,تَشْكِيلِ
