conf,end,start,word
0.812424,0.415543,0.0,ٱنَّاسِ
0.899981,0.720008,0.419127,بِشَأْنِ
0.977746,0.993726,0.720008,ٱلْوَضْعِ
0.473668,1.17,0.993726,ٱسُّورِيِّ
