conf,end,start,word
0.401698,0.383137,0.0,ٱرُّوسِيَّةِ
0.978015,0.72,0.383137,بِشَأْنِ
0.464176,1.11,0.75,ضَمَانِ
