conf,end,start,word
0.832441,0.419658,0.03,مُفَاوَضَاتٌ
1.0,0.72,0.419658,بِشَأْنِ
1.0,0.962264,0.72,ٱلْأَزْمَةِ
0.888729,1.17,0.962264,ٱسُّورِيَّةِ
