conf,end,start,word
0.860695,0.725044,0.36,بِشَأْنِ
0.461558,1.17,0.725044,ٱسِّيَادَةِ
