conf,end,start,word
0.575542,0.42,0.03,وَمُوسْكُو
0.989456,0.720825,0.42,بِشَأْنِ
0.749173,1.052276,0.720825,ٱسَّلَامِ
