conf,end,start,word
0.949103,0.39,0.03,حَاتِمٌ
0.521542,0.779627,0.39,بِشَأْنِ
0.330128,1.100226,0.81,آلِيَّةِ
