conf,end,start,word
1.0,0.720007,0.36,بِشَأْنِ
0.978168,1.064917,0.720007,ٱلْأَوْضَاعِ
0.232463,1.17,1.08,مِصْرَ
