conf,end,start,word
0.572635,0.42,0.03,قُدُمًا
0.971253,0.75,0.42,بِشَأْنِ
0.509839,1.062126,0.75,تَبَايُنٍ
