conf,end,start,word
0.973155,0.39,0.0,إِتِّفَاقٌ
0.535103,0.754059,0.39,بِشَأْنِ
0.412994,1.17,0.754059,ٱتَّعْبِئَةِ
