conf,end,start,word
0.993353,0.75,0.242574,بِشَأْنِ
0.969025,1.14,0.750133,حَالَةِ
