conf,end,start,word
0.978123,0.753132,0.367368,بِشَأْنِ
0.778761,1.17,0.753132,ٱلْإِجْرَاءَاتِ
