conf,end,start,word
0.520108,0.39,0.0,أَمَّا
0.883179,0.720226,0.393663,بِشَأْنِ
0.45046,1.168315,0.720226,ٱلْحُدَيْدَةِ
