conf,end,start,word
0.643672,0.36,0.03,عَقْدٌ
0.999033,0.749771,0.360332,بِشَأْنِ
0.88812,1.168291,0.75,تَطَوُّرَاتِ
