conf,end,start,word
0.971263,0.39,0.03,جَدِيدَةٌ
1.0,0.779903,0.39,بِشَأْنِ
0.98279,1.010498,0.78,دَوْرٍ
0.09375,1.17,1.02,سِيَاسِيٍّ
