conf,end,start,word
0.639213,0.408763,0.03,كَافِيَةٌ
0.989398,0.720054,0.408763,بِشَأْنِ
0.971482,1.1399,0.720054,ٱلِٱتِّفَاقِ
