conf,end,start,word
0.943734,0.809976,0.345381,بِشَأْنِ
0.774475,1.17,0.809976,ٱسْتِهْدَافِ
