conf,end,start,word
0.998508,0.779855,0.36,بِشَأْنِ
0.920145,1.103195,0.78,قَضِيَّةِ
