conf,end,start,word
0.999696,0.36,0.03,بِرْلِينَ
1.0,0.749993,0.360009,بِشَأْنِ
0.999765,1.021492,0.75,لِيبْيَا
