conf,end,start,word
0.953341,0.785327,0.36,بِشَأْنِ
0.190478,1.010283,0.785327,ٱلْحَلِّ
