conf,end,start,word
0.994213,0.778801,0.332825,بِشَأْنِ
0.39803,1.14,0.78,عَظَمَةِ
