conf,end,start,word
0.974603,0.81,0.375422,بِشَأْنِ
0.565396,1.072214,0.81,إِطْلَاقِ
