conf,end,start,word
0.901886,0.378424,0.0,أَمَّا
0.998967,0.69,0.378424,بِشَأْنِ
0.553401,1.124186,0.69,ٱلِٱتِّفَاقِ
