conf,end,start,word
0.990665,0.777892,0.363773,بِشَأْنِ
0.385793,1.131404,0.78,صَفْقَةِ
