conf,end,start,word
0.982483,0.782935,0.36,بِشَأْنِ
0.249146,1.17,0.782935,ٱتَّخَلُّفِ
