conf,end,start,word
0.96175,0.78,0.394778,بِشَأْنِ
0.859528,1.169439,0.78,أَسْبَابِ
