conf,end,start,word
0.599504,0.779941,0.36,بِشَأْنِ
0.76177,1.166878,0.779941,ٱتَّدَخُّلِ
