conf,end,start,word
0.995642,0.780041,0.351853,بِشَأْنِ
0.987109,1.16815,0.780041,ٱلْمَرْحَلَةِ
