conf,end,start,word
0.874595,0.75351,0.36,بِشَأْنِ
0.404937,1.000252,0.75351,نَشْرِ
