conf,end,start,word
0.956491,0.41993,0.0,إِثْنَيْنِ
0.909696,0.750059,0.41993,بِشَأْنِ
0.98429,1.065194,0.750059,ٱلْأَزْمَةِ
