conf,end,start,word
0.980507,0.752974,0.39,بِشَأْنِ
0.786768,1.148862,0.752974,ٱرَّئِيسِ
