conf,end,start,word
0.817225,0.389965,0.03,إِيرَانَ
0.993391,0.75,0.389965,بِشَأْنِ
0.396084,1.139369,0.75,بَرْنَامَجِ
