conf,end,start,word
0.426705,0.39,0.0,أُلْقِيَ
0.990295,0.72,0.395525,بِشَأْنِ
0.310827,1.033828,0.72,تَرَدِّي
