conf,end,start,word
0.572648,0.407092,0.0,ٱلَّتِي
1.0,0.75,0.407092,بِشَأْنِ
0.905037,1.012876,0.75,مَلَفِّ
