conf,end,start,word
0.986244,0.783065,0.241316,بِشَأْنِ
0.401731,1.150328,0.783065,ٱلْعَوْدَةِ
