conf,end,start,word
0.970905,0.779919,0.36,بِشَأْنِ
0.835505,1.167423,0.780233,مَنَاطِقَ
