conf,end,start,word
0.935617,0.477862,0.03,قُيُودٌ
1.0,0.75,0.477862,بِشَأْنِ
1.0,0.96,0.75,سَدِّ
0.996696,1.14,0.96,ٱنَّهْضَةِ
