conf,end,start,word
1.0,0.390004,0.03,مُوسْكُو
0.966923,0.78,0.390004,بِشَأْنِ
0.590398,1.074086,0.78,ٱسَّلَامِ
