conf,end,start,word
1.0,0.779931,0.39,بِشَأْنِ
0.988408,1.081145,0.78,مُسْتَقْبَلِ
0.643263,1.17,1.081145,مِصْرَ
