conf,end,start,word
0.468806,0.419645,0.0,أَدَاةٌ
0.98321,0.750221,0.419645,بِشَأْنِ
0.729585,1.168952,0.750221,ٱجْتِمَاعَاتٍ
