conf,end,start,word
0.887892,0.45,0.0,ٱسُّعُودِيَّةِ
0.932904,0.747579,0.45,بِشَأْنِ
0.733931,1.108253,0.75,تَسْوِيَةِ
