conf,end,start,word
0.974895,0.39,0.030442,تْرَامْبْ
0.99203,0.750382,0.39,بِشَأْنِ
0.370461,1.14,0.750382,ٱلْمُسْلِمِ
