conf,end,start,word
1.0,0.39,0.030468,جِنِيفَ
1.0,0.779963,0.39,بِشَأْنِ
0.990649,1.063785,0.78,سُورِيَا
