conf,end,start,word
0.509494,0.391007,0.03,عَشَائِرُ
0.801061,0.75,0.395832,بِٱشَّأْنِ
0.8636,1.068166,0.75,ٱلْيَمَنِيِّ
