conf,end,start,word
0.531695,0.720023,0.39,بِشَأْنِ
0.990935,1.163825,0.721916,ٱضَّرَبَاتِ
