conf,end,start,word
0.983228,0.75,0.39,بِشَأْنِ
0.617279,1.107901,0.750023,قَادَةِ
