conf,end,start,word
0.981074,0.780109,0.39,بِشَأْنِ
0.358586,1.14,0.780109,ٱتَّعَاوُنِ
