conf,end,start,word
0.91511,0.358111,0.03,قَرَارٌ
0.934841,0.777627,0.39,بِشَأْنِ
0.843401,1.107761,0.78,وَضْعِ
