conf,end,start,word
0.998627,0.75,0.413218,بِشَأْنِ
0.998818,1.063171,0.75,ٱلْيَمَنِ
