conf,end,start,word
0.97573,0.749581,0.42,بِشَأْنِ
0.978407,1.001502,0.749581,ٱلْوَضْعِ
0.533588,1.055161,1.001502,فِي
0.402462,1.14,1.055161,مِصْرَ
