conf,end,start,word
0.994185,0.809478,0.335155,بِشَأْنِ
0.976893,1.1396,0.81,نَشْرِ
