conf,end,start,word
0.887104,0.78,0.33052,بِشَأْنِ
0.701189,0.903246,0.78,مَا
