conf,end,start,word
0.990458,0.390056,0.0,أَيَّامٍ
0.977387,0.750029,0.390056,بِشَأْنِ
0.9789,1.095934,0.750029,ٱلْأَزْمَةِ
