conf,end,start,word
0.931112,0.750254,0.42,بِشَأْنِ
0.598139,1.11,0.750254,ٱسَّفَرِ
