conf,end,start,word
0.997013,0.75,0.155272,بِشَأْنِ
0.440579,0.998225,0.75,وَقْفِ
