conf,end,start,word
0.60111,0.418887,0.0,أَنْبَاءٌ
0.952437,0.75,0.42,بِشَأْنِ
0.861342,1.162257,0.75,إِبْلَاغِ
