conf,end,start,word
0.990093,0.753234,0.39,بِشَأْنِ
0.531319,1.14,0.753234,ٱلْقَضَايَا
