conf,end,start,word
0.943246,0.32988,0.0,إِتِّفَاقٌ
1.0,0.809854,0.32988,بِشَأْنِ
0.640039,1.136513,0.81,بَلْدَةِ
