conf,end,start,word
0.861393,0.418684,0.03,قَرَارٌ
1.0,0.72,0.418684,بِشَأْنِ
0.999789,1.002696,0.72,هُدْنَةٍ
