conf,end,start,word
0.951582,0.419917,0.03,مَيْنٌ
0.924244,0.78,0.419917,بِشَأْنِ
