conf,end,start,word
0.815651,0.389852,0.0,أَمِيرْكِيٌّ
0.93679,0.72,0.389852,بِشَأْنِ
0.723724,1.109445,0.72,إِعْلَانِ
