conf,end,start,word
0.50793,0.419835,0.0,ٱلْيَوْمَ
0.922369,0.750366,0.419835,بِشَأْنِ
0.934642,1.100891,0.750366,ٱلْأَزْمَةِ
