conf,end,start,word
0.924925,0.418753,0.031888,جِنِيفَ
0.993292,0.72,0.418753,بِشَأْنِ
0.993292,1.11,0.72,سُورِيَا
