conf,end,start,word
0.964792,0.781817,0.39,بِشَأْنِ
0.361586,1.134377,0.781817,ٱلْعَرَبِ
