conf,end,start,word
0.39164,0.39,0.03,تَحُدٍّ
0.997115,0.750024,0.392387,بِشَأْنِ
0.928638,1.100316,0.750024,ٱلْحِوَارِ
