conf,end,start,word
0.544521,0.75,0.39,بِشَأْنِ
0.512606,1.169544,0.757435,أُسْبُوعٍ
