conf,end,start,word
0.838677,0.39,0.03,قَرَارٌ
1.0,0.75002,0.39,بِشَأْنِ
0.998651,1.109403,0.75002,ٱلْيَمَنِ
