conf,end,start,word
0.979563,0.776009,0.36,بِشَأْنِ
0.322531,1.072174,0.78,مُقْتَرَحٍ
