conf,end,start,word
0.99294,0.750136,0.42,بِشَأْنِ
0.978471,1.130489,0.750136,ٱلْأَزْمَةِ
