conf,end,start,word
0.999408,0.749518,0.36,بِشَأْنِ
0.292915,1.079199,0.75,مُعَانَاةِ
