conf,end,start,word
0.981096,0.779796,0.391137,بِشَأْنِ
0.973558,1.168618,0.78,تَطَوُّرَاتِ
