conf,end,start,word
1.0,0.39,0.0,ٱلْآنَ
1.0,0.749996,0.39,بِشَأْنِ
0.987501,0.992337,0.75,عَدَدِ
0.184233,1.17,0.992337,ٱضُّبَّاطِ
