conf,end,start,word
0.564468,0.42,0.03,جُمُودٌ
0.890888,0.750047,0.420039,بِشَأْنِ
0.959478,1.093103,0.750047,ٱلْأَزْمَةِ
