conf,end,start,word
0.991733,0.755372,0.39,بِشَأْنِ
0.371505,1.133241,0.755372,ٱتَّجْدِيدِ
