conf,end,start,word
0.557694,0.33,0.03,خَاصَّةً
0.985083,0.782429,0.33,بِشَأْنِ
0.681008,1.17,0.782429,إِسْقَاطِ
