conf,end,start,word
0.314508,0.33799,0.0,أُمْسِي
0.876024,0.81,0.33799,بِشَأْنِ
0.917289,1.162884,0.81,سُورِيَا
