conf,end,start,word
0.645274,0.42,0.03,ذَلِكَ
1.0,0.69,0.42,بَعْدَ
0.998027,1.013132,0.69,يَوْمٍ
0.64881,1.14,1.02,وَاحِدٍ
