conf,end,start,word
0.967993,0.750875,0.36,بَعْدَ
0.303579,1.14,0.750957,ٱحْتِجَاجَاتٍ
