conf,end,start,word
0.966011,0.42,0.03,قَطْرَةٌ
0.987145,0.66,0.42,بَعْدَ
0.86087,1.003714,0.66,وُصُولِ
0.183352,1.17,1.003714,ٱرَّئِيسِ
