conf,end,start,word
0.497297,0.72,0.383687,بُعْدٌ
0.937355,0.965023,0.78,عَنْ
