conf,end,start,word
0.299969,0.18,0.0,أَنَّ
0.831463,0.719972,0.42,بَعْدَ
0.952149,1.14,0.720057,ٱلْمَعَارِكِ
