conf,end,start,word
0.632967,0.42,0.03,حُرِّيَّةٌ
0.994447,0.69,0.42,بَعْدَ
0.993935,1.108577,0.690303,أَكْثَرَ
