conf,end,start,word
0.990845,0.42,0.09,ظَرِيفٌ
1.0,0.72,0.45,بَعْدَ
0.433617,1.081915,0.72,وُصُولِهِ
0.304239,1.17,1.081915,إِلَى
