conf,end,start,word
0.993232,0.66,0.450314,بَعْدَ
1.0,1.011703,0.69,ذَلِكَ
