conf,end,start,word
0.983991,0.782022,0.33,بَعْدَ
0.577063,1.17,0.782022,ٱلْقِمَّةِ
