conf,end,start,word
1.0,0.45,0.03,وَذَلِكَ
1.0,0.69,0.45,بَعْدَ
0.992136,1.024443,0.69,يَوْمَيْنِ
0.670247,1.083804,1.024443,مِنْ
