conf,end,start,word
0.739291,0.449025,0.03053,تَأْتِي
1.0,0.689829,0.449025,بَعْدَ
0.979043,1.14,0.69,ٱنْسِحَابِ
