conf,end,start,word
0.966844,0.749778,0.419778,بَعْدَ
0.767053,1.048639,0.75,عَزْلِ
0.498162,1.17,1.05,مُرْسِي
