conf,end,start,word
0.998637,0.720009,0.36,بَعْدَ
0.997745,0.900191,0.720009,أَنْ
0.72851,1.169325,0.900191,دَمَّرَ
