conf,end,start,word
0.997458,0.18,0.0,أَبُو
0.997458,0.449712,0.21,ظَبِي
0.977629,0.689934,0.449712,بَعْدَ
0.885949,0.97431,0.690264,تَوْقِيعِ
0.498362,1.17,0.97431,ٱلِٱتِّفَاقِ
