conf,end,start,word
0.970472,0.690014,0.45,بَعْدَ
0.991861,1.055297,0.690014,ٱلْإِفْرَاجِ
