conf,end,start,word
0.968026,0.69,0.42,بَعْدَ
0.977144,0.995641,0.690237,مَرَضِ
0.584571,1.17,0.995641,ٱسُّكَّرِيِّ
