conf,end,start,word
0.176358,0.18,0.0,أَنَّ
1.0,0.750003,0.39,بَعْدَ
0.977469,1.072684,0.750003,إِعْلَانِ
