conf,end,start,word
0.981721,0.48,0.03,تَابِعُونَا
1.0,0.69,0.48,بَعْدَ
0.967834,1.042534,0.69,فَاصِلٍ
0.821158,1.17,1.05,قَصِيرٍ
