conf,end,start,word
0.880746,0.42,0.03,جِدًّا
1.0,0.69,0.45,بَعْدَ
0.943331,1.019858,0.69,قَرَارِ
