conf,end,start,word
0.995926,0.45,0.03,بِرْلِينَ
0.998409,0.75,0.45,بَعْدَ
0.668397,1.106926,0.751238,مَثَلًا
