conf,end,start,word
1.0,0.420012,0.03,وَذَلِكَ
0.99905,0.69,0.420012,بَعْدَ
0.82997,0.878224,0.69,أَنْ
