conf,end,start,word
0.929864,0.449984,0.03,بِيجِينْ
0.987598,0.660028,0.449984,بَعْدَ
0.953555,1.138491,0.6601,ٱرْتِفَاعِ
