conf,end,start,word
0.983056,0.449761,0.0,ٱلْعَامَ
1.0,0.72,0.449761,بَعْدَ
0.94297,1.041869,0.72,مَقْتَلِ
