conf,end,start,word
0.73054,0.42,0.03,مُبَاشَرَةً
1.0,0.690015,0.42,بَعْدَ
0.998953,0.93,0.690015,هَذَا
0.442338,1.14,0.93,ٱلْمَوْقِفِ
