conf,end,start,word
0.965844,0.74812,0.42,بَعْدَ
0.689104,1.134688,0.753761,سَاعَةٍ
