conf,end,start,word
0.516124,0.449987,0.03,مَاضِيَةٌ
0.994458,0.762067,0.449987,بَعْدَ
0.251745,1.11,0.78,دَعْوَةٍ
