conf,end,start,word
0.997321,0.691566,0.39,بَعْدَ
0.406127,1.008829,0.691566,عَشْرَةِ
0.309323,1.14,1.008829,سَنَوَاتٍ
