conf,end,start,word
1.0,0.47996,0.0,ٱلْخُطْوَةُ
0.998653,0.690107,0.48,بَعْدَ
0.958233,1.006149,0.690107,عَجْزِ
