conf,end,start,word
0.52226,0.42,0.03,سَرَاحٌ
0.99805,0.75,0.428902,بَعْدَ
0.162001,1.14,0.75,تَعْرِيفًا
