conf,end,start,word
0.994246,0.689974,0.48,بَعْدَ
0.956498,0.99,0.689974,قَصْفٍ
