conf,end,start,word
1.0,0.45,0.03,بَيْرُوتَ
0.999342,0.690013,0.45,بَعْدَ
0.999565,0.992754,0.690039,إِخْلَاءِ
0.44648,1.17,0.992754,سَبِيلِ
