conf,end,start,word
0.927563,0.45,0.03,وَذَلِكَ
1.0,0.692341,0.45,بَعْدَ
0.872342,1.073424,0.692341,ٱسَّيْطَرَةِ
0.509103,1.169831,1.079831,عَلَى
