conf,end,start,word
0.674397,0.72,0.42,بَعْضُ
0.954963,1.067495,0.741557,إِكْمَالٍ
