conf,end,start,word
0.999557,0.72,0.45,بَعْدَ
0.998671,0.900268,0.72,هَذَا
0.151748,1.17,0.900268,ٱلِٱئْتِلَافِ
