conf,end,start,word
0.984672,0.479599,0.03,هَذَا
1.0,0.72,0.479599,بَعْدَ
0.953473,1.14,0.72,تَصْوِيتٍ
