conf,end,start,word
0.794585,0.39,0.03,مَا
1.0,0.75,0.390021,بَعْدَ
0.993302,1.108425,0.75,يَوْمٍ
