conf,end,start,word
1.0,0.42,0.03,وَذَلِكَ
1.0,0.72,0.42,بَعْدَ
0.996815,0.869173,0.72,أَنْ
0.526391,1.109604,0.87,أَعْلَنَتْ
