conf,end,start,word
0.997878,0.749961,0.39,بَعْدَ
0.979739,1.078369,0.75,كَلِمَةِ
