conf,end,start,word
0.374481,0.45,0.031153,بَرِّيَّةٌ
0.999679,0.69,0.45,بَعْدَ
1.0,0.990446,0.69,عَزْلِ
0.956191,1.17,0.990446,ٱرَّئِيسِ
