conf,end,start,word
0.702516,0.686647,0.45,بَعْدَ
0.687196,0.790077,0.686647,أَنْ
