conf,end,start,word
0.711563,0.39,0.03,سِتٌّ
0.65468,0.693662,0.39034,بَعْدَ
0.459584,1.11,0.695403,نَيْلِهَا
