conf,end,start,word
0.99216,0.78,0.361206,بَعْدَ
0.964278,1.03987,0.78,كُلِّ
