conf,end,start,word
0.900425,0.48,0.09,ذَلِكَ
1.0,0.69,0.48,بَعْدَ
0.953216,1.022449,0.69,سَاعَاتٍ
0.249694,1.08152,1.022449,مِنْ
