conf,end,start,word
0.971602,0.69,0.42,بَعْدَ
0.969407,1.018674,0.690569,إِطْلَاقِ
0.70414,1.17,1.02,سَرَاحِ
