conf,end,start,word
0.96947,0.23866,0.03,يَأْتِي
1.0,0.45,0.23866,هَذَا
1.0,0.69,0.45,بَعْدَ
0.990088,0.983044,0.69,إِعْلَانٍ
0.239127,1.17,0.99,دُسْتُورِيٍّ
