conf,end,start,word
0.441793,0.440888,0.18,فِيهِ
0.996762,0.75,0.440888,بَعْدَ
0.996061,1.11,0.81,نَحْوِ
