conf,end,start,word
1.0,0.720104,0.385142,بَعْدَ
0.990388,0.907758,0.720104,أَنْ
