conf,end,start,word
0.998782,0.77984,0.36,بَعْدَ
0.219691,1.164835,0.84,سَحْبِ
