conf,end,start,word
0.973247,0.45,0.0,ٱنْدَلَعَتْ
0.823233,0.720104,0.45,بَعْدَ
0.763399,0.993201,0.750104,ظُهْرِ
0.621861,1.14,0.993201,ٱلْيَوْمِ
