conf,end,start,word
0.82904,0.388997,0.03,مُرْسِي
0.999725,0.72,0.388997,بَعْدَ
0.682405,1.139769,0.72,تَوَتُّرٍ
