conf,end,start,word
0.899804,0.6893,0.390206,بَعْدَ
0.37573,1.07404,0.690113,تَصْعِيدٍ
