conf,end,start,word
0.256875,0.41806,0.0,ٱلَّتِي
0.997347,0.720239,0.428508,بَعْدَ
0.265215,1.17,0.720239,مَوْجُودِينَ
