conf,end,start,word
0.941728,0.690009,0.450185,بَعْدَ
0.564895,1.169287,0.690018,ٱسْتِعَادَةِ
