conf,end,start,word
0.88715,0.445797,0.03,شِرَاءٌ
0.997855,0.726695,0.445797,بَعْدَ
0.408749,1.109078,0.726695,ٱلْمِائَةِ
