conf,end,start,word
0.980311,0.449623,0.0,أُصِيبُوا
0.999524,0.69,0.449623,بَعْدَ
0.692594,1.160626,0.690012,تَجَدُّدِ
