conf,end,start,word
0.984896,0.42,0.03,حَتَّى
1.0,0.75,0.42,بَعْدَ
0.599025,1.034263,0.75,تَوَلِّي
