conf,end,start,word
0.950188,0.479484,0.033233,لَهُمْ
1.0,0.689949,0.479484,بَعْدَ
0.410663,1.16972,0.69,ٱجْتِمَاعِهِ
