conf,end,start,word
1.0,0.69,0.42,بَعْدَ
0.999222,0.84,0.69,أَنْ
0.474882,1.168448,0.84,وَافَقَ
