conf,end,start,word
0.959951,0.720848,0.42,بَعْدَ
0.797075,1.135386,0.720848,ٱلْغَارَاتِ
