conf,end,start,word
0.959959,0.748862,0.42,بَعْدَ
0.476488,1.069797,0.751702,قَطْعِ
