conf,end,start,word
0.634856,0.42,0.04663,كِيرِي
1.0,0.69,0.42,بَعْدَ
0.997302,1.162774,0.69,مُفَاوَضَاتٍ
