conf,end,start,word
1.0,0.42,0.03,نِيَّةٌ
0.607091,0.724492,0.42,بَعْدَ
0.527524,1.17,0.800706,مُوَاجَهَةٍ
