conf,end,start,word
0.456976,0.420061,0.0,ٱسْتَوْطَنَ
0.814801,0.726244,0.42018,بَعِيدَةٌ
0.461704,0.896246,0.726244,أَنَا
0.817084,1.17,0.896246,ٱلْيُونَانُ
