conf,end,start,word
0.815066,0.45,0.0,ٱلْيَوْمَ
0.998913,0.69,0.45,بَعْدَ
0.987143,0.93,0.69,أَقَلَّ
1.0,1.02,0.93,مِنْ
0.530983,1.17,1.02,أُسْبُوعٍ
