conf,end,start,word
0.994815,0.42,0.061166,غَزَّةَ
1.0,0.69,0.42,بَعْدَ
0.967499,0.992069,0.72,ظُهْرِ
0.450078,1.169423,0.992069,ٱلْيَوْمِ
