conf,end,start,word
0.74082,0.45,0.0,ٱتَّنْفِيذِ
1.0,0.660734,0.45009,بَعْدَ
0.604394,1.046554,0.660734,ٱثْنَتَيْنِ
