conf,end,start,word
0.861968,0.689429,0.426123,بَعْدَ
0.879587,1.09251,0.693915,ٱنْفِجَارٍ
