conf,end,start,word
0.279203,0.449677,0.09,جِهَاتٌ
0.961379,0.72,0.450044,بَعْدَ
0.600109,1.17,0.78,مُحَاوَلَاتٍ
