conf,end,start,word
0.995548,0.69,0.42,بَعْدَ
0.913726,1.106696,0.72,خُطْوَةٍ
