conf,end,start,word
0.990332,0.690092,0.45,بَعْدَ
0.969899,1.05,0.690092,قَصْفٍ
