conf,end,start,word
0.998195,0.719976,0.45,بَعْدَ
0.824312,1.169338,0.72,تَصْدِيقِ
