conf,end,start,word
0.610033,0.419995,0.03,بِيجِينْ
0.995062,0.69,0.419995,بَعْدَ
0.415779,1.074976,0.690129,تَسْجِيلِ
