conf,end,start,word
0.974983,0.42,0.03,وَذَلِكَ
1.0,0.690016,0.42,بَعْدَ
0.858195,1.071302,0.690016,ٱنْتِشَارِ
