conf,end,start,word
0.997881,0.72,0.45,بَعْدَ
0.950402,1.022795,0.72,هُجُومِ
0.195005,1.14,1.022795,سُوسَةَ
