conf,end,start,word
0.84022,0.39,0.03,قَرَارٌ
0.997773,0.75,0.397829,بَعْدَ
0.463357,1.160709,0.81,سِلْسِلَةٍ
