conf,end,start,word
0.994077,0.48,0.06,ذَلِكَ
0.99889,0.690398,0.48,بَعْدَ
0.25202,1.139197,0.690398,ٱسْتِقْبَالِهِ
