conf,end,start,word
0.518679,0.36,0.03,ذَلِكَ
1.0,0.78,0.389818,بَعْدَ
0.377225,1.16949,0.81,تَجْرِبَةٍ
