conf,end,start,word
0.998452,0.775201,0.42,بَعْدَ
0.421256,1.139607,0.78,تَبَادُلِ
