conf,end,start,word
1.0,0.719982,0.392051,بَعْدَ
0.99941,1.086123,0.72,جَرِيمَةِ
0.482263,1.17,1.086123,حَرْبٍ
