conf,end,start,word
0.923724,0.756673,0.364339,بَعْدَ
0.818605,1.007327,0.78,أَنْ
