conf,end,start,word
1.0,0.48,0.0,أَهْلًا
1.0,0.661988,0.48,بِكُمْ
0.765079,0.75,0.661988,مِنْ
0.677632,1.151611,1.031611,جَدِيدٍ
