conf,end,start,word
1.0,0.48,0.18,أَهْلًا
0.999536,0.689995,0.48,بِكُمْ
0.950353,0.928322,0.69,إِلَى
0.167144,1.14,1.02,وَرَاءِ
