conf,end,start,word
0.771677,0.45,0.03,وَأَهْلًا
0.998328,0.69,0.45,بِكُمْ
0.774849,0.931528,0.69,إِلَى
