conf,end,start,word
1.0,0.42,0.0,أَهْلًا
0.999392,0.689986,0.42,بِكُمْ
0.853419,0.900069,0.69,إِلَى
0.087039,1.14,0.900069,مُرَاجَعَةِ
