conf,end,start,word
0.966612,0.42,0.03,وَسَهْلًا
1.0,0.72,0.42,بِكُمْ
0.968757,0.971297,0.72,إِلَى
