conf,end,start,word
1.0,0.45,0.0,أَهْلًا
0.99924,0.661412,0.45,بِكُمْ
0.886959,0.848174,0.661412,إِلَى
0.270919,1.169568,0.98964,ٱلْجُزْءِ
