conf,end,start,word
1.0,0.42,0.0,أَهْلًا
0.999624,0.690603,0.42,بِكُمْ
0.953277,0.899982,0.690603,إِلَى
0.107599,1.11,0.9,مُوسْكُو
