conf,end,start,word
1.0,0.45,0.03,نَنْتَقِلُ
0.955735,0.985179,0.72,ٱلْآنَ
0.924775,1.077155,0.985179,إِلَى
