conf,end,start,word
1.0,0.39,0.0,أَهْلًا
1.0,0.75,0.39,بِكُمْ
0.861166,0.986568,0.75,إِلَى
0.218483,1.169712,0.989856,ٱلْجُزْءِ
