conf,end,start,word
1.0,0.36,0.12,أَهْلًا
1.0,0.657923,0.36,بِكُمْ
0.543546,0.84,0.66,إِلَى
0.210301,1.168618,1.019309,جَدِيدٍ
