conf,end,start,word
1.0,0.39,0.0,أَهْلًا
0.998563,0.689852,0.39,بِكُمْ
0.961639,0.869841,0.69,إِلَى
0.184027,1.169513,0.959676,ٱلْجُزْءِ
