conf,end,start,word
1.0,0.39,0.0,أَهْلًا
1.0,0.75,0.39,بِكُمْ
0.920797,0.991195,0.78,إِلَى
0.17029,1.14,0.991195,ٱلْجُزْءِ
