conf,end,start,word
0.991743,0.42,0.03,وَسَهْلًا
1.0,0.75,0.42,بِكُمْ
0.892372,1.075413,0.75,إِلَى
