conf,end,start,word
1.0,0.449991,0.0,أَهْلًا
0.995459,0.66,0.45,بِكُمْ
0.811213,0.82633,0.66,إِلَى
0.216815,1.167838,0.958559,ٱلْجُزْءِ
