conf,end,start,word
0.988873,0.419788,0.03,مَرْحَبًا
0.928261,0.69,0.419788,بِكُمْ
0.559892,1.168942,1.018942,جَمِيعًا
