conf,end,start,word
1.0,0.45,0.03,مَرْحَبًا
0.910154,0.69,0.45,بِكُمْ
0.693528,1.168855,1.018855,جَمِيعًا
