conf,end,start,word
1.0,0.45,0.03,مَرْحَبًا
0.882103,0.688722,0.45,بِكُمْ
0.609268,1.139234,0.989234,جَمِيعًا
