conf,end,start,word
0.978427,0.45,0.03,مَرْحَبًا
0.885523,0.69,0.450128,بِكُمْ
0.469922,1.109387,0.959387,جَمِيعًا
