conf,end,start,word
1.0,0.42,0.0,أَهْلًا
1.0,0.72,0.42,بِكُمْ
0.735959,0.991084,0.72,أَجْرَى
0.600147,1.17,0.991084,ٱسِّيسِيُّ
