conf,end,start,word
1.0,0.42,0.0,أَهْلًا
0.998344,0.689715,0.42,بِكُمْ
0.931658,0.869828,0.69,إِلَى
0.12928,1.139391,0.959493,ٱلْجُزْءِ
