conf,end,start,word
1.0,0.36,0.0,أَهْلًا
1.0,0.78,0.36,بِكُمْ
0.518273,1.049615,0.84,مِنْ
0.51668,1.169548,1.049615,جَدِيدٍ
