conf,end,start,word
0.998681,0.45,0.0,أَهْلًا
0.996109,0.665192,0.45,بِكُمْ
0.58372,0.83991,0.665192,إِلَى
0.306413,1.138728,1.018375,جَدِيدٍ
