conf,end,start,word
0.917046,0.42,0.03,وَسَهْلًا
1.0,0.75,0.42,بِكُمْ
0.933965,1.007225,0.75,إِلَى
0.193861,1.14,1.020073,مِصْرَ
