conf,end,start,word
1.0,0.42,0.18,أَهْلًا
0.997368,0.72,0.45,بِكُمْ
0.729578,0.899888,0.72,إِلَى
0.163712,1.166385,1.018135,جَدِيدٍ
