conf,end,start,word
1.0,0.45,0.0,أَهْلًا
0.995435,0.69,0.45,بِكُمْ
0.393963,0.840882,0.69,إِلَى
0.328062,1.162672,1.042672,جَدِيدٍ
