conf,end,start,word
0.999422,0.39,0.03,وَسَهْلًا
1.0,0.72,0.39,بِكُمْ
0.973091,0.985021,0.72,إِلَى
0.116758,1.139818,0.99,مِصْرَ
