conf,end,start,word
1.0,0.33,0.0,أَهْلًا
1.0,0.78,0.36,بِكُمْ
0.926246,1.020166,0.81,إِلَى
0.326656,1.17,1.020166,ٱلْجُزْءِ
