conf,end,start,word
0.997072,0.449872,0.0,أَهْلًا
0.991673,0.689962,0.45,بِكُمْ
0.88051,0.9,0.689979,إِلَى
0.068008,1.139522,1.019522,جَدِيدٍ
