conf,end,start,word
0.970459,0.45,0.03,وَأَهْلًا
1.0,0.66035,0.45,بِكُمْ
0.865361,0.84,0.66035,إِلَى
0.377722,0.990173,0.90026,هَذَا
0.694991,1.17,0.990173,ٱلِّقَاءِ
