conf,end,start,word
1.0,0.42,0.18,أَهْلًا
0.992593,0.737858,0.42,بِكُمْ
0.393646,1.017743,0.927744,مِنْ
0.389945,1.14,1.02,جَدِيدٍ
