conf,end,start,word
1.0,0.45,0.0,أَهْلًا
1.0,0.662007,0.45,بِكُمْ
0.812901,0.78,0.662007,مِنْ
0.799871,1.156889,1.035003,جَدِيدٍ
