conf,end,start,word
1.0,0.33,0.0,أَهْلًا
1.0,0.78,0.36,بِكُمْ
0.812506,1.020539,0.81,إِلَى
0.15485,1.17,1.020539,ٱلْجُزْءِ
