conf,end,start,word
1.0,0.42,0.0,أَهْلًا
0.99842,0.677966,0.42,بِكُمْ
0.506474,0.924635,0.69,إِلَى
0.379053,1.168743,1.048743,جَدِيدٍ
