conf,end,start,word
0.999465,0.45,0.03,وَسَهْلًا
1.0,0.692961,0.45,بِكُمْ
0.745313,0.870811,0.692961,إِلَى
