conf,end,start,word
1.0,0.45,0.0,أَهْلًا
1.0,0.662403,0.45,بِكُمْ
0.77523,0.78,0.662403,مِنْ
0.747589,1.165269,1.045269,جَدِيدٍ
