conf,end,start,word
0.456483,0.54,0.0,أَمْرٌ
0.4899,0.658801,0.540049,مِنْ
0.989256,1.038766,0.658801,مُحَمَّدْ
0.612736,1.17,1.05,مُرْسِي
