conf,end,start,word
1.0,0.51,0.06552,تَمِيمْ
1.0,0.6,0.51,بِنْ
1.0,0.9,0.6,حَمَدْ
1.0,1.021564,0.93,آلْ
0.976894,1.14,1.021564,ثَانِي
