conf,end,start,word
1.0,0.27,0.0,ٱشَّيْخُ
1.0,0.51,0.27,تَمِيمْ
1.0,0.63,0.51,بِنْ
1.0,0.932195,0.63,حَمَدْ
0.888296,1.051785,0.932195,آلْ
0.835138,1.17,1.051785,ثَانِي
