conf,end,start,word
1.0,0.27,0.0,ٱشَّيْخُ
1.0,0.51,0.27,تَمِيمْ
1.0,0.66,0.51,بِنْ
1.0,0.96,0.66,حَمَدْ
0.997037,1.059803,0.99,آلْ
0.863993,1.17,1.059803,ثَانِي
