conf,end,start,word
1.0,0.51,0.03,مُحَمَّدْ
1.0,0.66,0.51,بِنْ
1.0,0.93,0.66,نَايِفْ
0.996601,1.077595,0.93,بِنْ
0.557754,1.17,1.08,عَلِيٍّ
