conf,end,start,word
1.0,0.21,0.0,ٱشَّيْخُ
1.0,0.48,0.24,تَمِيمْ
1.0,0.63,0.48,بِنْ
1.0,0.96,0.63,حَمَدْ
0.95887,1.053831,0.99,آلْ
0.895617,1.17,1.053831,ثَانِي
