conf,end,start,word
0.985965,0.42,0.03,صَالِحْ
0.991117,0.66,0.45,بِنْ
0.356707,0.820231,0.66,عَلِيٍّ
