conf,end,start,word
1.0,0.27,0.0,ٱشَّيْخُ
1.0,0.51,0.27,تَمِيمْ
1.0,0.63,0.51,بِنْ
1.0,0.96,0.63,حَمَدْ
0.953806,1.050548,0.96,آلْ
0.923194,1.17,1.050548,ثَانِي
