conf,end,start,word
1.0,0.51,0.03,مُحَمَّدْ
1.0,0.63,0.51,بِنْ
1.0,0.930032,0.66,زَايِدْ
0.628649,1.042275,0.930032,فِي
0.32046,1.17,1.05,تُونِسَ
