conf,end,start,word
0.299775,0.450006,0.03,يَعْنِي
0.991376,0.69,0.450006,بِنْ
0.145238,1.17,1.02,سِتْرِيتْ
