conf,end,start,word
1.0,0.51,0.03,تَمِيمْ
1.0,0.66,0.51,بِنْ
1.0,0.93,0.66,حَمَدْ
1.0,1.05054,0.96,آلْ
0.992086,1.17,1.05054,ثَانِي
