conf,end,start,word
0.965744,0.501588,0.0,ٱخْتِمِي
0.720282,0.63,0.51,بِنْ
0.992738,0.96246,0.63,حَمَدْ
0.849162,1.135786,0.99,آلْ
