conf,end,start,word
1.0,0.51,0.04291,تَمِيمْ
1.0,0.66,0.51,بِنْ
1.0,0.96,0.66,حَمَدْ
1.0,1.050333,0.96,آلْ
0.990272,1.17,1.050333,ثَانِي
