conf,end,start,word
1.0,0.48,0.032041,تَمِيمْ
1.0,0.63,0.48,بِنْ
1.0,0.930569,0.63,حَمَدْ
0.981037,1.031027,0.96,آلْ
0.832127,1.14,1.031027,ثَانِي
