conf,end,start,word
0.776356,0.51,0.03,يَخْتِمُونَ
0.958355,0.63,0.51,بِنْ
0.928145,1.005802,0.63,حَمَدْ
