conf,end,start,word
0.902651,0.51,0.0,ٱتُّرْكِيُّ
1.0,0.66,0.510705,بِنْ
1.0,0.960762,0.66,عَلِي
0.265683,1.17,1.02,زَيْدَانْ
