conf,end,start,word
1.0,0.42,0.03,بَنْدَرْ
1.0,0.69,0.42,بِنْ
0.998095,1.030104,0.72,عَبْدِ
0.354996,1.17,1.05,ٱلَّهِ
