conf,end,start,word
1.0,0.27,0.0,ٱشَّيْخُ
1.0,0.48,0.27,تَمِيمْ
1.0,0.63,0.48,بِنْ
1.0,0.96,0.63,حَمَدْ
0.887543,1.053836,0.99,آلْ
0.843577,1.17,1.053836,ثَانِي
