conf,end,start,word
0.911907,0.66,0.45,بِنْ
0.996862,0.840631,0.661036,عَبْدِ
0.961084,0.988875,0.840631,ٱلَّهِ
0.30281,1.17,0.99,أُوجْلَانْ
