conf,end,start,word
0.933649,0.480047,0.030847,هَانِي
0.437604,0.960079,0.480047,بِلْبِرِيكْ
0.148326,1.17,0.99,نَاسٌ
