conf,end,start,word
0.614402,0.50928,0.03,وَنَبَاهَةُ
0.987057,0.659994,0.50928,بِنْ
0.952211,0.900584,0.659994,عُمَرَ
0.778945,1.020433,0.900584,فِي
0.178598,1.165893,1.020433,مِصْرَ
