conf,end,start,word
0.559738,0.50877,0.03,سَيَخْتِمُهُ
0.588363,0.63,0.510155,بِنْ
0.844114,0.902552,0.63,حَمَدْ
0.663732,1.020399,0.902552,آلْ
0.654366,1.17,1.020399,ثَانِي
