conf,end,start,word
0.434724,0.45,0.03,بَيَدِ
1.0,0.75,0.45,بْنِ
0.9802,1.147233,0.75,دَغْرٍ
