conf,end,start,word
0.712289,0.48,0.3059,أَنَّ
0.673115,0.659892,0.48,بِنْ
0.673804,0.99,0.659892,نَايِفْ
