conf,end,start,word
1.0,0.480081,0.03,مُحَمَّدْ
0.979023,0.678277,0.480081,بِنْ
