conf,end,start,word
0.747919,0.475046,0.0,أَحْمَدْ
0.760339,0.63,0.480084,بِنْ
0.969068,0.992825,0.636441,صَالِحْ
0.269202,1.17,0.992825,ٱسِّيسِي
