conf,end,start,word
0.730835,0.501372,0.0,إِخْتَمِي
0.671739,0.6,0.50926,بِنْ
1.0,0.9,0.6,حَمَدْ
1.0,1.119436,0.93,آلْ
