conf,end,start,word
1.0,0.48,0.031472,تَمِيمْ
1.0,0.63,0.48,بِنْ
1.0,0.96,0.63,حَمَدْ
0.98945,1.126987,0.99,آلْ
