conf,end,start,word
0.755401,0.510002,0.0,ٱلْحَمْزَةُ
0.995029,0.63,0.510002,بْنُ
0.995962,1.034923,0.63,ٱلْحُسَيْنِ
