conf,end,start,word
1.0,0.51,0.060526,تَمِيمْ
1.0,0.66,0.51,بِنْ
1.0,0.991982,0.66,حَمَدْ
0.586221,1.061687,0.991982,آلْ
0.492387,1.17,1.061687,ثَانِي
