conf,end,start,word
0.533183,0.51,0.03,فَيْصَلْ
0.554981,0.63,0.51,بِنْ
0.417904,1.042954,0.63,فَرْحَانَهْ
