conf,end,start,word
0.971223,0.480034,0.03,فَيْصَلْ
0.916769,0.63,0.480034,بِنْ
0.873862,1.036608,0.63,فَرْحَانْ
