conf,end,start,word
1.0,0.51,0.03,فَيْصَلْ
0.984555,0.659926,0.51,بِنْ
0.960558,1.104165,0.659926,فَرْحَانْ
