conf,end,start,word
0.673628,0.450163,0.03,هَيْثَمْ
0.906529,0.63,0.450163,بِنْ
1.0,1.079747,0.630895,طَارِقْ
