conf,end,start,word
0.996449,0.299875,0.0,ٱشَّيْخْ
1.0,0.51,0.299875,تَمِيمْ
1.0,0.66,0.51,بِنْ
1.0,0.96,0.66,حَمَدْ
0.902486,1.060981,0.99,آلْ
0.629765,1.17,1.060981,ثَانِي
