conf,end,start,word
1.0,0.33,0.0,ٱشَّيْخْ
1.0,0.51,0.33,تَمِيمْ
1.0,0.6,0.51,بِنْ
1.0,0.93,0.6,حَمَدْ
0.988289,1.055081,0.96,آلْ
0.835351,1.17,1.055081,ثَانِي
