conf,end,start,word
0.971329,0.51,0.03,فَيْصَلْ
0.711076,0.66,0.51,بِنْ
0.889479,1.01451,0.66,فَرْحَانْ
