conf,end,start,word
0.949338,0.471752,0.0,أَسَاسًا
0.585684,0.65951,0.48,بِنْ
0.659818,0.989472,0.66,سَيْفْ
