conf,end,start,word
1.0,0.51,0.032429,تَمِيمْ
1.0,0.66,0.51,بِنْ
1.0,0.968347,0.66,حَمَدْ
0.622946,1.106373,0.99,آلْ
