conf,end,start,word
1.0,0.51,0.03,تَمِيمْ
1.0,0.66,0.51,بِنْ
1.0,0.960682,0.66,حَمَدْ
0.677982,1.02033,0.960682,آلْ
0.672397,1.14,1.02033,ثَانِي
