conf,end,start,word
1.0,0.51,0.03,تَمِيمْ
1.0,0.66,0.51,بِنْ
1.0,0.960298,0.66,حَمَدْ
0.884236,1.053322,0.99,آلْ
0.808711,1.17,1.053322,ثَانِي
