conf,end,start,word
0.991117,0.51,0.03,قَابُوسْ
0.980118,1.01118,0.634698,سَعِيدْ
