conf,end,start,word
0.954895,0.48,0.0,ٱتُّرْكِي
0.991594,0.69,0.48,بِنْ
1.0,0.931539,0.69,عَلِي
