conf,end,start,word
0.774891,0.628222,0.03,تَرْكِيبْ
0.834665,0.98102,0.631595,عَلِي
0.168434,1.17,0.99,زَيْدَانْ
