conf,end,start,word
1.0,0.48,0.03,مُحَمَّدْ
1.0,0.66,0.48,بِنْ
1.0,0.959905,0.66,نَايِفْ
0.906672,1.081053,0.96,بِنْ
0.580767,1.17,1.081053,عَلِي
