conf,end,start,word
0.824884,0.42,0.030289,مِيَاهْ
0.988684,0.72,0.420412,بِنْ
1.0,1.108028,0.72,عَلِي
