conf,end,start,word
0.765288,0.193238,0.03,عَبْدُ
1.0,0.51,0.193238,ٱلْإِلَهِ
0.891646,0.66,0.51,بْنُ
0.891646,1.014814,0.66,كِيرَانَ
