conf,end,start,word
1.0,0.51,0.12,خَالِدْ
1.0,0.66022,0.51,بِنْ
0.986516,0.962313,0.66022,أَحْمَدَ
0.231733,1.17,0.962313,ٱلْخَطِيبْ
