conf,end,start,word
1.0,0.21,0.0,ٱشَّيْخْ
1.0,0.51,0.24,تَمِيمْ
1.0,0.69,0.51,بِنْ
1.0,0.991408,0.69,حَمَدْ
0.678307,1.05021,0.991408,آلْ
0.671216,1.17,1.05021,ثَانِي
