conf,end,start,word
1.0,0.21,0.0,ٱشَّيْخْ
1.0,0.51,0.24,تَمِيمْ
1.0,0.66,0.51,بِنْ
1.0,0.961813,0.66,حَمَدْ
0.845401,1.050131,0.961813,آلْ
0.838983,1.17,1.050131,ثَانِي
