conf,end,start,word
1.0,0.45,0.061677,ٱلَّهِ
1.0,0.75,0.45,بْنُ
1.0,0.990116,0.75,عَبْدِ
0.765407,1.17,0.990116,ٱلْعَزِيزِ
