conf,end,start,word
0.74105,0.51,0.03,فَيْصَلْ
0.759894,0.629664,0.51,بِنْ
0.908551,1.017028,0.629664,فَرْحَانْ
0.44646,1.17,1.02,فِيهَا
