conf,end,start,word
1.0,0.21,0.0,ٱشَّيْخْ
1.0,0.48,0.24,تَمِيمْ
1.0,0.63,0.48,بِنْ
1.0,0.93,0.63,حَمَدْ
1.0,1.064983,0.96,آلْ
0.667089,1.17,1.064983,ثَانِي
