conf,end,start,word
0.284217,0.450281,0.0,ٱدَّمَارْ
0.810153,0.66,0.450281,بِنْ
0.989153,1.11,0.662453,يَاسِرْ
