conf,end,start,word
0.832215,0.48,0.03,طَلْحَةُ
1.0,0.66,0.48,بْنُ
0.989333,0.946371,0.66,عُبَيْدٍ
