conf,end,start,word
1.0,0.51,0.031991,تَمِيمْ
1.0,0.66,0.51,بِنْ
1.0,0.962646,0.66,حَمَدْ
0.880872,1.053032,0.962646,آلْ
0.801959,1.17,1.053032,ثَانِي
