conf,end,start,word
1.0,0.24,0.0,ٱشَّيْخْ
1.0,0.51,0.27,تَمِيمْ
1.0,0.63,0.51,بِنْ
1.0,0.93,0.63,حَمَدْ
0.994159,1.050269,0.96,آلْ
0.986341,1.17,1.050269,ثَانِي
