conf,end,start,word
1.0,0.48,0.150103,قَالَ
1.0,0.69,0.48,بِنْ
0.992126,1.136388,0.69,رُودْزْ
