conf,end,start,word
0.388763,0.498697,0.03,مَدْعُومَةٌ
0.339033,0.628214,0.509725,مِنْ
0.410622,0.96,0.63,بَرَأْيِكَ
