conf,end,start,word
0.410701,0.42,0.03,دُكْتُورْ
0.988659,0.72,0.45,بِنْ
0.961243,1.041098,0.72,أَحْمَدْ
