conf,end,start,word
1.0,0.18,0.0,ٱشَّيْخْ
1.0,0.48,0.21,تَمِيمْ
1.0,0.63,0.48,بِنْ
1.0,0.930046,0.63,حَمَدْ
0.902088,1.053093,0.930046,آلْ
0.806644,1.17,1.053093,ثَانِي
