conf,end,start,word
0.972944,0.48,0.0,أَوْ
0.891853,0.660031,0.48,بِنْ
0.924105,1.029787,0.660035,مُبَارَكْ
