conf,end,start,word
0.999232,0.45,0.03,تَمِيمْ
1.0,0.63,0.450023,بِنْ
1.0,0.974709,0.63,حَمَدْ
0.499846,1.087764,0.993882,آلْ
