conf,end,start,word
0.739625,0.54,0.03,سَلْمَانْ
0.750662,0.629833,0.54,بِنْ
1.0,0.78,0.629833,عَبْدِ
1.0,1.169597,0.78,ٱلْعَزِيزْ
