conf,end,start,word
0.709919,0.689373,0.45,بِنْ
0.747271,0.990452,0.689373,فَرْحَةٍ
0.124918,1.168857,1.048857,فِيهَا
