conf,end,start,word
0.856557,0.48,0.0,إِخْتَمِي
1.0,0.6,0.48,بِنْ
1.0,0.9,0.6,حَمَدْ
0.998296,1.05173,0.9,آلْ
0.927464,1.17,1.05173,ثَانِي
