conf,end,start,word
0.99215,0.48,0.03,وَقَالَ
0.692379,0.66,0.480235,بِنْ
0.57909,0.984341,0.66,دَغْرْ
