conf,end,start,word
0.981772,0.509949,0.0,ٱتُّرْكِي
0.998343,0.66,0.51,بِنْ
1.0,0.922478,0.66,عَلِي
0.440303,1.17,0.93,ٱدِّينِي
