conf,end,start,word
0.842262,0.297547,0.03,هَذِهِ
0.998964,0.449989,0.297547,مِنْ
1.0,0.72,0.449989,تَنْظِيمِ
1.0,1.14,0.72,ٱدَّوْلَةِ
