conf,end,start,word
0.694121,0.39,0.03,عَقْدُ
0.998735,0.750033,0.393249,تَنْظِيمِ
0.996299,1.041751,0.750033,ٱدَّوْلَةِ
