conf,end,start,word
0.451815,0.328744,0.046089,يَأْتِي
0.619508,0.805679,0.33,تَنْظِيمَيِ
0.896917,1.14,0.805679,ٱلْبَثِّ
