conf,end,start,word
0.703302,0.36,0.035767,فِي
0.757998,0.781091,0.36,تَنْظِيمِ
0.899079,1.104748,0.781091,ٱلْإِخْوَانِ
