conf,end,start,word
0.803252,0.419105,0.121996,زَالَتْ
1.0,0.75,0.419105,تَنْظِيمُ
1.0,1.022351,0.75,ٱدَّوْلَةِ
