conf,end,start,word
0.71723,0.36,0.002674,أَخِي
0.868454,0.810029,0.420255,تَنْظِيمُ
0.866398,1.080769,0.810029,ٱدَّوْلَةِ
0.185889,1.17,1.080769,طَيِّبْ
