conf,end,start,word
0.996473,0.389989,0.0,أَعْلَنَ
1.0,0.78,0.389989,تَنْظِيمُ
0.998856,1.024139,0.78,ٱدَّوْلَةِ
0.212797,1.17,1.024139,نَفْسَهَا
