conf,end,start,word
0.307582,0.38924,0.03,هَجَمَاتُ
0.988054,0.75,0.399686,تَنْظِيمِ
1.0,1.044526,0.75,ٱدَّوْلَةِ
