conf,end,start,word
0.984842,0.33,0.03,بَيْنَ
1.0,0.81,0.330051,تَنْظِيمِ
0.992892,1.144141,0.81,ٱدَّوْلَةِ
