conf,end,start,word
0.62055,0.333564,0.03,هَيْئَةُ
0.994559,0.78,0.333564,تَنْظِيمِ
0.919076,1.10382,0.78,ٱلْأَدْوِيَةِ
