conf,end,start,word
0.370149,0.388778,0.00086,أَنَا
0.999848,0.78,0.42,تَنْظِيمُ
0.99898,1.023457,0.78,ٱدَّوْلَةِ
0.237563,1.17,1.023457,نَفْسُهَا
