conf,end,start,word
0.794661,0.39,0.03,وَاقِعِي
0.991875,0.780027,0.390333,تَنْظِيمِ
0.998082,1.115105,0.780027,ٱدَّوْلَةِ
