conf,end,start,word
0.833003,0.389852,0.0,ٱنْتِشَارُ
0.988936,0.75,0.392102,تَنْظِيمِ
1.0,1.139772,0.75,ٱدَّوْلَةِ
