conf,end,start,word
0.99873,0.39,0.03,كَانَ
1.0,0.780076,0.39,تَنْظِيمُ
0.994303,1.090427,0.780076,ٱدَّوْلَةِ
