conf,end,start,word
0.927384,0.448678,0.03,سَيْطَرَةُ
1.0,0.72,0.448678,تَنْظِيمِ
1.0,0.971888,0.72,ٱدَّوْلَةِ
0.245984,1.17,0.971888,ٱلِّيبِيَّةِ
