conf,end,start,word
0.960588,0.39,0.03,تَبَنَّاهُ
1.0,0.780058,0.39,تَنْظِيمُ
0.995457,1.055523,0.780058,ٱدَّوْلَةِ
0.255959,1.17,1.055523,دَاعِشْ
