conf,end,start,word
0.97196,0.39,0.12,قَالَ
1.0,0.75,0.390291,تَنْظِيمُ
0.998162,1.051005,0.75,أَنْصَارِ
0.617421,1.17,1.051005,ٱلَّهِ
