conf,end,start,word
0.407242,0.33,0.0,أَنَّ
0.657893,0.78,0.351948,تَنْظِيمَ
0.313878,1.17,0.84,قَتْلٍ
