conf,end,start,word
1.0,0.389884,0.15,ضِدَّ
0.996137,0.75,0.39,تَنْظِيمِ
0.996137,1.124009,0.75,ٱدَّوْلَةِ
