conf,end,start,word
0.733738,0.449981,0.03,لِحُوتِ
1.0,0.78,0.449981,تَنْظِيمِ
1.0,1.083337,0.78,ٱدَّوْلَةِ
0.33361,1.17,1.083337,طَيِّبْ
