conf,end,start,word
0.643257,0.359851,0.03,عَلَيْهَا
0.995504,0.78,0.360207,تَنْظِيمُ
1.0,1.164968,0.78,ٱدَّوْلَةِ
