conf,end,start,word
0.315752,0.299236,0.0,أَنَّهُمْ
0.999073,0.42,0.310933,مِنْ
1.0,0.75,0.42,تَنْظِيمِ
1.0,1.160589,0.75,ٱدَّوْلَةِ
