conf,end,start,word
0.952335,0.300013,0.06,قَالَ
0.998605,0.81,0.330153,تَنْظِيمٌ
0.431932,1.07702,0.810028,إِنَّهُ
