conf,end,start,word
0.504162,0.780327,0.305148,لِتَنْظِيمِ
0.975847,1.091185,0.780327,ٱدَّوْلَةِ
