conf,end,start,word
0.519761,0.416469,0.03,حَامِي
0.994451,0.75,0.416469,تَنْظِيمِ
0.999775,1.037389,0.75,ٱدَّوْلَةِ
