conf,end,start,word
0.898303,0.418994,0.241502,عَنْ
1.0,0.78,0.418994,تَنْظِيمِ
0.588719,1.132659,0.78,ٱدَّوْلَةِ
