conf,end,start,word
0.735883,0.750041,0.185917,لِتَنْظِيمِ
0.997262,1.073203,0.750041,ٱدَّوْلَةِ
