conf,end,start,word
0.619451,0.78,0.36,تَنْظِيمُ
0.993564,1.050228,0.78,ٱدَّوْلَةِ
0.276042,1.14,1.050228,طَيِّبْ
