conf,end,start,word
0.300518,0.441629,0.03,ذَهَابُ
0.977103,0.75,0.441629,جَنُوبِ
1.0,1.138594,0.750687,ٱلْبِلَادِ
