conf,end,start,word
0.896364,0.72,0.36,جَنُوبَ
0.955286,1.160695,0.722704,ٱلْعَاصِمَةِ
