conf,end,start,word
0.892753,0.782605,0.343643,جَنُوبَ
0.373346,1.028548,0.81,غَرْبِيِّ
0.33385,1.17,1.028548,ٱصِّينِ
