conf,end,start,word
0.954385,0.39,0.03,مَوْتُ
0.999491,0.72,0.420015,جَنُوبَ
0.631085,1.001829,0.75,شَرْقِيِّ
0.194929,1.17,1.001829,ٱلْبِلَادِ
