conf,end,start,word
0.713584,0.39,0.03,وِلَايَةُ
0.721425,0.81,0.390087,جَنُوبِ
0.739565,1.169689,0.839264,كُرْدُفَانَ
