conf,end,start,word
0.866292,0.419974,0.03,كَارِي
0.999805,0.72,0.419974,جَنُوبَ
0.529458,0.990479,0.75,شَرْقِيِّ
0.15301,1.14,0.990479,ٱلْبِلَادِ
