conf,end,start,word
0.994198,0.48,0.030214,تَعِزَّ
0.989208,0.72,0.48,جَنُوبَ
1.0,1.14,0.720648,ٱلْيَمَنْ
