conf,end,start,word
0.999852,0.75,0.39,جَنُوبَ
0.837162,1.019777,0.78,شَرْقِيِّ
0.180152,1.17,1.019777,سُورِيَا
