conf,end,start,word
0.991548,0.419738,0.245762,فِي
1.0,0.75,0.419738,جَنُوبِ
1.0,1.131547,0.75,سُورِيَا
