conf,end,start,word
0.995865,0.42,0.09,دُوَلُ
1.0,0.72,0.42,جَنُوبِ
0.975858,1.019356,0.75,شَرْقِ
0.786493,1.17,1.05,آسِيَا
