conf,end,start,word
0.982255,0.78,0.39,جَنُوبَ
0.972537,1.134512,0.780075,مَدِينَةِ
