conf,end,start,word
0.954222,0.720668,0.420194,جَنُوبَ
0.922991,1.053384,0.720668,ٱلْعَاصِمَةِ
0.286934,1.17,1.053384,تُونِسَ
