conf,end,start,word
0.988272,0.69009,0.39,جَنُوبَ
0.996354,1.029074,0.690332,ٱلْعَاصِمَةِ
0.349524,1.17,1.029074,صَنْعَاءَ
