conf,end,start,word
0.99706,0.389969,0.18,فِي
1.0,0.78,0.389969,جَنُوبِ
0.750499,1.0215,0.81,غَرْبِ
0.387942,1.17,1.0215,لِيبْيَا
