conf,end,start,word
0.844423,0.78,0.33,جَنُوبَ
0.854674,1.135295,0.780966,ٱلْيَمَنْ
