conf,end,start,word
0.663364,0.446169,0.03,بَكْرٍ
0.994373,0.72,0.446169,جَنُوبَ
0.994373,1.137997,0.75,شَرْقِيٍّ
