conf,end,start,word
0.994595,0.78,0.33,جَنُوبَ
0.864573,1.019223,0.81,شَرْقِ
0.344025,1.14,1.02,آسِيَا
