conf,end,start,word
0.28246,0.483643,0.03,مُمْكِنٌ
0.426215,1.14,0.721015,دِمَشْقَ
