conf,end,start,word
0.906463,0.741793,0.395524,جَنُوبَ
0.675295,1.093727,0.752707,مَدِينَةِ
