conf,end,start,word
0.978277,0.42,0.03,عَدَنَ
0.566589,0.75,0.42,جَنُوبَ
0.871357,1.11,0.770894,ٱلْيَمَنْ
