conf,end,start,word
0.949162,0.36,0.03,مَنَاطِقُ
0.778141,0.75,0.39,جَنُوبِ
0.998371,1.167925,0.756667,تُرْكِيَا
