conf,end,start,word
0.994099,0.449835,0.24,فِي
1.0,0.69,0.449835,جَنُوبِ
1.0,1.109602,0.69,ٱلْمَدِينَةِ
