conf,end,start,word
0.269425,0.36,0.03,تُجَّارُ
0.944346,0.78,0.38512,جَنُوبِ
0.530874,1.002667,0.781613,بَيْتِ
0.252176,1.17,1.002667,ٱلْقَصِيدِ
