conf,end,start,word
0.809463,0.299359,0.03,حَاكِمٌ
0.998526,0.42,0.299359,فِي
1.0,0.708967,0.42,جَنُوبِ
0.632224,1.106094,0.72,أَفْرِيقْيَا
