conf,end,start,word
0.872193,0.41986,0.03,رَابِعَةٌ
0.55548,0.75,0.41986,جَنُوبَ
0.404204,1.14,0.79036,غَرْبٍ
