conf,end,start,word
0.903745,0.42,0.24082,مِنْ
1.0,0.75,0.42,جَنُوبِ
0.837154,0.988293,0.78,غَرْبِ
0.406987,1.17,0.99,ٱلْبِلَادِ
