conf,end,start,word
0.965173,0.778423,0.39,جَنُوبَ
0.941566,1.144879,0.780864,مَدِينَةِ
