conf,end,start,word
0.646035,0.36,0.0,أَبْيَنَ
0.812817,0.75,0.36,جَنُوبَ
0.984651,1.16628,0.786473,ٱلْيَمَنْ
