conf,end,start,word
0.497887,0.446162,0.03,قُرَى
1.0,0.72,0.446162,جَنُوبِ
1.0,1.138107,0.72,لُبْنَانَ
