conf,end,start,word
0.563913,0.782481,0.360397,جَنُوبَ
0.361476,1.13857,0.84,صَوْبٍ
