conf,end,start,word
0.988998,0.419931,0.21043,فِي
0.993926,0.75,0.419931,جَنُوبِ
1.0,1.11,0.78,حَلَبَ
