conf,end,start,word
0.93154,0.419544,0.0,ٱثِّقَةُ
0.995577,0.75,0.42,جَنُوبَ
0.780231,0.990207,0.78,غَرْبِ
0.373018,1.17,0.990207,ٱلْبِلَادِ
