conf,end,start,word
0.954701,0.45,0.03,عَدَنَ
0.881865,0.72,0.45,جَنُوبَ
0.996374,1.11,0.723862,ٱلْيَمَنْ
