conf,end,start,word
0.960262,0.419191,0.24,فِي
0.993902,0.69,0.419191,جَنُوبِ
1.0,1.17,0.78,دِمَشْقَ
