conf,end,start,word
0.999534,0.45,0.06942,عَدَنَ
0.976908,0.72,0.45,جَنُوبَ
0.99823,1.076656,0.720641,ٱلْيَمَنْ
