conf,end,start,word
0.998936,0.720047,0.390112,جَنُوبَ
0.664145,0.990951,0.75,شَرْقِ
0.28267,1.17,0.990951,تُرْكِيَا
