conf,end,start,word
0.547127,0.45,0.0,ٱدَّوْلَةُ
0.981481,0.723427,0.45,جَنُوبَ
0.781305,1.102104,0.723427,ٱلْقَاهِرَةِ
