conf,end,start,word
0.990276,0.75,0.390203,جَنُوبَ
0.561401,1.065572,0.81,شَرْقٍ
