conf,end,start,word
0.996964,0.775979,0.180747,جَنُوبَ
0.851424,1.103401,0.78,مَدِينَةِ
