conf,end,start,word
0.608771,0.419803,0.03,هُجُومُ
1.0,0.72,0.42012,جَنُوبِ
1.0,1.02,0.72,ٱشَّيْخِ
0.986802,1.17,1.05,زُوَيْدٍ
