conf,end,start,word
0.929491,0.44968,0.280177,فِي
0.920786,0.72,0.44968,جَنُوبِ
1.0,1.14,0.72,ٱلْمَوْصِلِ
