conf,end,start,word
1.0,0.441022,0.0,أَبْيَنَ
0.974939,0.72,0.458602,جَنُوبَ
1.0,1.108628,0.72016,ٱلْيَمَنْ
