conf,end,start,word
0.421765,0.384193,0.0,أَكْثَرُ
0.998438,0.69,0.408761,جَنُوبَ
1.0,1.11,0.690047,ٱلْبِلَادِ
