conf,end,start,word
0.352989,0.33,0.03,لِقَاءٌ
0.965472,0.72,0.351142,جَنُوبَ
1.0,1.17,0.721036,ٱلْعَاصِمَةِ
