conf,end,start,word
0.267687,0.329826,0.0,ٱلْمُعَارِضُ
0.998591,0.449987,0.329826,فِي
1.0,0.72,0.449987,جَنُوبِ
1.0,1.14,0.72,ٱسُّودَانِ
