conf,end,start,word
0.737116,0.39,0.03,جَابِرْ
0.965638,0.72,0.390066,جَنُوبَ
0.846601,1.094046,0.72094,مَدِينَةِ
