conf,end,start,word
0.844088,0.36,0.03,وَقَعُوا
0.976726,0.75,0.361077,جَنُوبَ
0.978605,1.103628,0.750357,مَدِينَةِ
