conf,end,start,word
0.42421,0.33,0.037476,إِلَى
0.983243,0.780118,0.36,جَنُوبِ
0.971155,1.139142,0.780118,ٱلْأُرْدُنِّ
