conf,end,start,word
1.0,0.78,0.36,جَنُوبَ
0.990417,1.080307,0.81,قِطَاعِ
0.94971,1.17,1.080307,غَزَّةَ
