conf,end,start,word
0.997109,0.42,0.27,فِي
1.0,0.747085,0.42,جَنُوبِ
0.871471,1.17,0.96,ٱسُّودَانِ
