conf,end,start,word
1.0,0.45,0.030346,عَدَنَ
0.896117,0.72,0.45,جَنُوبَ
0.99787,1.11,0.723059,ٱلْبِلَادِ
