conf,end,start,word
0.944606,0.42,0.03,جَرَى
0.932278,0.75,0.42,جَنُوبَ
0.991052,1.17,0.751441,ٱلْمَوْصِلِ
