conf,end,start,word
0.780136,0.72,0.445351,جَنُوبَ
0.994672,1.169788,0.724751,ٱلْبِلَادِ
