conf,end,start,word
0.972381,0.78,0.33,جَنُوبَ
0.617107,1.041584,0.81,شَرْقٍ
