conf,end,start,word
0.440318,0.120117,0.0,أَوْ
0.997372,0.75,0.36,جَنُوبَ
1.0,1.11,0.750079,ٱلْبِلَادِ
