conf,end,start,word
0.891369,0.449281,0.325423,فِي
0.951505,0.69976,0.449281,جَنُوبِ
0.494454,1.095431,0.69976,ٱلْمَوْصِلِ
