conf,end,start,word
0.366192,0.33006,0.03,مِصْرَ
0.811696,0.780098,0.380803,جَنُوبَ
0.856534,1.125511,0.781799,ٱلْعِرَاقِ
