conf,end,start,word
0.658297,0.39,0.03,هِيَ
0.997937,0.750055,0.39,جَنُوبَ
0.656498,1.149981,0.78,شَرْقِيٍّ
