conf,end,start,word
0.437404,0.417988,0.270662,فِي
1.0,0.75,0.417988,جَنُوبِ
1.0,1.14,0.75,ٱسُّودَانِ
