conf,end,start,word
0.988767,0.81,0.33011,جَنُوبَ
0.953896,1.16596,0.810114,مَدِينَةِ
