conf,end,start,word
0.70422,0.45,0.03,وَاقِعُ
0.98969,0.75,0.450208,جَنُوبِ
0.831713,1.079688,0.78,شَرْقٍ
