conf,end,start,word
0.342799,0.447548,0.06,ضَرْبَةٌ
0.456599,0.77321,0.447548,جَنُوبًا
0.973024,1.11,0.77321,تَايْوَانَ
