conf,end,start,word
0.996011,0.78,0.39,جَنُوبَ
0.756731,1.021187,0.81,غَرْبِيِّ
0.355861,1.17,1.021187,ٱصِّينِ
