conf,end,start,word
0.855897,0.449961,0.038174,فِي
0.998886,0.75,0.45,جَنُوبِ
0.99157,1.139797,0.75,ٱلْيَابَانِ
