conf,end,start,word
0.648507,0.444123,0.03,مَاتُوا
0.983438,0.75,0.444123,جَنُوبَ
0.686459,1.000297,0.78,شَرْقِ
0.232377,1.17,1.000297,ٱلْبِلَادِ
