conf,end,start,word
0.384397,0.389921,0.03,وَاقِعُ
0.477459,0.74669,0.42,جَنُوبِ
0.595337,1.14,0.758011,مَخْمُورًا
