conf,end,start,word
0.577539,0.601314,0.03,تَرَاجُعُ
0.526219,0.896205,0.601314,أُوبَامَا
