conf,end,start,word
0.977158,0.449446,0.242112,فِي
0.997084,0.753725,0.449446,جَنُوبِ
0.763757,1.14,0.753725,ٱلْمُحِيطِ
