conf,end,start,word
0.727217,0.389982,0.030444,دُوَلُ
0.988349,0.750237,0.39,جَنُوبِ
0.805908,1.008814,0.780411,شَرْقِ
0.216574,1.14,1.02,آسِيَا
