conf,end,start,word
0.974743,0.42,0.0,ٱلْقَاعِدَةُ
0.974504,0.72,0.420794,جَنُوبَ
0.999397,0.988589,0.721658,ٱلْيَمَنْ
0.453108,1.046388,0.988589,فِي
