conf,end,start,word
0.929284,0.36,0.03,يُونُسَ
0.972748,0.781176,0.39,جَنُوبَ
0.637842,1.14,0.781176,ٱلْقِطَاعِ
