conf,end,start,word
0.795657,0.78,0.390153,جَنُوبَ
0.501984,0.993512,0.809783,غَرْبِ
0.253868,1.17,0.993512,ٱلْبِلَادِ
