conf,end,start,word
0.779622,0.33,0.03,يُونُسَ
0.999492,0.78,0.354748,جَنُوبَ
0.991125,1.081595,0.81,قِطَاعِ
0.776528,1.17,1.081595,غَزَّةَ
