conf,end,start,word
0.866389,0.72,0.39,جَنُوبَ
0.698025,1.029189,0.78,شَرْقِ
0.217419,1.17,1.05,آسِيَا
