conf,end,start,word
0.96595,0.39,0.03,فِي
0.988649,0.78,0.42,جَنُوبِ
0.622983,1.17,0.96,ٱسُّودَانِ
