conf,end,start,word
0.620989,0.78,0.360235,جَنُوبَ
0.988243,1.14,0.810053,رَفَحَ
