conf,end,start,word
0.811499,0.805311,0.330299,جَنُوبًا
0.572475,1.145955,0.805311,مَدِينَةَ
