conf,end,start,word
0.371158,0.39,0.0,أَيَّامٌ
0.807864,0.807584,0.392837,جَنُوبَ
0.51079,1.17,0.807584,ٱلْعَصْرِ
