conf,end,start,word
0.71544,0.419841,0.03,غَنَا
0.998362,0.75,0.419841,جَنُوبَ
0.498919,1.021269,0.78,شَرْقِ
0.299653,1.17,1.021269,لِيبْيَا
