conf,end,start,word
1.0,0.42,0.03,فِي
1.0,0.750054,0.42,جَنُوبِ
0.727934,0.994407,0.78,غَرْبِ
0.370141,1.17,0.994407,ٱلْبِلَادِ
