conf,end,start,word
0.991193,0.389421,0.060274,عَلَى
0.565392,0.730357,0.389421,ٱلْجَنُوبِ
