conf,end,start,word
0.757854,0.42,0.06,رَافِي
1.0,0.75,0.421945,جَنُوبَ
0.948975,1.11,0.78,شَرْقٍ
