conf,end,start,word
0.887036,0.72,0.360769,جَنُوبَ
0.903318,1.090171,0.720477,تُرْكِيَا
