conf,end,start,word
1.0,0.42,0.03,فِي
0.961879,0.749972,0.42,جَنُوبٍ
0.999092,1.165085,0.752289,وَشَرْقٍ
