conf,end,start,word
0.377547,0.179681,0.0,أَوْ
1.0,0.78,0.36,جَنُوبَ
0.818494,1.00321,0.81,غَرْبِ
0.323657,1.17,1.00321,ٱلْبِلَادِ
