conf,end,start,word
0.302901,0.36,0.03,فَيَجِبُ
1.0,0.75,0.39,جَنُوبَ
0.735892,0.997136,0.78,غَرْبِ
0.386709,1.17,0.997136,ٱلْبِلَادِ
