conf,end,start,word
0.913416,0.42,0.0,أَسِيرٌ
1.0,0.75,0.42,جَنُوبَ
0.662068,0.99357,0.78,غَرْبِ
0.524624,1.17,0.99357,ٱلْبِلَادِ
