conf,end,start,word
0.48232,0.39,0.0,أَبْيَانَ
0.983466,0.72,0.391596,جَنُوبَ
1.0,1.102629,0.720496,ٱلْيَمَنْ
