conf,end,start,word
0.72601,0.79987,0.361643,جَنُوبُ
0.297647,1.166968,0.95424,ٱسُّودَانِ
