conf,end,start,word
0.941163,0.419367,0.03,سَيَّارَةٌ
0.883318,0.750085,0.419367,جَنُوبَ
0.910157,1.14,0.756113,ٱلْمَوْصِلِ
