conf,end,start,word
0.933849,0.42,0.030637,عَدَنَ
0.97566,0.72,0.42,جَنُوبَ
1.0,1.11,0.720654,ٱلْيَمَنْ
