conf,end,start,word
1.0,0.33,0.12,مِنْ
1.0,0.78,0.33,جِهَتِهِ
0.930533,1.003179,0.78,أَكَّدَ
0.556831,1.17,1.003179,ٱسِّيسِي
