conf,end,start,word
1.0,0.36,0.09,مِنْ
0.999809,0.780065,0.36,جِهَتِهِ
0.485486,0.968448,0.780065,دَعَا
0.212241,1.14,0.968448,ٱرَّئِيسُ
