conf,end,start,word
0.275191,0.51,0.21,فَاجَأَ
0.997944,0.93,0.735009,تَلَّ
0.990032,1.17,0.93,أَبِيبَ
