conf,end,start,word
0.996636,0.33,0.06,مِنْ
1.0,0.78,0.33,جِهَتِهِ
0.99126,0.996012,0.81,قَالَ
0.234432,1.072838,1.012038,لِي
