conf,end,start,word
0.998086,0.33,0.21,مِنْ
1.0,0.77982,0.33,جِهَتِهِ
0.606635,0.981033,0.78,دَانَ
