conf,end,start,word
1.0,0.42,0.03,يَرَى
0.991762,0.72,0.42,جَنُوبَ
0.839347,1.108326,0.720294,مَدِينَةِ
