conf,end,start,word
0.993158,0.36,0.21,مِنْ
0.999747,0.751523,0.36,جِهَتِهِ
0.38284,1.017313,0.751523,ٱتَّهَمَ
