conf,end,start,word
1.0,0.33,0.09,مِنْ
1.0,0.81,0.36,جِهَتِهِ
0.940942,1.022182,0.84,قَالَ
0.278767,1.081658,1.022182,لِي
