conf,end,start,word
0.986784,0.36,0.24,مِنْ
0.778038,0.74668,0.36,جِهَتِهِ
1.0,1.135516,0.74668,نَفَى
