conf,end,start,word
0.997389,0.42,0.27,مِنْ
0.98703,0.751292,0.42,جِهَتِهِ
0.280893,1.080084,0.78,طَالِبَانْ
