conf,end,start,word
0.991822,0.39,0.21,مِنْ
0.999147,0.780089,0.39,جِهَتِهِ
0.922231,0.99207,0.81,قَالَ
0.137944,1.074802,0.99207,لِي
