conf,end,start,word
0.868679,0.39,0.27,مِنْ
0.398749,0.72,0.39,جِهَتِهِ
0.737159,1.108748,0.737675,دَعَتْ
