conf,end,start,word
1.0,0.39,0.12,مِنْ
0.965563,0.75,0.39,جِهَتِهِ
0.973669,0.962697,0.78,قَالَ
0.11882,1.14,0.962697,ٱلْعَامَّةُ
