conf,end,start,word
0.995607,0.39,0.24,مِنْ
0.592755,0.743488,0.39,جِهَةٍ
0.932425,0.99,0.75,دَعَا
0.724125,1.17,0.99,ٱرَّئِيسُ
