conf,end,start,word
0.999056,0.39,0.24,مِنْ
0.743529,0.72,0.39,جِهَتِهِ
0.342368,1.078394,0.721905,حَضْرَتُكَ
