conf,end,start,word
1.0,0.39,0.24,مِنْ
0.86091,0.749752,0.39,جِهَتِهِ
0.190261,1.17,0.989815,ٱسِّيسِي
