conf,end,start,word
0.954001,0.39,0.24,مِنْ
0.998511,0.75,0.39,جِهَتِهِ
0.993355,0.98843,0.78,قَالَ
0.220898,1.17,0.99,ٱسِّيسِي
