conf,end,start,word
1.0,0.33,0.06,مِنْ
0.999955,0.780018,0.33,جِهَتِهِ
0.723102,1.019706,0.780018,دَعَا
