conf,end,start,word
0.9848,0.359697,0.15,مِنْ
0.52495,0.75045,0.359697,جِهَتِهِ
0.536687,0.994504,0.78,قَالَ
0.16523,1.16946,0.994504,ٱسِّيسِي
