conf,end,start,word
0.995045,0.36,0.18,مِنْ
0.506425,0.780818,0.36,جِهَتِهَا
0.455061,1.075579,0.81,قَالَتْ
