conf,end,start,word
0.953808,0.39,0.24,مِنْ
1.0,0.78,0.39,جِهَتِهِ
0.983035,0.988159,0.81,قَالَ
0.158661,1.075174,1.010116,لِي
