conf,end,start,word
0.760451,0.36,0.24,وَمِنْ
0.934615,0.75,0.36,جِهَتِهِ
1.0,0.990419,0.78,قَالَ
0.39222,1.17,0.990419,ٱرَّئِيسُ
