conf,end,start,word
0.984103,0.33,0.24,مِنْ
1.0,0.81,0.33,جِهَتِهِ
0.977865,1.158203,0.81,أَكَّدَ
