conf,end,start,word
0.897026,0.39,0.27,مِنْ
1.0,0.78,0.39,جِهَتِهِ
0.99294,0.991585,0.81,قَالَ
0.315331,1.17,0.991585,نَعَمْ
