conf,end,start,word
0.910073,0.39,0.24,مِنْ
0.999938,0.72,0.39,جِهَتِهِ
0.999657,0.960771,0.75,قَالَ
0.099209,1.17,0.960771,ٱلْمَوْتُ
