conf,end,start,word
1.0,0.39,0.27,مِنْ
0.612014,0.720099,0.39,جِهَتِهِ
0.470972,1.076618,0.744506,نَقَلَتْ
