conf,end,start,word
1.0,0.3,0.03,مِنْ
0.999617,0.7812,0.3,جِهَتِهِ
0.121934,1.105741,0.7812,وَصَفَهَا
