conf,end,start,word
0.994991,0.419962,0.3,مِنْ
1.0,0.779099,0.419962,جِهَتِهِ
0.377078,1.026728,0.78,تَامَّةٌ
