conf,end,start,word
1.0,0.39,0.15,مِنْ
0.90142,0.805326,0.39,جِهَتِهِ
0.73151,1.050177,0.81,أَكَّدَ
