conf,end,start,word
0.997837,0.42,0.27,مِنْ
0.771495,0.701149,0.42,جِهَةٍ
0.444836,0.901601,0.720609,دَعَا
0.483668,1.08,0.901601,ٱرَّئِيسُ
