conf,end,start,word
1.0,0.42,0.24,مِنْ
0.841655,0.77617,0.42,جِهَتِهَا
0.526116,1.08,0.77617,هَكَذَا
