conf,end,start,word
0.576672,0.36,0.24,وَمِنْ
0.768213,0.78,0.36,جِهَتِهِ
0.762174,1.003295,0.809814,قَالَ
