conf,end,start,word
1.0,0.42,0.27,مِنْ
0.920252,0.75,0.42,جِهَتِهِ
0.231847,1.133969,0.750527,رَحَّبَتْ
