conf,end,start,word
0.887196,0.33,0.24,مِنْ
0.518203,0.781846,0.33,جِهَتِهَا
0.480023,1.098332,0.81,قَالَتْ
