conf,end,start,word
0.834825,0.42,0.33,مِنْ
0.543325,0.72,0.42,جِهَةٍ
0.915097,0.931044,0.734541,قَالَ
0.795436,1.17,0.931044,وَزِيرٌ
