conf,end,start,word
1.0,0.36,0.15,مِنْ
0.944943,0.75,0.36,جِهَتِهِ
0.947944,1.024813,0.750318,ٱعْتَبَرَ
0.297512,1.08,1.024813,أَنَّ
