conf,end,start,word
0.989391,0.33,0.12,مِنْ
1.0,0.78,0.33,جِهَتِهِ
0.989041,0.992326,0.81,قَالَ
0.552846,1.17,0.992326,ٱسِّيسِي
