conf,end,start,word
0.984862,0.26987,0.03,مِنْ
1.0,0.87,0.26987,جِهَتِهِ
0.144188,1.17,0.93,بِاسِّلَاحِ
