conf,end,start,word
1.0,0.36,0.15,مِنْ
0.995688,0.75,0.36,جِهَتِهِ
0.927914,1.132683,0.78,شَدَّدَ
