conf,end,start,word
0.951882,0.36,0.21,مِنْ
0.997534,0.720482,0.36,جِهَتِهِ
0.977911,0.967962,0.75,قَالَ
0.295078,1.14,0.967962,ٱسِّيسِي
