conf,end,start,word
0.571314,0.36,0.24,وَمِنْ
0.999592,0.75,0.36,جِهَتِهِ
0.997523,1.020072,0.78,قَالَ
