conf,end,start,word
1.0,0.33,0.09,مِنْ
0.904283,0.809955,0.33,جِهَتِهِ
0.176722,1.169679,0.9,دَاعِشْ
