conf,end,start,word
0.998411,0.359981,0.09,مِنْ
1.0,0.75,0.359981,جِهَتِهِ
0.913312,0.963575,0.78,قَالَ
0.243546,1.097092,1.006133,لِي
