conf,end,start,word
0.992306,0.36,0.18,مِنْ
1.0,0.78,0.36,جِهَتِهِ
0.958534,0.991019,0.81,قَالَ
0.338675,1.083135,0.995491,لِي
