conf,end,start,word
1.0,0.36,0.09,مِنْ
0.999707,0.780992,0.36,جِهَتِهِ
0.127382,1.107823,0.780992,وَصَفَهَا
