conf,end,start,word
1.0,0.39,0.03,وَمِنْ
0.998193,0.75,0.39,جِهَتِهِ
0.998193,0.978224,0.78,قَالَ
