conf,end,start,word
1.0,0.36,0.09,مِنْ
0.990182,0.75,0.36,جِهَتِهِ
0.984537,1.047313,0.750073,أَكَّدَ
