conf,end,start,word
0.975181,0.33,0.15,مِنْ
0.995859,0.750033,0.33,جِهَتِهِ
0.949202,0.991798,0.78,قَالَ
0.204163,1.076984,0.993561,لِي
