conf,end,start,word
1.0,0.27,0.03,مِنْ
0.999329,0.81,0.3,جِهَتِهِ
0.94762,0.996508,0.84,قَالَ
0.363616,1.061832,1.000992,لِي
