conf,end,start,word
0.851811,0.39,0.18,وَمِنْ
0.998332,0.78,0.39,جِهَتِهِ
0.115813,1.102751,0.78,وَصَفَهَا
