conf,end,start,word
1.0,0.33,0.15,مِنْ
0.89107,0.75,0.33,جِهَةٍ
0.560481,1.103418,0.75,أُخْرَى
