conf,end,start,word
0.997644,0.39,0.24,مِنْ
0.588249,0.78,0.39,جِهَتِهِ
0.221648,1.167058,0.81,حَذِرَةٌ
