conf,end,start,word
0.723964,0.360112,0.03,شَرْقِيَّ
0.998024,0.81,0.39018,حَلَبَ
