conf,end,start,word
0.793942,0.20765,0.03,فِي
1.0,0.39,0.20765,رِيفِ
1.0,0.75,0.42,حَلَبَ
