conf,end,start,word
1.0,0.45,0.030261,مَدِينَةُ
1.0,0.750121,0.45,حَلَبَ
0.958133,0.965221,0.750121,لَمْ
