conf,end,start,word
0.996201,0.720094,0.45,حَلَبَ
0.710546,1.073033,0.720094,ٱشَّرْقِيَّةَ
