conf,end,start,word
0.987449,0.39,0.03,بِرِيفِ
0.999291,0.78,0.42,حَلَبَ
0.590007,0.899584,0.78,أَنَّ
0.097552,1.17,0.899584,ٱلْمَعَارِكَ
