conf,end,start,word
0.72558,0.383609,0.058143,فِي
0.270195,0.916114,0.663648,دَا
