conf,end,start,word
0.888266,0.33,0.03,فِي
0.928576,0.78,0.36,حَلَبَ
0.909104,1.138575,0.782133,نَفْسِهَا
