conf,end,start,word
0.451391,0.39,0.060641,رَامِي
0.952555,0.93,0.400299,حَلَبِي
