conf,end,start,word
0.97088,0.42,0.3,فِي
1.0,0.75,0.42,حَلَبَ
0.695928,1.139402,0.75,سِوَى
