conf,end,start,word
1.0,0.39,0.18,فِي
1.0,0.782261,0.39,حَلَبَ
0.712239,0.98992,0.782261,بَعْدَ
