conf,end,start,word
0.967264,0.20951,0.03,فِي
1.0,0.39,0.20951,رِيفِ
1.0,0.721139,0.42,حَلَبَ
0.423263,1.160201,0.721139,ٱنَّاشِطِينَ
