conf,end,start,word
0.436991,0.3,0.0,ٱلْجَزِيرَةُ
0.99571,0.42,0.3,فِي
0.996805,0.720847,0.42,حَلَبَ
0.758629,0.847733,0.720847,أَنَّ
