conf,end,start,word
0.837109,0.39,0.116722,رِيفِ
1.0,0.72,0.42,حَلَبَ
0.740043,1.138756,0.72,ٱشَّمَالِيِّ
