conf,end,start,word
0.969479,0.39,0.18,رِيفِ
1.0,0.750098,0.419919,حَلَبَ
0.993943,1.14,0.750098,ٱشَّمَالِيِّ
