conf,end,start,word
0.999216,0.748087,0.36,حَلَبَ
0.530561,1.119631,0.75,ٱتَّابِعَةُ
