conf,end,start,word
0.700803,0.39,0.03,جَنُوبَ
0.959537,0.75,0.427684,حَلَبَ
