conf,end,start,word
0.98867,0.209843,0.03,فِي
1.0,0.42,0.209843,رِيفِ
1.0,0.72,0.45,حَلَبَ
1.0,1.127729,0.72,ٱشَّمَالِيِّ
