conf,end,start,word
0.930911,0.750702,0.39,حَلَبَ
0.430045,1.135783,0.750702,وَمَدِينَةَ
