conf,end,start,word
0.992833,0.239884,0.03,فِي
1.0,0.42,0.239884,رِيفِ
1.0,0.72,0.45,حَلَبَ
0.619182,1.097997,0.72,لَكِنَّهُ
