conf,end,start,word
0.997508,0.42,0.24,فِي
0.996108,0.75,0.42,حَلَبَ
0.923498,0.913143,0.75,عَنْ
