conf,end,start,word
0.954365,0.42,0.280042,فِي
0.997808,0.75016,0.42,حَلَبَ
0.330068,0.9,0.75016,أَنَا
