conf,end,start,word
0.980239,0.42,0.240048,فِي
1.0,0.75,0.42,حَلَبَ
0.753701,0.939487,0.75,أَنَا
