conf,end,start,word
0.724482,0.418448,0.031955,نَأْتِي
1.0,0.78,0.418448,حَلَبَ
0.990149,1.17,0.78,وَرِيفَهَا
