conf,end,start,word
0.953544,0.3,0.075301,رِيفِ
1.0,0.84,0.329649,حَلَبَ
