conf,end,start,word
0.797011,0.090632,0.030697,فِي
0.9118,0.3,0.090632,رِيفِ
1.0,0.84,0.33,حَلَبَ
0.788987,1.17,0.9,ٱشَّمَالِيِّ
