conf,end,start,word
0.896756,0.36,0.03,خُصُوصًا
1.0,0.48,0.36,فِي
1.0,0.690204,0.48,حَلَبَ
0.57477,1.158268,0.690204,ٱشَّرْقِيِّ
