conf,end,start,word
0.287475,0.329761,0.0,أَمَّا
0.90323,0.45,0.329761,فِي
1.0,0.69,0.45,حَلَبَ
0.913576,0.900675,0.72,قَالَ
