conf,end,start,word
0.996487,0.42,0.3,فِي
1.0,0.72,0.42,حَلَبَ
0.850751,1.020796,0.72,وَرِيفِ
0.777844,1.17,1.020796,إِدْلِبَ
