conf,end,start,word
1.0,0.39,0.120338,رِيفِ
1.0,0.750128,0.42,حَلَبَ
0.901495,0.963822,0.750128,بَعْدَ
0.540529,1.14,0.963822,ٱلْفَاصِلِ
