conf,end,start,word
0.908394,0.39,0.03,بِرِيفِ
1.0,0.720023,0.42,حَلَبَ
0.959734,1.139732,0.720023,ٱلْغَرْبِيِّ
