conf,end,start,word
0.401471,0.386342,0.0,ٱشَّرْقِيِّ
0.998889,0.81,0.386342,حَلَبَ
