conf,end,start,word
0.978709,0.39,0.092654,رِيفِ
1.0,0.78,0.42,حَلَبَ
0.318926,0.961452,0.78,أَنَا
