conf,end,start,word
0.998584,0.39,0.122243,رِيفِ
1.0,0.767983,0.42,حَلَبَ
