conf,end,start,word
0.660859,0.39,0.21,فِي
1.0,0.75,0.39,حَلَبَ
0.43397,1.069612,0.78,قُتِلَ
