conf,end,start,word
0.704303,0.45,0.032931,بِرِيفِ
1.0,0.690019,0.48,حَلَبَ
0.999064,1.14,0.690019,ٱلْغَرْبِيِّ
