conf,end,start,word
0.791561,0.18,0.030828,فِي
0.669716,0.39,0.18,رِيفِ
0.717754,0.69147,0.417135,حَلَبَ
