conf,end,start,word
1.0,0.45,0.03,وَفِي
1.0,0.72,0.45,حَلَبَ
0.989306,0.931659,0.75,قَالَ
0.364544,1.17,0.931659,جِيفَارَا
