conf,end,start,word
0.294468,0.39,0.03,سَارِعْ
0.999678,0.75,0.419429,حَلَبَ
0.394664,1.154075,0.75,ٱلْقَدِيمَةَ
