conf,end,start,word
0.939261,0.359407,0.03,وَفِي
1.0,0.81,0.359407,حَلَبَ
