conf,end,start,word
0.926693,0.78,0.390183,حَلَبَ
0.588436,1.17,0.780355,ٱلْجَنُوبِيِّ
