conf,end,start,word
0.954888,0.44767,0.040357,فِي
1.0,0.750049,0.44767,حَلَبَ
0.875289,1.16032,0.750049,ٱشَّرْقِيِّ
