conf,end,start,word
0.775206,0.42,0.03,شَرْقِيَّ
1.0,0.750557,0.42,حَلَبَ
0.854453,1.035164,0.750557,بَعْدَ
