conf,end,start,word
1.0,0.45,0.031698,فِي
1.0,0.78,0.45,حَلَبَ
0.37462,1.168158,1.019079,فِيهَا
