conf,end,start,word
0.772709,0.237029,0.030709,فِي
0.967412,0.45,0.237029,رِيفِ
1.0,0.72,0.48,حَلَبَ
1.0,1.17,0.72,ٱلْجَنُوبِيِّ
