conf,end,start,word
0.954872,0.209947,0.0,أَوْ
0.95705,0.27,0.209947,فِي
1.0,0.45,0.271288,رِيفِ
1.0,0.72,0.48,حَلَبَ
1.0,1.139583,0.72,ٱلْجَنُوبِيِّ
