conf,end,start,word
0.958296,0.479115,0.0,أَكَّدَ
0.969056,0.689854,0.479115,دُونَالْدْ
0.96408,0.96,0.689854,تْرَامْبْ
