conf,end,start,word
0.57494,0.389937,0.03,كِي
1.0,0.72,0.389937,دُونَالْدْ
0.853292,1.11,0.72,تْرَامْبْ
