conf,end,start,word
0.591023,0.41327,0.0,أَمِيرِيكِيٌّ
0.992738,0.72,0.42177,دُونَالْدْ
0.99663,1.017239,0.72,تْرَامْبْ
