conf,end,start,word
0.280254,0.469581,0.0,ٱلْأَمِيرِيكِيُّونَ
0.990019,0.72,0.469581,دُونَالْدْ
0.961261,0.965161,0.72,تْرَامْبْ
