conf,end,start,word
0.592786,0.45,0.000623,أُرِيدُ
0.910222,0.57,0.45024,أَنْ
0.629909,0.69,0.57,أَقُولَ
0.863233,1.08,0.690384,تْرَامْبْ
