conf,end,start,word
0.944486,0.820817,0.3,دُونَالْدْ
0.242335,1.17,0.841019,بُوتِينْ
