conf,end,start,word
0.747558,0.42,0.0,ٱلْجُمْهُورِيَّةُ
0.95804,0.749456,0.420107,دُونَالْدْ
0.971752,1.14,0.749456,تْرَامْبْ
