conf,end,start,word
0.975411,0.362671,0.0,أَكَّدَ
0.912311,0.78,0.362671,دُونَالْدْ
0.704335,1.11,0.78,تْرَامْبْ
