conf,end,start,word
0.818102,0.419719,0.0,ٱخْتِفَاءُ
0.832965,0.723555,0.42,رَئِيسِ
0.369707,1.139528,0.723555,ٱلْإِنْتِرْبُولْ
