conf,end,start,word
1.0,0.39,0.12,هُوَ
1.0,0.72,0.39,رَئِيسُ
0.985755,1.026001,0.72,فَرِيقٍ
0.378385,1.17,1.026001,سِيَاسِيٍّ
