conf,end,start,word
1.0,0.45,0.03,نَائِبُ
1.0,0.72,0.45,رَئِيسِ
0.959822,0.979569,0.72,مَجْلِسِ
0.462509,1.14,0.979569,ٱنُّوَّابِ
