conf,end,start,word
0.982265,0.39,0.15,قَالَ
1.0,0.69,0.419893,رَئِيسُ
1.0,0.994094,0.69,ٱلْوُزَرَاءِ
0.313822,1.17,0.994094,ٱسِّيسِي
