conf,end,start,word
1.0,0.36,0.03,قَالَ
0.990569,0.72,0.36,رَئِيسُ
0.367253,0.997811,0.72,مَجْلِسِ
0.158215,1.17,0.997811,ٱنُّوَّابِ
