conf,end,start,word
0.990357,0.72,0.42,رَئِيسُ
1.0,0.97519,0.720296,هَيْئَةِ
0.568559,1.17,0.97519,ٱلْأَرْكَانِ
