conf,end,start,word
0.97077,0.45,0.0,ٱلْهَارُونِي
0.983202,0.719607,0.45,رَئِيسُ
0.976892,0.959635,0.72,مَجْلِسِ
0.463211,1.14,0.96,ٱشُّورَى
