conf,end,start,word
0.939758,0.39,0.0,أَمَّا
1.0,0.750281,0.42,رَئِيسُ
0.982657,1.138675,0.750281,ٱلْحُكُومَةِ
