conf,end,start,word
0.90107,0.42,0.03,وَوَصَفَ
0.981282,0.720033,0.45,رَئِيسُ
0.978644,1.080644,0.720402,لَجْنَةٍ
