conf,end,start,word
0.328948,0.36,0.0,ٱلَّتِي
0.755125,0.779277,0.360866,رَئِيسَيْ
0.294412,1.17,0.78,بَرْلَمَانَيْنِ
