conf,end,start,word
0.231819,0.410216,0.03,فِعْلِيًّا
0.489689,0.75,0.410216,رَئِيسًا
