conf,end,start,word
0.995992,0.39,0.03,مَعَ
0.945219,0.78,0.39,رَئِيسِ
0.563345,1.159414,0.78,ٱلْمَجْلِسِ
