conf,end,start,word
0.897647,0.42,0.240216,مَعَ
1.0,0.72,0.423071,رَئِيسِ
1.0,1.105881,0.72,هَيْئَةٍ
