conf,end,start,word
0.990642,0.42,0.0,ٱسَّلَامُ
1.0,0.72,0.420281,رَئِيسُ
1.0,0.99106,0.72,وَفْدِ
0.724425,1.17,0.99106,ٱلْحِوَارِ
