conf,end,start,word
1.0,0.42,0.21,قَالَ
0.986619,0.69,0.42,رَئِيسُ
0.990678,0.960177,0.69,وَفْدٍ
0.989349,1.17,0.960177,إِيرَانِيٍّ
