conf,end,start,word
0.518858,0.441143,0.0,أَنَا
0.943444,0.720029,0.441143,رَئِيسُ
0.799097,1.14,0.720029,ٱلْمُوسَادِ
