conf,end,start,word
0.851777,0.690044,0.042034,ٱرَّئِيسُ
0.955935,1.17,0.690044,ٱلْبَرَازِيلِيُّ
