conf,end,start,word
0.748735,0.39,0.03,وَقَالَ
0.978803,0.721501,0.397447,رَئِيسُ
0.808968,1.17,0.721501,ٱلْمُفَوَّضِيَّةِ
