conf,end,start,word
0.996841,0.419953,0.15,أَعْلَنَ
1.0,0.69,0.419953,رَئِيسُ
1.0,0.96452,0.69,ٱلْوُزَرَاءِ
0.510368,1.17,0.96452,ٱلْعِرَاقِيِّ
