conf,end,start,word
1.0,0.39,0.0,أَنَّ
0.994585,0.719318,0.39,رَئِيسَ
0.502358,1.073411,0.720323,وُزَرَاءٍ
