conf,end,start,word
0.845266,0.420749,0.03,وَأَضَافَ
0.685949,0.72,0.420749,ٱرَّئِيسُ
