conf,end,start,word
0.346993,0.37911,0.0,أَنَّ
0.841544,0.750011,0.39,رَئِيسَ
0.865978,1.17,0.750011,ٱلْمَكْتَبِ
