conf,end,start,word
0.399933,0.416684,0.03,إِمَّا
0.965998,0.75,0.416684,رَئِيسٌ
