conf,end,start,word
0.938555,0.42,0.03,نِيَّةُ
1.0,0.750056,0.42,رَئِيسِ
0.987319,1.104267,0.750056,ٱتَّيَّارِ
