conf,end,start,word
0.585923,0.42,0.03,وَقَالَ
0.968872,0.75,0.423557,رَئِيسُ
1.0,1.159968,0.75,ٱلْوُزَرَاءِ
