conf,end,start,word
0.406016,0.447602,0.03,شِدَّةُ
0.985215,0.72,0.447602,رَئِيسِ
0.999419,1.103395,0.720426,ٱلَّجْنَةِ
