conf,end,start,word
0.842844,0.33,0.03,نَائِبُ
0.58785,0.862095,0.331002,رَئِيسِهِ
