conf,end,start,word
0.514094,0.327901,0.0,أَوَّلُ
0.682806,0.75,0.327901,رَئِيسِ
0.63711,1.14,0.81,وُزَرَاءٍ
