conf,end,start,word
0.474554,0.45,0.03,قَرَارُ
0.998005,0.75,0.45,رَئِيسِ
0.921497,1.121133,0.78,دُونَالْدْ
