conf,end,start,word
0.954423,0.449141,0.0,أَجْرَاهَا
0.985179,0.690041,0.449141,رَئِيسُ
0.983042,1.085992,0.690041,ٱلْوُزَرَاءِ
