conf,end,start,word
0.473691,0.268649,0.03,فِيهِ
0.904701,0.42,0.268649,مَعَ
1.0,0.66,0.42,رَئِيسِ
1.0,0.964028,0.66,ٱلْوُزَرَاءِ
0.53585,1.17,0.964028,ٱلْعِرَاقِيِّ
