conf,end,start,word
0.579136,0.36,0.06,طَالَبَ
1.0,0.720054,0.39,رَئِيسُ
0.996896,1.17,0.720054,ٱلْمَجْلِسِ
