conf,end,start,word
1.0,0.39,0.03,وَكَانَ
0.97465,0.690094,0.39,رَئِيسُ
0.969201,1.073433,0.690094,ٱلْوُزَرَاءِ
