conf,end,start,word
0.897771,0.42,0.21,دَعَا
0.994726,0.69,0.42,رَئِيسُ
0.987512,1.163625,0.69,ٱلْبَرْلَمَانِ
