conf,end,start,word
0.434859,0.751392,0.39,رَئِيسُ
0.435487,1.14,0.756049,مَاتُوزُوفْ
