conf,end,start,word
0.841822,0.751521,0.36,رَئِيسُ
0.738403,1.021367,0.751521,كُورِيَا
0.065726,1.17,1.021367,أَثْنَاءَ
