conf,end,start,word
0.789396,0.45,0.03,بْرَايَانْ
0.998397,0.693477,0.45,رَئِيسُ
0.783766,0.965901,0.693477,ٱلْمَكْتَبِ
0.485131,1.17,0.965901,ٱسِّيَاسِيِّ
