conf,end,start,word
1.0,0.39,0.03,مَعَ
0.994106,0.750784,0.42,رَئِيسِ
0.873632,1.126289,0.750784,ٱلْمَكْتَبِ
