conf,end,start,word
0.797754,0.419793,0.0,أَقَالَ
0.993039,0.69,0.42,رَئِيسُ
0.92775,0.988828,0.69,مَجْلِسِ
0.312981,1.17,0.99,ٱنُّوَّابِ
