conf,end,start,word
0.974993,0.45,0.03,وَقَّعَ
0.492304,0.72,0.45,رَئِيسُ
0.891379,1.14,0.733716,كُولُومْبِيَا
