conf,end,start,word
0.509544,0.291606,0.0,ٱلَّتِي
0.973413,0.45,0.291606,مَعَ
1.0,0.69,0.450304,رَئِيسِ
0.995205,1.04307,0.69,ٱلْوُزَرَاءِ
