conf,end,start,word
1.0,0.418848,0.0,أَعْلَنَ
0.961614,0.750844,0.42,رَئِيسُ
0.901397,1.102925,0.750844,ٱلْحُكُومَةِ
