conf,end,start,word
0.996171,0.42,0.03,نَائِبُ
1.0,0.690458,0.42,رَئِيسِ
0.974045,1.077421,0.690458,ٱلْمَجْلِسِ
