conf,end,start,word
1.0,0.42,0.03,فِيهِ
0.987308,0.691574,0.42,رَئِيسُ
0.895508,1.09228,0.691574,ٱلْحُكُومَةِ
