conf,end,start,word
0.840553,0.42001,0.03,قَالَ
0.924548,0.72,0.42001,رَئِيسُ
0.581822,1.14,0.78,ٱلْمَجْلِسِ
