conf,end,start,word
1.0,0.42,0.18,قَالَ
0.946421,0.69,0.42,رَئِيسُ
0.712826,1.105188,0.780176,ٱلْمَجْلِسِ
