conf,end,start,word
1.0,0.421216,0.03,نَائِبُ
0.906363,0.72,0.421216,رَئِيسِ
0.82191,1.0864,0.720646,مَجْلِسٍ
