conf,end,start,word
0.283905,0.36,0.03,صَلَاحْ
0.864192,0.749053,0.39,رَئِيسُ
0.991591,1.097508,0.758534,مَالِي
