conf,end,start,word
1.0,0.750034,0.36,رَئِيسُ
0.912661,1.167688,0.750034,ٱلْحَرَكَةِ
