conf,end,start,word
0.335415,0.42,0.0,أَقَالَ
0.997334,0.75,0.42,رَئِيسُ
0.992924,1.137738,0.75,ٱلْوُزَرَاءِ
