conf,end,start,word
1.0,0.39,0.0,أَجْرَى
0.700735,0.72,0.39,رَئِيسُ
0.949399,0.964489,0.743284,هَيْئَةِ
0.496251,1.17,0.964489,ٱلْأَرْكَانِ
