conf,end,start,word
1.0,0.45,0.03,نَائِبُ
0.997409,0.720396,0.45,رَئِيسِ
0.793287,1.135148,0.720396,ٱلْإِمَارَاتِ
