conf,end,start,word
1.0,0.39,0.0,أَكَّدَ
0.997315,0.750155,0.39,رَئِيسُ
0.889348,1.023888,0.750155,إِقْلِيمِ
0.292058,1.17,1.023888,أَزَوَادْ
