conf,end,start,word
0.431942,0.42,0.03,لِقَائِهِ
0.957582,0.720065,0.423836,رَئِيسَ
0.953,0.962627,0.720065,ٱلْأَمْنِ
0.652212,1.14,0.962627,ٱلْوَطَنِيِّ
