conf,end,start,word
0.998843,0.42,0.03,نَائِبُ
0.999249,0.75,0.42,رَئِيسِ
0.944748,1.049885,0.75,مَجْلِسٍ
