conf,end,start,word
0.97037,0.390958,0.03,حَذَّرَ
0.937817,0.774268,0.390958,رَئِيسٌ
