conf,end,start,word
0.334057,0.467502,0.03,حُقُوقُ
0.920609,0.72,0.467502,رَئِيسِ
0.960644,1.108109,0.720053,ٱلْوُزَرَاءِ
