conf,end,start,word
0.595493,0.433452,0.03,لِصَالِحِ
0.672903,0.75,0.443415,رَئِيسِ
0.688368,1.031529,0.751399,مَجْلِسٍ
