conf,end,start,word
0.920451,0.478815,0.03,مَوْقِفُهَا
0.993532,0.69,0.478815,رَئِيسُ
1.0,1.10812,0.69,ٱلْوُزَرَاءِ
