conf,end,start,word
0.622979,0.36,0.03,عَشْرُ
1.0,0.75,0.391144,شَخْصٍ
0.928619,1.109626,0.78,قُتِلُوا
