conf,end,start,word
0.990797,0.39,0.03,شَهِدَ
0.974544,0.751364,0.390196,رَئِيسُ
0.844326,1.075435,0.751364,ٱلْحُكُومَةِ
