conf,end,start,word
0.923414,0.36,0.00183,أَنَّ
1.0,0.750185,0.36,شَخْصًا
0.515196,1.164948,0.78,قُتِلُوا
