conf,end,start,word
0.984536,0.809918,0.389581,شَخْصًا
0.978332,0.982163,0.809918,مِنْ
