conf,end,start,word
0.733166,0.36,0.03,عَشْرُ
0.999358,0.748132,0.390217,شَخْصٍ
0.933158,0.869886,0.75,فِي
