conf,end,start,word
0.870575,0.78,0.343651,شَخْصًا
0.811236,1.076274,0.81,عَلَى
