conf,end,start,word
0.837648,0.36,0.03,عَشْرُ
1.0,0.78,0.39,شَخْصٍ
0.983648,1.137955,0.81,قُتِلُوا
