conf,end,start,word
0.570506,0.36,0.03,عَشْرُ
1.0,0.78,0.39,شَخْصٍ
0.991302,1.135611,0.81,قُتِلُوا
