conf,end,start,word
0.689926,0.36,0.03,عَشْرُ
1.0,0.78,0.39,شَخْصٍ
0.970422,1.144552,0.81,قُتِلُوا
