conf,end,start,word
0.773621,0.36,0.03,عَشْرُ
1.0,0.78,0.39,شَخْصٍ
0.993136,1.169514,0.81,قُتِلُوا
