conf,end,start,word
0.537971,0.39,0.03,عَشْرُ
1.0,0.78,0.419889,شَخْصٍ
0.994583,1.075294,0.78,بَيْنَهُمْ
