conf,end,start,word
0.635663,0.3,0.03,عَشْرُ
1.0,0.81,0.323371,شَخْصٍ
0.393369,1.17,0.81,لَقَدْ
