conf,end,start,word
0.998178,0.810476,0.33,شَخْصًا
0.749076,1.16977,0.84,قُتِلُوا
