conf,end,start,word
0.456667,0.36,0.03,وَعِشْرِينَ
0.998396,0.78,0.389978,شَخْصًا
0.950311,1.168353,0.78,وَإِصَابَةُ
