conf,end,start,word
0.813522,0.36,0.056766,شَخْصًا
1.0,0.78,0.389768,قُتِلُوا
1.0,1.139518,0.81,قتلوا
