conf,end,start,word
0.939026,0.36,0.03,عَشْرُ
1.0,0.78,0.39,شَخْصٍ
0.986392,0.991082,0.78,عَلَى
0.788357,1.169529,0.991082,ٱلْأَقَلِّ
