conf,end,start,word
0.981997,0.36,0.03,عَشْرُ
1.0,0.75,0.39,شَخْصٍ
0.996563,1.109824,0.78,قُتِلُوا
