conf,end,start,word
0.816996,0.39,0.0,أَرْبَعِينَ
0.987874,0.78,0.390807,شَخْصًا
0.881573,1.02089,0.78,دَاخِلَ
0.152265,1.17,1.02089,لِيبْيَا
