conf,end,start,word
0.49314,0.36,0.03,خَمْسِينَ
1.0,0.78,0.39,شَخْصًا
0.999223,0.93,0.78,عَلَى
0.983708,1.164248,0.93,ٱلْأَقَلِّ
