conf,end,start,word
0.769151,0.36,0.03,عَشْرُ
1.0,0.78,0.388825,شَخْصٍ
0.987159,1.169805,0.81,قُتِلُوا
