conf,end,start,word
0.221885,0.39,0.03,مَاشِينَا
0.989871,0.78,0.390358,شَخْصًا
0.984347,1.167702,0.78,بَيْنَهُمْ
