conf,end,start,word
0.673045,0.36,0.03,عَشَرَةُ
1.0,0.777447,0.39,شَخْصٍ
0.913635,0.9,0.78,فِي
0.338142,1.136625,0.9,عَدَنَ
