conf,end,start,word
0.401312,0.387713,0.03,فِينَا
0.99976,0.810319,0.387713,شَخْصًا
0.941616,1.139673,0.810319,مُعْظَمُهُمْ
