conf,end,start,word
0.913845,0.36,0.03,عَشْرُ
1.0,0.750057,0.39,شَخْصٍ
0.990421,1.16662,0.750057,مُعْظَمُهُمْ
