conf,end,start,word
0.854292,0.33,0.06,ثَلَاثِينَ
1.0,0.81,0.36,شَخْصًا
0.99394,0.990169,0.81,عَلَى
0.838148,1.14,0.990169,ٱلْأَقَلِّ
