conf,end,start,word
0.258942,0.33,0.0,ٱشَّيْءُ
0.994353,0.78,0.360137,شَخْصًا
0.996531,0.869813,0.78,فِي
0.885454,1.17,0.87,ٱشْتِبَاكَاتٍ
