conf,end,start,word
0.971829,0.39,0.03,عِشْرُونَ
1.0,0.780022,0.419751,شَخْصًا
0.998023,0.99,0.780022,عَلَى
0.906056,1.14,0.99,ٱلْأَقَلِّ
