conf,end,start,word
0.888757,0.33,0.03,عَشْرُ
1.0,0.839518,0.36,شَخْصٍ
0.964017,1.160197,0.84,بَيْنَهُمْ
