conf,end,start,word
0.998621,0.75,0.39,شَخْصًا
0.999215,0.959204,0.75,عَلَى
0.990124,1.166083,0.959472,ٱلْأَقَلِّ
