conf,end,start,word
0.841331,0.33,0.03,عَشْرُ
1.0,0.75,0.36139,شَخْصٍ
0.985279,1.154635,0.78,قُتِلُوا
