conf,end,start,word
0.996011,0.36,0.03,ثَلَاثِينَ
1.0,0.78,0.39,شَخْصًا
0.992304,0.901418,0.78,فِي
0.882414,1.16956,0.901418,حَلَبَ
