conf,end,start,word
0.745951,0.363003,0.03,خَمْسِينَ
0.999847,0.779404,0.419942,شَخْصًا
0.978167,1.089792,0.78,وَأُصِيبَ
