conf,end,start,word
0.840859,0.36,0.03,عَشْرُ
1.0,0.78,0.39,شَخْصٍ
0.989069,1.109601,0.81,قُتِلُوا
