conf,end,start,word
0.580207,0.36,0.037188,شَخْصًا
1.0,0.78,0.389917,قُتِلُوا
0.987863,1.137026,0.81,قتلوا
