conf,end,start,word
0.99506,0.779878,0.343387,شَخْصًا
0.503493,1.112265,0.78,أُصِيبَ
