conf,end,start,word
0.846642,0.33,0.03,عَشْرُ
1.0,0.78,0.36,شَخْصٍ
0.918524,0.932772,0.78,فِي
