conf,end,start,word
0.687996,0.36,0.033277,شَخْصًا
0.997578,0.78,0.39,قُتِلُوا
0.992788,1.132862,0.81,قتلوا
