conf,end,start,word
0.276453,0.36,0.0,أَرْبَعِينَ
0.993257,0.81,0.39,شَخْصًا
0.989534,0.93,0.81,فِي
0.437739,1.17,0.93,ٱلْوِلَايَةِ
