conf,end,start,word
0.663073,0.36,0.03,عَشْرُ
1.0,0.809943,0.39,شَخْصٍ
0.905702,0.989923,0.810062,عَلَى
0.619889,1.14,0.99,ٱلْأَقَلِّ
