conf,end,start,word
0.896781,0.36,0.03,عَشْرُ
1.0,0.78,0.39,شَخْصٍ
0.987887,1.139732,0.81,قُتِلُوا
