conf,end,start,word
0.856897,0.36,0.0,أَنَّ
0.995608,0.75,0.387964,شَخْصًا
0.974181,1.165936,0.75,يَرْتَدِي
