conf,end,start,word
0.771458,0.36,0.03,ثَلَاثِينَ
1.0,0.78,0.39,شَخْصًا
0.982644,0.991114,0.78,عَلَى
0.712066,1.14,0.991114,ٱلْأَقَلِّ
