conf,end,start,word
1.0,0.839167,0.05175,شَخْصًا
0.966694,1.110074,0.84,بَيْنَهُمْ
