conf,end,start,word
0.936907,0.36,0.03,عَشْرُ
1.0,0.80983,0.39,شَخْصٍ
0.959096,1.156583,0.81,بَيْنَهُمْ
