conf,end,start,word
0.61161,0.33,0.031757,شَخْصًا
1.0,0.78,0.359849,قُتِلُوا
0.995789,1.17,0.81,قتلوا
