conf,end,start,word
0.811972,0.36,0.03,عَشْرُ
1.0,0.809372,0.39,شَخْصٍ
0.979056,0.992082,0.81,عَلَى
0.711641,1.14,0.992082,ٱلْأَقَلِّ
