conf,end,start,word
0.593771,0.39,0.03,عَشْرُ
1.0,0.78,0.42,شَخْصٍ
0.985198,1.138886,0.81,قُتِلُوا
