conf,end,start,word
0.640456,0.407519,0.03,فِينَا
0.984795,0.78,0.407519,شَخْصًا
0.788536,1.169713,0.81,قُتِلُوا
