conf,end,start,word
0.24577,0.33,0.03,بِعَيْنِ
0.999592,0.81,0.36343,شَخْصٍ
0.822798,1.137415,0.84,قُتِلُوا
