conf,end,start,word
0.510505,0.353956,0.03,فِينَا
0.864612,0.84,0.373109,شَخْصًا
