conf,end,start,word
0.706437,0.33,0.034171,شَخْصًا
1.0,0.782397,0.357888,قُتِلُوا
0.729996,1.14,0.81,قتلوا
