conf,end,start,word
1.0,0.84,0.302004,شَخْصًا
0.927348,0.991151,0.84,فِي
0.185611,1.17,0.991151,حَلَبَ
