conf,end,start,word
0.868766,0.33,0.03,عَشْرُ
1.0,0.81,0.36,شَخْصٍ
0.998403,0.990116,0.81,عَلَى
0.976252,1.17,0.990116,ٱلْأَقَلِّ
