conf,end,start,word
0.77669,0.3,0.03,عِشْرُونَ
0.999926,0.811321,0.33,شَخْصًا
0.30273,1.103383,0.811321,مِصْرَ
