conf,end,start,word
0.68309,0.39,0.030341,سَيْنَاءَ
0.91481,0.809946,0.42,شَخْصًا
0.914366,0.900576,0.809946,فِي
0.861772,1.17,0.900576,ٱنْفِجَارٍ
