conf,end,start,word
0.927196,0.36,0.002382,أَكُونُ
1.0,0.78,0.39,شَخْصًا
1.0,0.96,0.78,عَلَى
0.996382,1.166569,0.96,ٱلْأَقَلِّ
