conf,end,start,word
0.53169,0.27,0.031279,شَخْصًا
1.0,0.81,0.279085,شخصا
