conf,end,start,word
0.814422,0.36,0.03,عَشْرُ
1.0,0.75,0.39,شَخْصٍ
0.991208,1.109247,0.78,قُتِلُوا
