conf,end,start,word
0.796952,0.36,0.03,عَشْرُ
1.0,0.78,0.39,شَخْصٍ
0.998939,0.99,0.78,عَلَى
0.885227,1.14,0.99,ٱلْأَقَلِّ
