conf,end,start,word
0.983862,0.779778,0.315269,شَخْصًا
0.976586,0.869957,0.78,فِي
0.847149,1.17,0.87,ٱشْتِبَاكٍ
