conf,end,start,word
0.299991,0.3,0.0,أَرْبَعِينَ
0.999882,0.8101,0.325864,شَخْصًا
0.373564,1.169698,0.8101,يُشَكِّلُونَ
