conf,end,start,word
0.994254,0.39,0.03,سِتُّونَ
1.0,0.750045,0.42,شَخْصًا
0.559755,1.156684,0.750045,مَصْرَعَهُمْ
