conf,end,start,word
0.437896,0.292811,0.03,عَشْرُ
1.0,0.81,0.292811,شَخْصٍ
