conf,end,start,word
0.936599,0.33,0.071374,شَخْصًا
1.0,0.84,0.359855,قُتِلُوا
0.960015,1.17,0.87,قتلوا
