conf,end,start,word
0.611657,0.36,0.03,عَشْرُ
1.0,0.81,0.399342,شَخْصٍ
0.981383,1.14,0.84,قُتِلُوا
