conf,end,start,word
0.772375,0.328931,0.03,بِأَنَّ
0.988309,0.809262,0.36,شَخْصًا
0.379438,1.162196,0.84,قُتِلُوا
