conf,end,start,word
1.0,0.330907,0.03,قُتِلَ
0.657166,0.36,0.330907,شَخْصٌ
1.0,0.81,0.379715,وَأُصِيبَ
1.0,1.138527,0.81,وأصيب
