conf,end,start,word
0.997047,0.358125,0.0,أَنَّ
1.0,0.75,0.39,شَخْصًا
0.908223,1.103854,0.78,قُتِلُوا
