conf,end,start,word
0.577236,0.36,0.03,عَشْرُ
0.94302,0.7807,0.36,شَخْصٍ
0.911511,0.928564,0.7807,مِنْ
0.166442,1.139802,0.928564,بَيْنِهِمْ
