conf,end,start,word
0.753339,0.80433,0.344188,شَخْصًا
0.398963,1.14,0.81,سَقَطَ
