conf,end,start,word
0.775847,0.27,0.039156,شَخْصًا
1.0,0.9,0.294937,شخصا
