conf,end,start,word
0.919786,0.36,0.03,عَشْرُ
1.0,0.750038,0.39,شَخْصٍ
0.99537,1.046212,0.750038,وَأُصِيبَ
