conf,end,start,word
0.989517,0.809967,0.36072,شَخْصًا
0.98499,0.99111,0.809967,مِنْ
0.221869,1.17,0.99111,نَابْلُسَ
