conf,end,start,word
0.402802,0.36,0.03,ثَلَاثِينَ
1.0,0.78,0.372955,شَخْصًا
0.990751,1.169782,0.81,قُتِلُوا
