conf,end,start,word
0.730376,0.75,0.337908,شَمَالِ
0.804534,0.930072,0.75,عَبْدِ
0.764539,1.17,0.930072,ٱلْعَزِيزِ
