conf,end,start,word
0.603542,0.357142,0.242352,فِي
1.0,0.72,0.357142,شَمَالِ
1.0,1.109578,0.72,سُورِيَا
