conf,end,start,word
0.675423,0.418345,0.0,أَثَارَ
1.0,0.75,0.418345,شَمَالَ
0.634987,0.990405,0.78,غَرْبِ
0.353863,1.17,0.990405,ٱلْبِلَادِ
