conf,end,start,word
0.695837,0.42,0.03,عِشْرُونَ
0.97248,0.75,0.42,شَخْصًا
0.920936,1.059306,0.75,وَأُصِيبَ
