conf,end,start,word
0.670364,0.36,0.03,وَعِشْرِينَ
1.0,0.78,0.387593,شَخْصًا
0.996331,1.139524,0.81,قُتِلُوا
