conf,end,start,word
1.0,0.749539,0.39,شَمَالَ
0.704756,0.999324,0.75,شَرْقِيِّ
0.383396,1.17,0.999324,ٱلْبِلَادِ
