conf,end,start,word
0.537384,0.18,0.03,فِي
0.994402,0.81,0.36,شَمَالِ
0.579725,1.17,1.02,مَالِي
