conf,end,start,word
0.501361,0.42,0.06,شَيِّقَةٌ
1.0,0.723964,0.42,شَمَالَ
0.752528,1.072165,0.723964,ٱشَّرْقِ
