conf,end,start,word
0.849591,0.727479,0.27,شَمَالَ
0.553684,1.064235,0.727479,ٱشَّمَالِ
