conf,end,start,word
0.48972,0.389981,0.03,بُلْدَانُ
1.0,0.78,0.389981,شَمَالِ
0.901051,1.131156,0.81,غَرْبِيٍّ
