conf,end,start,word
0.361505,0.33,0.0,ٱرَّصَاصِ
0.945987,0.78,0.36,شَمَالَ
0.807759,1.161541,0.781437,مَدِينَةِ
