conf,end,start,word
0.991962,0.449639,0.27,فِي
1.0,0.75,0.449639,شَمَالِ
0.772899,1.019395,0.75,شَرْقِيِّ
0.5658,1.17,1.02,سُورِيَا
