conf,end,start,word
0.888005,0.39,0.21,فِي
0.995708,0.78,0.39,شَمَالِ
1.0,1.16648,0.780129,ٱلْعِرَاقِ
