conf,end,start,word
0.996979,0.75,0.33,شَمَالَ
0.750204,0.99134,0.78,غَرْبِيِّ
0.735323,1.17,0.99134,ٱلْبِلَادِ
