conf,end,start,word
0.986583,0.75,0.39,شَمَالَ
0.839517,0.990255,0.78,شَرْقِ
0.540563,1.14,0.990255,سُورِيَا
