conf,end,start,word
0.98072,0.39,0.03,كَانَ
0.99679,0.75,0.390471,شَمَالَ
0.325407,0.993268,0.78,غَرْبِيِّ
0.207512,1.17,0.993268,ٱلْبِلَادِ
