conf,end,start,word
0.972208,0.779277,0.39,شَمَالَ
0.554618,1.014216,0.78,شَرْقِ
0.401498,1.169627,1.014216,سُورِيَا
