conf,end,start,word
0.882765,0.42,0.03,مِنْ
1.0,0.78,0.430551,شَمَالِ
0.964771,0.990962,0.81,غَرْبِ
0.526755,1.14,0.990962,ٱلْيَمَنْ
