conf,end,start,word
0.987745,0.419798,0.212026,فِي
0.9944,0.72,0.419798,شَمَالِ
0.543357,0.986177,0.72,إِقْلِيمِ
0.193577,1.14,0.99,أَرْبِيلَ
