conf,end,start,word
0.207918,0.329432,0.090147,شَيْءٌ
0.796696,0.72,0.420053,شَمَالَ
1.0,1.17,0.724444,ٱلْمَوْصِلِ
