conf,end,start,word
1.0,0.779956,0.368305,شَمَالَ
0.539209,1.169485,0.78,شَرْقِيٍّ
