conf,end,start,word
0.693464,0.36,0.03,نِطَاقُ
0.722584,0.72,0.39191,شَمَالِ
1.0,1.17,0.728322,ٱلْعِرَاقِ
