conf,end,start,word
1.0,0.78,0.39,شَمَالَ
0.929871,1.020144,0.81,غَرْبِ
0.458557,1.17,1.020144,سُورِيَا
