conf,end,start,word
0.834367,0.36,0.03,دَاخِلَ
0.83528,0.780606,0.39,شَمَالِ
0.207757,1.17,0.99,ٱلْبِلَادِ
