conf,end,start,word
0.845452,0.415494,0.240816,فِي
1.0,0.780018,0.415494,شَمَالِ
0.984098,0.990077,0.780018,شَرْقِ
0.62775,1.14,0.990077,سُورِيَا
