conf,end,start,word
0.541526,0.388605,0.03,وَقَدْ
0.99468,0.72,0.414619,شَمَالَ
0.994387,1.019813,0.72,شَرْقِيِّ
0.988133,1.17,1.01983,سُورِيَا
