conf,end,start,word
1.0,0.78,0.36,شَمَالَ
0.874379,1.020261,0.81,غَرْبِ
0.405376,1.17,1.020261,سُورِيَا
