conf,end,start,word
0.691515,0.419952,0.0,أَلْوِيَةُ
1.0,0.75,0.419952,شَمَالِ
0.885929,0.975509,0.78,غَرْبِ
0.302308,1.14,0.99,سُورِيَا
