conf,end,start,word
0.999019,0.78,0.36,شَمَالَ
0.767447,1.011307,0.81,غَرْبِ
0.421995,1.17,1.02,سُورِيَا
