conf,end,start,word
0.944438,0.42,0.03,دَوْلَةٌ
1.0,0.764964,0.42,شَمَالَ
0.498801,1.03687,0.78,مَدِينَةِ
