conf,end,start,word
0.538864,0.330173,0.083369,فِي
0.820137,0.81,0.330173,شَمَالِيِّ
0.975195,1.11,0.81451,سُورِيَا
