conf,end,start,word
0.995836,0.81,0.33,شَمَالَ
0.395191,1.139716,0.81,شَرْقٍ
