conf,end,start,word
0.998081,0.780023,0.362455,شَمَالَ
0.996491,1.17,0.780023,ٱلْقِطَاعِ
