conf,end,start,word
0.996569,0.39,0.212008,فِي
1.0,0.81,0.39,شَمَالِ
1.0,1.109107,0.81,سُورِيَا
