conf,end,start,word
0.997465,0.879382,0.27,شَمَالَ
0.310968,1.160897,0.9,شَرْقِيٍّ
