conf,end,start,word
0.983014,0.78,0.39,شَمَالَ
0.959461,1.17,0.780424,تَعِزَّ
