conf,end,start,word
0.976333,0.419501,0.21,فِي
0.96759,0.75,0.42,شَمَالِ
0.475951,0.983507,0.78,غَرْبِ
0.132538,1.17,0.99,ٱلْبِلَادِ
