conf,end,start,word
0.989852,0.419781,0.251687,فِي
1.0,0.72,0.419781,شَمَالِ
1.0,1.14,0.72,ٱلْعِرَاقِ
