conf,end,start,word
0.963233,0.42,0.03,تِكْرِيتَ
1.0,0.75,0.45,شَمَالَ
0.86657,0.998781,0.75,شَرْقِ
0.287136,1.17,0.998781,ٱلْبِلَادِ
