conf,end,start,word
0.578045,0.42,0.03,تَغْطِيَةٌ
0.998349,0.75,0.42,شَمَالَ
0.597799,0.979411,0.75,شَرْقٍ
