conf,end,start,word
0.829009,0.779867,0.361117,شَمَالَ
0.543992,0.991409,0.78,شَرْقِ
0.282249,1.14,0.991409,سُورِيَا
