conf,end,start,word
0.383568,0.36,0.0,أَبَانَ
0.926284,0.78,0.360197,شَمَالَ
0.988381,1.14,0.781832,تَعِزَّ
