conf,end,start,word
0.990115,0.810169,0.33,شَمَالَ
0.977088,1.169695,0.810169,ٱلْمَدِينَةِ
