conf,end,start,word
0.837224,0.29825,0.036306,لَا
0.921264,0.41812,0.29825,فِي
1.0,0.75,0.41812,شَمَالِ
1.0,1.11,0.75,سُورِيَا
