conf,end,start,word
0.759242,0.776375,0.0,ٱشَّمَالُ
0.835436,1.1382,0.788268,مَأْرِبُ
