conf,end,start,word
0.982084,0.810184,0.33,شَمَالَ
0.693309,1.136935,0.84,شَرْقِيٍّ
