conf,end,start,word
0.999573,0.78,0.39,شَمَالَ
0.998373,0.989899,0.78,بَيْتَ
0.477076,1.169727,0.99,لَحْمٍ
