conf,end,start,word
0.927774,0.723933,0.42,شَمَالَ
0.518479,0.995488,0.723933,ٱلْجَبَلِ
0.436227,1.17,0.995488,ٱلْأَسْوَدِ
