conf,end,start,word
0.969022,0.749134,0.39,شَمَالَ
0.667712,1.086136,0.75,شَرْقِيٍّ
