conf,end,start,word
0.40423,0.39,0.030443,جَارٍ
1.0,0.78,0.390076,شَمَالَ
0.677248,1.102902,0.81,غَرْبِيٍّ
