conf,end,start,word
0.905803,0.39,0.03,مَأْرِبَ
0.993426,0.75,0.42,شَمَالَ
1.0,1.099613,0.750197,ٱلْيَمَنْ
