conf,end,start,word
0.957729,0.747331,0.240338,شَمَالَ
0.912566,1.054758,0.751634,مَدِينَةِ
