conf,end,start,word
0.920556,0.39,0.03,جَدِيدَةٌ
1.0,0.75,0.39,شَمَالَ
0.898804,1.026222,0.78,شَرْقِ
0.334282,1.17,1.026222,سُورِيَا
