conf,end,start,word
0.338364,0.42,0.031296,فِي
0.998266,0.75,0.42,شَمَالِ
0.709638,1.016692,0.78,شَرْقِ
0.62528,1.17,1.02,سُورِيَا
