conf,end,start,word
0.591278,0.449613,0.0,أَنَابِلْسَ
0.938073,0.72,0.449613,شَمَالَ
0.985359,1.097755,0.72154,لُبْنَانَ
