conf,end,start,word
0.699362,0.411115,0.03,دِقَّةٌ
0.753526,0.78,0.411115,شَمَالَ
0.494551,1.119482,0.81,شَرْقِيٍّ
