conf,end,start,word
0.997207,0.419864,0.031473,فِي
1.0,0.75,0.419864,شَمَالِ
1.0,1.14,0.75,سُورِيَا
