conf,end,start,word
0.877593,0.39,0.03,فِرَارٌ
0.960743,0.729944,0.390771,شَمَالَ
0.220675,1.002251,0.729944,ٱشَّرْقِ
