conf,end,start,word
0.448777,0.325624,0.0,ٱثِّقَةُ
0.989961,0.45,0.325624,فِي
1.0,0.72,0.45,شَمَالِ
1.0,1.11,0.72,ٱلْعِرَاقِ
