conf,end,start,word
0.966662,0.42,0.03,مَأْرِبَ
0.998249,0.72,0.450071,شَمَالَ
0.96961,1.01425,0.72,شَرْقِيِّ
0.406633,1.17,1.019317,سُورِيَا
