conf,end,start,word
0.989868,0.42,0.03,عَسْكَرِيٌّ
1.0,0.749544,0.42,شَمَالَ
0.980227,1.020956,0.75,مَدِينَةِ
0.387901,1.17,1.020956,تِكْرِيتَ
