conf,end,start,word
0.996459,0.78,0.360121,شَمَالَ
0.997895,1.103798,0.78,سُورِيَا
