conf,end,start,word
0.994289,0.78,0.36,شَمَالَ
0.840289,0.989249,0.81,غَرْبِ
0.428631,1.14,0.99,سُورِيَا
