conf,end,start,word
0.63571,0.419921,0.03,مَرَّةً
0.334722,0.78,0.419921,شَمَالًا
