conf,end,start,word
0.317312,0.327669,0.0,أَمْنِيَّةٌ
0.978129,0.42,0.327669,فِي
1.0,0.75,0.42,شَمَالِ
1.0,1.08,0.75,سَيْنَاءَ
