conf,end,start,word
0.994793,0.778371,0.33,شَمَالَ
0.779296,1.077472,0.78,مَدِينَةِ
