conf,end,start,word
0.887998,0.358701,0.03,مِينْ
0.991243,0.81,0.358701,شَمَالَ
0.826316,1.024911,0.84,غَرْبِ
0.253276,1.17,1.024911,ٱلْيَمَنْ
