conf,end,start,word
0.992825,0.75,0.386084,شَمَالَ
1.0,1.139647,0.750078,ٱلْعِرَاقِ
