conf,end,start,word
0.974567,0.78,0.39,شَمَالَ
0.824834,1.081888,0.81,قِطَاعِ
0.532583,1.17,1.081888,غَزَّةَ
