conf,end,start,word
0.401271,0.389966,0.0,ٱدَّوْلَةُ
1.0,0.78,0.389966,شَمَالَ
0.652702,1.090901,0.81,غَرْبٍ
