conf,end,start,word
0.967444,0.810504,0.370841,شَمَالَ
0.944184,1.10283,0.810504,ٱلْيَمَنْ
