conf,end,start,word
0.907856,0.834181,0.300094,شَمَالُ
0.233283,1.14,0.843175,مَرَّتَيْنِ
