conf,end,start,word
0.992238,0.42,0.0,ٱلْعَرِيشِ
0.978574,0.72,0.45,شَمَالَ
0.966509,1.009829,0.72,شَرْقِيِّ
0.592839,1.17,1.019265,سُورِيَا
