conf,end,start,word
1.0,0.78,0.36,شَمَالَ
0.853306,1.020956,0.81,غَرْبِ
0.587501,1.17,1.020956,سُورِيَا
