conf,end,start,word
0.998475,0.45,0.243049,فِي
1.0,0.69,0.45,شَمَالِ
1.0,0.968534,0.69,ٱضِّفَّةِ
0.822661,1.17,0.968534,ٱلْغَرْبِيَّةِ
