conf,end,start,word
0.880068,0.390034,0.03,مَأْرِبَ
0.999748,0.72,0.420045,شَمَالَ
0.727593,1.00206,0.78,شَرْقِيِّ
0.292528,1.17,1.00206,ٱلْبِلَادِ
