conf,end,start,word
0.47258,0.281739,0.0,أَنَا
0.999508,0.75,0.39,شَمَالَ
0.808203,0.995419,0.78,غَرْبِيِّ
0.584405,1.17,0.995419,ٱلْبِلَادِ
