conf,end,start,word
0.829291,0.78,0.36,شَمَالَ
0.806934,1.14,0.780692,بَيْجِي
