conf,end,start,word
0.452329,0.41954,0.0,أَلْمَانِيَا
0.980034,0.750066,0.42,شَمَالَ
0.739078,0.997213,0.750066,شَرْقِيِّ
0.427172,1.17,0.997213,ٱلْبِلَادِ
