conf,end,start,word
0.894809,0.416122,0.184809,فِي
0.99925,0.75,0.416122,شَمَالِ
0.689679,1.042523,0.75,مَدِينَةِ
