conf,end,start,word
0.887576,0.42,0.030701,مَأْرِبَ
0.998387,0.75,0.45,شَمَالَ
0.762404,1.007076,0.75,شَرْقِيِّ
0.254334,1.17,1.007076,ٱلْبِلَادِ
