conf,end,start,word
0.828708,0.419854,0.0,أَلْوِيَةُ
0.991147,0.78,0.419854,شَمَالِ
0.938638,1.17,0.780135,ٱلْفَلُّوجَةِ
