conf,end,start,word
0.557453,0.412524,0.27,فِي
0.939957,0.768285,0.412524,شَمَالِ
0.407472,1.138943,0.78,مُحَافَظَةِ
