conf,end,start,word
0.539449,0.168791,0.03,عَبْدُ
0.987073,0.36,0.168791,ٱلَّهِ
1.0,0.75,0.36,صَالِحْ
0.715148,0.946973,0.75,وَهُوَ
