conf,end,start,word
0.963295,0.36,0.0,أَبُو
0.984793,0.78,0.36,صَالِحٍ
0.344911,1.166508,0.78,وَمِرْآةٌ
