conf,end,start,word
0.972709,0.33,0.001545,أَبُو
0.987463,0.81,0.330497,صَالِحٍ
