conf,end,start,word
0.56951,0.39,0.03,نَهْضَةُ
0.940173,0.750415,0.39,صَالِحْ
0.738137,1.021914,0.781502,حَمَدْ
