conf,end,start,word
0.977638,0.39,0.0,أَبُو
0.983606,0.72,0.39,صَالِحٍ
0.686357,1.139612,0.72,وَمِرْآةٌ
