conf,end,start,word
0.969735,0.39,0.03,بَرْهَمْ
1.0,0.72,0.42,صَالِحْ
0.863305,0.931003,0.75,إِلَى
