conf,end,start,word
0.716729,0.39,0.03,بَرْهَمْ
0.992183,0.69,0.42,صَالِحْ
0.996557,1.002741,0.72,نَظِيرَهُ
0.415792,1.17,1.002741,ٱرُّوسِيَّ
