conf,end,start,word
0.9889,0.81,0.330129,صَالِحْ
0.59799,1.169338,0.84,خَرْقٌ
