conf,end,start,word
0.992924,0.36,0.03,طَارِقْ
0.992286,0.75,0.39,صَالِحْ
0.753775,1.138192,0.78,قَائِدُ
