conf,end,start,word
0.968064,0.72,0.360724,صَالِحْ
0.859424,0.870779,0.72,عِنْدَ
0.59597,1.128153,0.870779,ٱلْعَرَبِ
