conf,end,start,word
0.999745,0.78,0.33,صَالِحْ
0.83649,0.991573,0.81,خِلَالَ
0.230525,1.14,0.991573,ٱلْحَرْبِ
