conf,end,start,word
0.966573,0.81,0.0,ٱتَّصَالُحِ
0.290549,1.069302,0.987617,مَعَ
