conf,end,start,word
0.549813,0.42,0.03,وَعَلِي
0.994358,0.75,0.42,صَالِحْ
0.981698,0.84,0.75,فِي
0.672417,1.159606,0.84,مِنْطَقَةِ
