conf,end,start,word
1.0,0.39,0.0,ٱلَّهِ
1.0,0.78,0.39,صَالِحْ
0.901088,0.990175,0.78,فِي
0.192486,1.14,0.990175,صَنْعَاءَ
