conf,end,start,word
0.981537,0.300033,0.0,أَبُو
0.985458,0.75,0.30033,صَالِحٍ
