conf,end,start,word
0.993274,0.33,0.074082,ٱلَّهِ
1.0,0.81,0.33,صَالِحْ
0.979898,1.049166,0.87,مِنْ
0.856361,1.17,1.05,جِهَةٍ
