conf,end,start,word
1.0,0.270283,0.043492,عَبْدُ
0.976315,0.42,0.270283,ٱلَّهِ
1.0,0.75,0.42,صَالِحْ
0.512535,1.14,0.78,سَقَطَتْ
