conf,end,start,word
1.0,0.42,0.0,ٱلْمَخْلُوعُ
1.0,0.72,0.45,صَالِحْ
0.782906,0.784648,0.72,فِي
0.616509,1.160292,0.784648,ٱشْتِبَاكَاتٍ
