conf,end,start,word
0.996657,0.750061,0.339911,صَالِحْ
0.962867,0.9,0.750061,أَنَّ
0.86363,1.17,0.900258,حُكْمَ
