conf,end,start,word
0.686345,0.137887,0.03,عَلِي
1.0,0.3,0.137887,عَبْدُ
0.5684,0.45,0.3,ٱلَّهِ
1.0,0.72,0.45,صَالِحْ
0.989867,0.810038,0.72,فِي
0.929499,1.17,0.810038,ٱشْتِبَاكَاتٍ
