conf,end,start,word
1.0,0.27,0.036176,عَبْدُ
0.595896,0.42,0.27,ٱلَّهِ
1.0,0.75,0.42,صَالِحْ
0.499896,1.11,0.78,تَحْتَ
