conf,end,start,word
0.685759,0.36,0.03,قَالَ
0.9994,0.78,0.363582,صَالِحْ
0.915642,1.17,0.78,ٱلْمَخْزُومْ
