conf,end,start,word
0.982932,0.42,0.03,وَقُوَّاتُ
1.0,0.75,0.45,صَالِحْ
0.985825,0.869861,0.75,فِي
0.926113,1.17,0.87,مِنْطَقَةِ
