conf,end,start,word
1.0,0.39,0.030383,عَلِي
1.0,0.75,0.39,صَالِحْ
0.883165,0.870721,0.751596,فِي
0.478661,1.169491,0.870721,قَصْفٍ
