conf,end,start,word
0.983161,0.39,0.15,فِي
0.987601,0.78,0.39,صَالِحِ
0.976869,0.959966,0.780349,مَا
0.355038,1.17,0.96,سُمِّيَ
