conf,end,start,word
0.874627,0.329737,0.03,صَارَ
0.997835,0.78,0.329737,صَالِحْ
