conf,end,start,word
0.761611,0.330064,0.003895,أَبُو
0.910405,0.81,0.330064,صَالِحٍ
