conf,end,start,word
1.0,0.39,0.03,عَلِي
1.0,0.751012,0.42,صَالِحْ
0.895042,0.93,0.751012,فِي
0.412289,1.169733,0.93,مِنْطَقَةِ
