conf,end,start,word
0.97648,0.39,0.011547,أَبُو
0.915192,0.72,0.42,صَالِحٍ
0.998873,1.013221,0.774242,شُكْرًا
0.508132,1.073192,1.013221,لَكَ
