conf,end,start,word
0.777956,0.36,0.030309,قُوَّاتُ
0.817944,0.78,0.42,صَالِحْ
0.528323,1.168542,0.78,بَيْنَهُمَا
