conf,end,start,word
0.687227,0.779934,0.0,ٱتَّصَالُحِ
0.238403,1.037046,0.918961,فِي
