conf,end,start,word
1.0,0.39,0.015777,ٱلَّهِ
1.0,0.78,0.39,صَالِحْ
0.98797,0.930971,0.78,مِنْ
0.621994,1.17,0.930971,مَنْصِبِهِ
