conf,end,start,word
0.989566,0.36,0.099891,ٱلَّهِ
1.0,0.78,0.360029,صَالِحْ
0.877954,1.17,0.84,قَصَفَ
