conf,end,start,word
0.992197,0.39,0.03,وَأَضَافَ
0.953239,0.75,0.42,صَالِحْ
0.998451,0.9,0.751405,فِي
0.886414,1.17,0.9,حِوَارٍ
