conf,end,start,word
0.518115,0.295485,0.0,أَبُو
0.788508,0.81,0.295485,صَالِحٍ
