conf,end,start,word
0.998505,0.36,0.047353,ٱلَّهِ
0.999642,0.84,0.36,صَالِحْ
0.733918,1.011319,0.87,فِي
0.100078,1.17,1.018713,صَنْعَاءَ
