conf,end,start,word
0.997244,0.21042,0.03,عَبْدُ
0.956709,0.42,0.21042,ٱلَّهِ
1.0,0.72,0.42,صَالِحْ
0.601502,1.151028,0.75,قَصَفَ
