conf,end,start,word
0.610823,0.3,0.0,أَرْبَعُ
1.0,0.78,0.329734,طَائِرَاتٍ
0.960542,0.931053,0.78,إِلَى
0.859939,1.14,0.931053,لُبْنَانَ
