conf,end,start,word
0.985375,0.36,0.03,وُصُولُ
0.998326,0.779857,0.389561,طَائِرَاتِ
0.682715,1.17,0.96,ٱتَّحَالُفِ
