conf,end,start,word
0.981133,0.33,0.03,مِنْ
1.0,0.840172,0.33,طَائِرَاتٍ
0.849925,1.14,0.840172,سُورِيَّةٍ
