conf,end,start,word
0.860286,0.329548,0.03,مِنْ
0.871343,0.81,0.329548,طَائِرَةٍ
0.980118,1.17,0.9,رُوسِيَّةٍ
