conf,end,start,word
0.811881,0.932919,0.343424,طَائِرَاتُهُ
0.132598,1.17,0.932919,عَفْوً
