conf,end,start,word
0.329101,0.33,0.120083,مِنَ
0.818535,1.009367,0.75,ٱنِّظَامِ
0.334425,1.17,1.02,سَيُسْقِطُ
