conf,end,start,word
0.583421,0.3,0.031395,قِبَلَ
0.998376,0.87,0.33,طَائِرَاتٍ
0.782752,1.17,0.87,تَابِعَةٍ
