conf,end,start,word
0.743429,0.322961,0.0,أَكَانَ
0.992325,0.780044,0.363987,طَائِرَاتُ
0.992276,1.14,0.780044,ٱتَّحَالُفِ
