conf,end,start,word
0.633226,0.33,0.0,أَنَّ
0.629557,0.834353,0.36,طَائِرَاتٍ
0.500157,1.17,0.84,رُوسِيَّةً
