conf,end,start,word
0.691625,0.33,0.03,شَنَّ
1.0,0.810065,0.332524,طَائِرَاتُ
0.994962,1.17,0.810065,ٱتَّحَالُفِ
