conf,end,start,word
0.765802,0.36,0.0,أَنَّ
0.896472,0.81,0.360079,طَائِرَاتِ
0.917705,1.17,0.87,شَحْنٍ
