conf,end,start,word
0.970486,0.36,0.06,شَنَّتْ
1.0,0.749827,0.39,طَائِرَاتُ
0.994217,1.144636,0.75,عَاصِفَةٍ
