conf,end,start,word
0.898105,0.780049,0.0,ٱطَّائِرَاتُ
0.230728,1.150186,0.780049,رُوسِيَّةٌ
