conf,end,start,word
0.996079,0.753697,0.330886,طَائِرَاتُ
0.391791,1.101023,0.753697,ٱلْوِفَاقِ
