conf,end,start,word
0.95765,0.359954,0.03,قَصْفُ
1.0,0.78026,0.39,طَائِرَاتِ
0.976951,1.071326,0.78026,ٱنِّظَامِ
