conf,end,start,word
0.818916,0.36,0.03,بِأَنَّ
0.805495,0.806746,0.361211,طَائِرَاتِهَا
0.993409,1.138316,0.806746,عَاصِفَةٌ
