conf,end,start,word
0.998806,0.33,0.0,أَنَّ
0.998806,0.83323,0.33,طَائِرَاتٍ
0.757902,1.168562,0.84,رُوسِيَّةً
