conf,end,start,word
0.941105,0.78,0.181117,طَائِرَاتُ
0.767082,1.169226,0.781623,ٱسْتِطْلَاعٍ
