conf,end,start,word
0.87637,0.36,0.03,سَنَتُهَا
1.0,0.780064,0.360118,طَائِرَاتُ
0.995528,1.165448,0.780064,ٱنِّظَامِ
