conf,end,start,word
0.349391,0.36,0.03,سَنَتُهُ
1.0,0.810383,0.38283,طَائِرَاتُ
0.97071,1.14,0.810383,ٱنِّظَامِ
