conf,end,start,word
0.952381,0.81,0.36,طَائِرَةٌ
0.96752,1.104219,0.811477,تَابِعَةٌ
