conf,end,start,word
0.75427,0.36,0.0,أَنَّ
0.537343,0.779243,0.36005,طَائِرَةَ
0.464816,1.072951,0.78,شَحْنٍ
