conf,end,start,word
0.999563,0.32988,0.0,أَنَّ
0.543082,0.730145,0.32988,ٱطَّائِرَةَ
