conf,end,start,word
0.936071,0.389903,0.03,فِيهِ
0.992908,0.72,0.42,طَائِرَاتُ
1.0,1.17,0.720213,ٱتَّحَالُفِ
