conf,end,start,word
0.93405,0.33,0.001199,أَنَّ
0.99932,0.840029,0.35809,طَائِرَاتٍ
0.36008,1.103704,0.840029,سُورِيَّةً
