conf,end,start,word
0.750582,0.840168,0.33013,طَائِرَاتٌ
0.607911,1.1292,0.87,تَابِعَةٌ
