conf,end,start,word
0.836967,0.388506,0.03,قَصْفُ
0.995549,0.780019,0.42,طَائِرَاتِ
0.987236,1.007631,0.780019,ٱنِّظَامِ
0.358678,1.17,1.02,سَيُسْقِطُ
