conf,end,start,word
0.43522,0.36,0.0,أَلْقَتْ
0.711857,0.750148,0.39,طَائِرَاتُ
0.767041,1.023458,0.750148,ٱنِّظَامِ
