conf,end,start,word
0.432552,0.36,0.03,سَنَتُهَا
0.940529,0.84,0.370827,طَائِرَاتٌ
0.990344,1.160854,0.868213,تَابِعَةٌ
