conf,end,start,word
0.587169,0.36,0.03,شَنَّ
0.593101,0.74952,0.399134,طَائِرَاتٍ
0.474246,1.080103,0.75,رُوسِيَّةٍ
