conf,end,start,word
0.997791,0.870476,0.270228,طَائِرَاتٌ
0.806913,1.17,0.870476,سُورِيَّةٌ
