conf,end,start,word
0.280143,0.33,0.0,أَنْتُمْ
1.0,0.750217,0.36,طَائِرَاتٌ
0.920248,1.138748,0.750217,رُوسِيَّةٌ
