conf,end,start,word
0.337609,0.35857,0.0,أَهْدَافُ
0.993931,0.780728,0.381241,طَائِرَاتِ
0.938722,1.059388,0.780728,ٱنِّظَامِ
