conf,end,start,word
0.862088,0.811756,0.335605,طَائِرَاتُ
0.710917,1.065815,0.811756,أَفْ
