conf,end,start,word
0.580831,0.8102,0.33,طَائِرَاتٌ
0.754227,0.960195,0.8102,مِنْ
0.493373,1.165081,0.960195,طِرَازِ
