conf,end,start,word
0.3017,0.359815,0.03,هَدَفُ
0.659551,0.75,0.39,طَائِرَاتِ
0.842801,1.169644,0.75,ٱسْتِطْلَاعٍ
