conf,end,start,word
0.771757,0.750758,0.390796,طَائِرَاتُ
0.923042,1.015295,0.750758,ٱنِّظَامِ
0.30137,1.17,1.02,سَيُسْقِطُ
