conf,end,start,word
0.843285,0.240286,0.0,أَنَّ
0.591892,0.880704,0.240286,ٱطَّائِرَاتِ
