conf,end,start,word
1.0,0.33,0.0,أَنَّ
0.950381,0.781215,0.33,طَائِرَاتٍ
0.807718,1.153933,0.781215,رُوسِيَّةً
