conf,end,start,word
0.835465,0.299615,0.03,قَصْفُ
1.0,0.780038,0.326183,طَائِرَاتِ
0.993077,1.139397,0.780038,ٱنِّظَامِ
