conf,end,start,word
0.612837,0.389801,0.06,رَصْدِي
0.811409,0.75,0.401813,طَائِرَاتِ
0.872848,1.067629,0.777888,شَحْنٍ
