conf,end,start,word
0.826786,0.36,0.0,أَنَّ
0.996685,0.81,0.36,طَائِرَاتٍ
0.996685,1.139347,0.84,حَرْبِيَّةً
