conf,end,start,word
0.428432,0.36,0.03,لَقَدْ
0.999437,0.72,0.382963,عَبْدُ
0.996969,1.107405,0.72,ٱلْمَهْدِي
