conf,end,start,word
0.59488,0.45,0.0,ٱلْجَدِيدُ
0.985997,0.662299,0.455858,عَبْدُ
0.767447,0.838243,0.662299,ٱلَّهِ
0.324626,1.17,0.84,حَمَدَتْ
