conf,end,start,word
0.527625,0.299012,0.0,أَحْمَدْ
1.0,0.48,0.299012,بِنْ
1.0,0.66,0.48,عَبْدِ
1.0,1.034577,0.66,ٱرَّحْمَنِ
