conf,end,start,word
0.953748,0.38466,0.03,مُحَمَّدْ
0.483861,0.48,0.39,أَبُو
0.961924,0.66,0.486299,عَبْدِ
1.0,0.960101,0.66,ٱرَّحْمَنِ
