conf,end,start,word
0.938691,0.48,0.0,ٱسُّودَانِيُّ
0.998689,0.63,0.48,عَبْدُ
0.962348,0.78,0.63,ٱلَّهِ
0.834543,1.14,0.78,حَمْدُو
