conf,end,start,word
1.0,0.482039,0.0,ٱلْوُزَرَاءُ
0.710552,0.63,0.482039,عَبْدُ
0.578236,0.788226,0.643688,ٱلَّهِ
0.121413,1.053339,0.788226,حَمَدَتْ
