conf,end,start,word
0.995105,0.48,0.0,ٱسُّودَانِيُّ
0.99964,0.69,0.48,عَبْدُ
0.921305,0.840032,0.69,ٱلَّهِ
0.317543,1.14,0.840032,حَمَدَتْ
