conf,end,start,word
0.958128,0.299368,0.0,ٱسَّابِقُ
1.0,0.48,0.299368,عَلِي
1.0,0.66,0.48,عَبْدُ
0.972213,0.81,0.66,ٱلَّهِ
1.0,1.139748,0.81,صَالِحْ
