conf,end,start,word
1.0,0.390005,0.03,مُحَمَّدْ
0.999782,0.509997,0.390005,بِنْ
1.0,0.66,0.509997,عَبْدِ
1.0,0.969321,0.66,ٱرَّحْمَنِ
0.280304,1.17,0.969321,ٱسِّيَاسِيُّ
