conf,end,start,word
0.855021,0.508283,0.0,ٱلْمِصْرِيَّةُ
0.996045,0.69,0.508283,عَبْدُ
1.0,0.990406,0.69,ٱلْفَتَّاحِ
0.986472,1.17,0.990406,ٱسِّيسِي
