conf,end,start,word
0.995939,0.69,0.418624,عَبْدُ
0.84173,0.84,0.69,ٱلَّهِ
0.579626,1.17,0.840063,حَمْدَانْ
