conf,end,start,word
0.453379,0.508717,0.0,ٱدِّفَاعُ
0.999714,0.66,0.508717,عَبْدُ
1.0,0.990364,0.66,ٱلْمَجِيدِ
0.31207,1.17,0.990364,سُوَيْلِمْ
