conf,end,start,word
1.0,0.480201,0.0,ٱلْوُزَرَاءُ
0.971856,0.659982,0.480201,عَبْدُ
0.912129,0.78,0.659982,ٱلَّهِ
0.342149,1.134173,0.78,حَمْدَانْ
