conf,end,start,word
0.988577,0.72,0.391488,عَبْدُ
1.0,0.901397,0.72,ٱلَّهِ
0.416703,1.109356,0.901397,ٱثِّنِي
