conf,end,start,word
0.729562,0.48,0.0,ٱلْفَرِيقُ
0.979847,0.695286,0.48,عَبْدُ
0.584496,1.081232,0.695286,ٱلْأَمِيرِ
