conf,end,start,word
1.0,0.750015,0.39,عَبْدُ
0.995841,0.961153,0.750015,ٱلَّهِ
0.339843,1.14,0.961153,ٱشَّامِي
