conf,end,start,word
0.574784,0.51,0.0,ٱلْيَمَنِيَّةُ
0.998642,0.66,0.51,عَبْدُ
1.0,0.87,0.66,رَبِّهِ
1.0,1.058424,0.87,مَنْصُورْ
0.615105,1.17,1.058424,هَادِي
