conf,end,start,word
0.877272,0.47721,0.0,ٱسُّودَانِيُّ
0.984511,0.626531,0.47721,عَبْدُ
0.85005,0.784445,0.636224,ٱلَّهِ
