conf,end,start,word
0.953297,0.479912,0.03,مَنَالْ
1.0,0.66,0.479912,عَبْدُ
1.0,1.069496,0.66,ٱصَّمَدِ
