conf,end,start,word
0.471384,0.328523,0.0,أَحْمَدْ
0.999441,0.48,0.328523,بِنْ
1.0,0.66,0.48,عَبْدِ
1.0,0.976963,0.66,ٱرَّحْمَنِ
