conf,end,start,word
1.0,0.480005,0.06,مَحْمُودْ
0.997636,0.69,0.480005,عَبْدُ
0.975039,1.143994,0.69,ٱلْوَاحِدِ
