conf,end,start,word
0.64439,0.479508,0.032204,قَضِيَّةُ
0.875404,0.689592,0.479508,عَبْدِ
0.794342,1.100463,0.689592,ٱلْبَدِيلِ
