conf,end,start,word
0.333338,0.472295,0.03,خَلِيجِيَّةٌ
0.995328,0.63,0.472295,عَبْدُ
1.0,0.991881,0.63,ٱلَّطِيفِ
0.794693,1.17,0.991881,ٱسِّيسِي
