conf,end,start,word
0.878038,0.45,0.0,ٱلْأَفْغَانِيَّةُ
1.0,0.66,0.45,عَبْدُ
1.0,0.78,0.66,ٱلَّهِ
1.0,0.979106,0.78,عَبْدُ
0.990591,1.099067,0.979106,ٱلَّهِ
