conf,end,start,word
0.971128,0.509768,0.03,كَرَاتْشِي
0.997238,0.66,0.509768,عَبْدُ
0.991145,1.090105,0.66,ٱسَّتَّارِ
