conf,end,start,word
0.67116,0.449923,0.0,ٱسُّودَانِيُّ
0.999921,0.635351,0.449923,عَبْدُ
0.628561,0.806676,0.635351,ٱلَّهِ
0.227576,1.090961,0.81,حَمْدًا
