conf,end,start,word
1.0,0.42,0.21,قَالَ
1.0,0.659978,0.42,عَبْدُ
0.530673,0.812062,0.66,ٱلَّهِ
0.90189,1.17,0.812062,ٱلْعَوْدَةُ
