conf,end,start,word
0.760889,0.47457,0.035217,بِنْ
1.0,0.6,0.47457,عَبْدِ
1.0,1.049405,0.6,ٱرَّحْمَنِ
