conf,end,start,word
0.277487,0.24,0.0,ٱسَّيِّدُ
0.999325,0.72,0.39,عَبْدُ
1.0,1.018048,0.72002,ٱلَّهِ
