conf,end,start,word
0.533196,0.48,0.03,سُودَانِيَّةٌ
0.97665,0.66,0.48,عَبْدُ
0.843197,0.81,0.66,ٱلَّهِ
0.4336,1.168691,0.81,حَمْدُو
