conf,end,start,word
1.0,0.45,0.183174,قَالَ
1.0,0.689951,0.45,عَبْدُ
0.772033,0.811083,0.69,ٱلَّهِ
0.211977,1.17,0.811083,ٱلْعَجْزُ
