conf,end,start,word
0.933112,0.45,0.24,بِنْ
0.998681,0.634508,0.461859,عَبْدِ
0.855577,0.81,0.634508,ٱلَّهِ
