conf,end,start,word
1.0,0.39,0.06,قَالَ
1.0,0.72,0.42,عَبْدُ
0.963531,0.87028,0.72,ٱلَّهِ
0.367273,1.17,0.87028,ٱسَّنُوسِي
