conf,end,start,word
0.989497,0.450018,0.04829,بِهِ
0.999403,0.721411,0.452181,عَبْدُ
0.985774,0.990614,0.721431,ٱلَّهِ
