conf,end,start,word
0.933897,0.42,0.03,حَسَنُ
1.0,0.69,0.421983,عَبْدِ
1.0,0.901999,0.69,ٱلَّهِ
0.441593,1.14,0.901999,ٱتُّرَابِيُّ
