conf,end,start,word
0.854872,0.42806,0.03,مِنْ
0.766726,0.66,0.480085,عَبْدِ
0.761906,0.992909,0.66,ٱصَّمَدِ
0.7654,1.17,0.992909,ٱسِّيسِي
