conf,end,start,word
0.487116,0.479613,0.0,ٱلْجَزِيرَةُ
0.999805,0.69,0.479613,عَبْدُ
0.976392,0.9,0.69,ٱلَّهِ
0.328623,1.17,0.93,ٱسَّنُوسِي
