conf,end,start,word
0.640829,0.237574,0.0,أَحْمَدْ
0.962931,0.419932,0.237574,بِنْ
0.999456,0.749807,0.419932,عَبْدِ
0.997309,1.132938,0.75,ٱرَّحْمَنِ
