conf,end,start,word
0.752311,0.504083,0.0,ٱسُّودَانِيَّةُ
0.996243,0.63,0.504083,عَبْدُ
0.958843,0.78,0.63,ٱلَّهِ
0.304406,1.097302,0.78,حَمْدَانْ
