conf,end,start,word
0.895026,0.329765,0.03,سَلْمَانْ
0.951581,0.479535,0.329765,بِنْ
1.0,0.66,0.479535,عَبْدِ
0.981586,1.14,0.66,ٱلْعَزِيزْ
