conf,end,start,word
0.818744,0.479969,0.0,ٱلْمُتَّحِدَةُ
0.998923,0.66,0.48,عَبْدُ
0.858291,0.784587,0.66,ٱلَّهِ
0.205447,1.139228,0.784587,ٱلْمُعْلِنُ
