conf,end,start,word
1.0,0.74994,0.33,عَبْدُ
0.997604,0.968101,0.75,ٱلَّهِ
0.233082,1.14,0.968101,ٱشَّامِي
