conf,end,start,word
0.344458,0.501395,0.0,ٱسُّودَانِيَّةُ
0.832673,0.647551,0.501395,عَبْدُ
0.420394,0.749286,0.66,لِلَّهِ
0.856013,1.049677,0.749286,ٱلْحَمْدُ
0.768256,1.139434,1.049677,لِلَّهِ
