conf,end,start,word
0.955871,0.45,0.03,فَوْرَ
1.0,0.69,0.45026,عَبْدِ
0.99657,0.98257,0.69,ٱلَّهِ
0.349238,1.17,0.99,أُوجْلَانْ
