conf,end,start,word
1.0,0.42,0.0,أَكَّدَ
0.944548,0.72,0.42,عَبْدُ
0.980768,1.071842,0.720972,ٱلْإِلَهِ
