conf,end,start,word
0.896565,0.39,0.03,صَحَّ
1.0,0.66,0.393922,عَبْدُ
1.0,0.992577,0.66,ٱلَّطِيفِ
0.393517,1.169817,0.992577,ٱلْمَكِّي
