conf,end,start,word
1.0,0.42,0.12,قَالَ
1.0,0.66,0.42,عَبْدُ
0.996093,0.990484,0.66,ٱرَّحْمَنِ
0.353835,1.17,0.990484,ٱسِّيسِي
