conf,end,start,word
0.994394,0.689567,0.45,عَبْدُ
0.996072,0.839341,0.689567,ٱلَّهِ
0.958278,1.17,0.84,ٱلْحَاضِرِي
