conf,end,start,word
0.5929,0.477004,0.03,سُودَانِيَّةٌ
0.995374,0.66,0.477004,عَبْدُ
0.812304,0.809756,0.66,ٱلَّهِ
0.275265,1.11,0.81,حَمَدَتْ
