conf,end,start,word
0.744122,0.33,0.0,أَحْمَدْ
0.995729,0.48,0.330688,بِنْ
1.0,0.66,0.48,عَبْدِ
0.994139,1.075866,0.66,ٱرَّحْمَنِ
