conf,end,start,word
0.994091,0.69,0.457463,عَبْدُ
0.995056,0.87,0.690013,ٱلَّهِ
0.384937,1.096037,0.87,نَعَمْ
