conf,end,start,word
0.950462,0.476838,0.03,مُلَّا
1.0,0.66,0.476838,عَبْدُ
1.0,1.041987,0.66,ٱسَّلَامِ
