conf,end,start,word
0.602799,0.504935,0.0,ٱلْيَمَنِيَّةُ
0.973035,0.66,0.504935,عَبْدُ
1.0,0.93,0.66,رَبِّهِ
0.989914,1.14,0.93,مَنْصُورْ
