conf,end,start,word
0.980947,0.449892,0.0,ٱلْيَمَنِيَّةُ
1.0,0.69,0.449892,عَبْدُ
0.998746,1.055701,0.69,ٱلْعَزِيزِ
