conf,end,start,word
0.520599,0.507061,0.0,ٱسُّودَانِيُّ
0.908189,0.662559,0.512622,عَبْدُ
0.886412,0.843776,0.696591,ٱلَّهِ
