conf,end,start,word
0.500134,0.48,0.0,ٱلْمَلِكُ
0.985721,0.659837,0.480388,عَبْدُ
0.99312,0.96,0.66,ٱلْغَنِيِّ
0.475121,1.17,0.96,بَرَأْيِكَ
