conf,end,start,word
0.951677,0.419584,0.27,مَعَ
1.0,0.72,0.419584,عَدَدٍ
1.0,0.961011,0.72,مِنَ
0.081087,1.17,0.961011,ٱلْأَطْرَافِ
