conf,end,start,word
0.998681,0.75,0.334864,عَدَدٌ
0.998341,0.960524,0.75004,مِنَ
0.335154,1.14,0.960524,ٱنِّسَاءِ
