conf,end,start,word
0.984008,0.389844,0.0,ٱلَّتِي
0.993908,0.753502,0.39,عَدَدُ
0.792424,1.141952,0.753502,ٱلْقُوَّاتِ
