conf,end,start,word
0.97053,0.749039,0.405371,عَدَدُ
0.939552,1.104593,0.75,حَالَاتٍ
