conf,end,start,word
0.690572,0.449958,0.03218,إِنَّ
1.0,0.72,0.449958,عَدَدَ
0.974457,1.078685,0.75,ضَحَايَا
