conf,end,start,word
0.86488,0.389861,0.0,أَنَّهَا
1.0,0.72,0.389861,عَدَدٌ
1.0,1.108355,0.72,كَبِيرٌ
