conf,end,start,word
1.0,0.39,0.0,أُصِيبَ
0.552275,0.770014,0.39,عَدَدًا
1.0,0.900737,0.770014,مِنَ
0.376021,1.14,0.900737,ٱلْمِلَفَّاتِ
