conf,end,start,word
0.999062,0.810213,0.33,عَدَدُ
0.246265,1.14,0.810213,ٱلْمَسَاجِدِ
