conf,end,start,word
0.988467,0.780013,0.03,بِعَدَدٍ
0.998122,0.991703,0.780013,مِنَ
0.102086,1.17,0.991703,ٱنِّظَامِ
