conf,end,start,word
0.937286,0.42,0.035564,كَانَ
1.0,0.75,0.42,عَدَدٌ
0.994331,0.93,0.75,مِنْ
0.967225,1.168887,0.93,أَعْضَاءِ
