conf,end,start,word
0.946371,0.720088,0.36,عَدَدٌ
0.996814,0.84089,0.721473,مِنْ
0.121317,1.13925,0.84089,ٱلْمَسَاجِدِ
