conf,end,start,word
0.998162,0.419931,0.0,أَنَّ
0.862638,0.780069,0.419931,عَدَدَ
0.706544,1.17,0.780069,ٱنَّازِحِينَ
