conf,end,start,word
0.975126,0.72,0.40665,عَدَدٌ
0.991513,0.932987,0.721299,مِنْ
