conf,end,start,word
0.731575,0.419905,0.030155,مَعَ
0.973223,0.72,0.419905,عَدَدٍ
0.997218,0.900453,0.720722,مِنَ
0.193338,1.14,0.900453,ٱلْمِلَفَّاتِ
