conf,end,start,word
0.988122,0.78,0.33,عَدَدُ
0.273574,1.078713,0.78,قُوَّاتٍ
