conf,end,start,word
0.938199,0.42,0.27,فِي
1.0,0.72,0.42,عَدَدٍ
1.0,0.930296,0.72,مِنَ
0.977258,1.169496,0.930296,ٱدُّوَلِ
