conf,end,start,word
0.959182,0.720075,0.371894,عَدَدٌ
0.996203,0.893296,0.721187,مِنْ
0.188296,1.17,0.9,عِرْسَالَ
