conf,end,start,word
1.0,0.42,0.03,عَنْ
1.0,0.749582,0.42,عَدَدٍ
0.960754,0.901502,0.75,مِنَ
0.543488,1.17,0.901502,ٱلْقَتْلَى
