conf,end,start,word
0.388301,0.36,0.03,جِرَاحُ
0.979909,0.75,0.360068,عَدَدٍ
1.0,0.930583,0.750603,مِنَ
0.311857,1.17,0.930583,ٱلْمِلَفَّاتِ
