conf,end,start,word
0.906599,0.418774,0.03,فِي
0.998631,0.777562,0.418774,عَدَدِ
0.632092,1.14,0.81,قَتْلَى
