conf,end,start,word
0.983114,0.39,0.03,وَشَارَكَ
0.969807,0.72,0.390207,عَدَدٌ
1.0,0.93,0.720906,مِنَ
0.958976,1.17,0.93,ٱلْوُزَرَاءِ
