conf,end,start,word
1.0,0.81,0.036031,عَدَدٌ
0.989493,1.024842,0.81,مِنْ
