conf,end,start,word
0.992769,0.42,0.0,أُصِيبَ
0.936535,0.75,0.42,عَدَدٌ
0.965974,1.067269,0.78,آخَرُ
