conf,end,start,word
0.959637,0.389434,0.0,ٱرْتِفَاعُ
1.0,0.72,0.389434,عَدَدِ
0.987271,1.17,0.75,ضَحَايَا
