conf,end,start,word
0.181939,0.506846,0.03,وِزَارَةُ
0.856462,0.793804,0.506846,عَدَدٍ
