conf,end,start,word
0.764379,0.75,0.271501,لِعَدَدٍ
0.998349,0.93043,0.75,مِنَ
0.446744,1.17,0.93043,ٱنِّسَاءِ
