conf,end,start,word
0.734429,0.36,0.03,وُصُولُ
1.0,0.750037,0.364423,عَدَدِ
0.183484,1.17,0.750037,ٱلْمُتَعَدِّدَةِ
