conf,end,start,word
0.943269,0.418997,0.03,فِي
1.0,0.69,0.418997,عَدَدٍ
1.0,0.9006,0.69,مِنَ
0.648631,1.14,0.9006,ٱلْمَنَاطِقِ
