conf,end,start,word
0.61954,0.3,0.03,فِي
1.0,0.779577,0.313002,عَدَدِ
0.86579,1.078388,0.78,قَتْلَى
