conf,end,start,word
1.0,0.42,0.031124,عَلَى
1.0,0.690014,0.42,عَدَدٍ
0.998717,0.84,0.690014,مِنَ
0.22862,1.17,0.84,ٱلْمُنَظَّمَاتِ
