conf,end,start,word
0.748192,0.42,0.03,وَإِصَابَةُ
1.0,0.75,0.42,عَدَدٍ
0.999679,0.931848,0.75,مِنَ
0.11397,1.14,0.931848,ٱلْأَسَاسِ
