conf,end,start,word
0.987923,0.36,0.0,أَنَّ
1.0,0.75,0.360362,عَدَدًا
1.0,0.840971,0.75,مِنَ
0.908948,1.166379,0.840971,ٱلْأَشْخَاصِ
