conf,end,start,word
0.970032,0.449601,0.21,إِنَّ
1.0,0.75,0.449601,عَدَدَ
1.0,1.144503,0.75,ٱلَّاجِئِينَ
