conf,end,start,word
0.761925,0.417334,0.0,أَنَّ
0.998404,0.750223,0.417334,عَدَدَ
0.162051,1.17,0.750223,ٱلْمُتَوَفِّينَ
