conf,end,start,word
1.0,0.42,0.0,أَنَّ
1.0,0.72,0.42,عَدَدَ
0.984349,1.021082,0.72,حَالَاتٍ
0.358672,1.17,1.021082,فَرْدِيَّةٍ
