conf,end,start,word
0.968336,0.75,0.39,عَدَدٌ
0.986059,0.956677,0.751927,مِنْ
