conf,end,start,word
0.992131,0.33,0.0,أَكْبَرُ
0.998002,0.78,0.33,عَدَدٍ
0.995921,0.963416,0.78,مِنَ
0.638295,1.17,0.963416,ٱضَّحَايَا
