conf,end,start,word
0.895694,0.36,0.0,أَدَّى
0.954533,0.78,0.360193,عَدَدٌ
0.990541,0.963764,0.781198,مِنَ
0.104974,1.17,0.963764,ٱلْوُزَرَاءِ
