conf,end,start,word
0.830707,0.45,0.06,رَافِعُ
1.0,0.75,0.454483,عَدَدٍ
0.998787,0.98782,0.75,مِنَ
0.767888,1.16966,0.98983,ٱدُّوَلِ
