conf,end,start,word
1.0,0.33,0.03,فِي
1.0,0.78,0.33,عَدَدٍ
0.998935,0.967323,0.78,مِنَ
0.15943,1.17,0.967323,ٱلْبُلْدَانِ
