conf,end,start,word
0.774499,0.839982,0.39,عَدَدًا
0.991692,0.991173,0.84,مِنْ
