conf,end,start,word
0.507256,0.36,0.002244,أَنَّ
0.785441,0.78,0.370777,عَدَدَ
0.964679,1.14,0.81,ضَحَايَا
