conf,end,start,word
0.983894,0.419759,0.030271,مَالِي
0.963485,0.75,0.420123,عَدَدٌ
0.995953,0.977655,0.75098,مِنْ
