conf,end,start,word
1.0,0.75,0.39,عَدَدٌ
0.997163,0.970057,0.75,مِنَ
0.187241,1.17,0.970057,ٱلْمِلَفَّاتِ
