conf,end,start,word
0.977729,0.42,0.0,ٱرْتِفَاعُ
1.0,0.720177,0.42,عَدَدِ
0.540736,1.051791,0.720177,ٱلْقَتْلَى
