conf,end,start,word
0.919407,0.36,0.03,إِطْلَاقُ
0.988728,0.72,0.360244,عَدَدٍ
0.996291,0.84,0.720336,مِنْ
0.200609,1.138907,0.84,قَبَائِلَ
