conf,end,start,word
0.729511,0.39,0.0,أَنَّ
0.99322,0.750201,0.39,عَدَدَ
0.380038,1.17,0.750556,ٱلْوَفْدِ
