conf,end,start,word
0.636075,0.415032,0.03,هُوِيَّةُ
1.0,0.75,0.415032,عَدَدٍ
1.0,0.929968,0.75,مِنَ
0.145726,1.17,0.93,ٱلْمِلَفَّاتِ
