conf,end,start,word
0.931497,0.33,0.0,أَنَّ
1.0,0.81,0.33,عَدَدَ
0.701061,1.079183,0.81,قَتْلَى
