conf,end,start,word
0.620042,0.39,0.0,أُصِيبَ
0.985183,0.75,0.39,عَدَدٌ
0.998189,1.135101,0.78,آخَرُ
