conf,end,start,word
0.323759,0.419296,0.0,ٱسْتِشَارِيٌّ
0.965018,0.75,0.419296,عَدَدًا
0.889414,1.088687,0.75,كَبِيرًا
