conf,end,start,word
0.999579,0.39,0.03,بِهَا
1.0,0.75,0.39,عَدَدٌ
0.998794,0.988213,0.75,مِنْ
0.182019,1.17,0.99,أَعْضَاءِ
