conf,end,start,word
0.997377,0.81,0.33,عَدَدٌ
0.986572,0.99279,0.81008,مِنَ
0.21281,1.17,0.99279,ٱلْقَتْلَى
