conf,end,start,word
1.0,0.36,0.03,عَلَى
1.0,0.78,0.36,عَدَدٍ
0.992162,0.96858,0.78,مِنَ
0.206968,1.17,0.96858,ٱلْمِلَفَّاتِ
