conf,end,start,word
0.888294,0.388001,0.18,مَعَ
0.482682,0.744332,0.388001,عَادَةٍ
0.986424,0.962717,0.744332,مِنْ
