conf,end,start,word
0.396367,0.39,0.0,ٱعْتِصَامُ
1.0,0.75,0.411785,عَدَدٍ
0.858096,0.973203,0.75,مِنْ
