conf,end,start,word
0.946444,0.39,0.0,أَسْعَارُ
0.834098,0.776558,0.391592,عَدَدًا
0.998498,0.940488,0.776558,مِنَ
0.132695,1.14,0.940488,ٱلْأَسْمَاءِ
