conf,end,start,word
0.202327,0.39,0.0,ٱرْتِفَاعُ
0.992229,0.748855,0.449757,عَدَدِ
0.66615,1.079128,0.78,قَتْلَى
