conf,end,start,word
0.766917,0.42,0.269849,فِي
1.0,0.75,0.42,عَدَدٍ
1.0,0.963598,0.75,مِنَ
0.378929,1.17,0.963598,ٱلْمِلَفَّاتِ
