conf,end,start,word
0.70425,0.444094,0.03,مُحَدَّدَةٌ
0.982472,0.78,0.444094,عَدَدُ
0.934661,1.17,0.78,ٱلْقَتْلَى
