conf,end,start,word
0.992637,0.810082,0.3,عَدَدٌ
0.945379,0.990655,0.810096,مِنَ
0.241448,1.14,0.990655,ٱنَّاسِ
