conf,end,start,word
0.977116,0.39,0.03,وُصُولُ
0.991825,0.75,0.390671,عَدَدٍ
0.998354,0.945899,0.750246,مِنْ
