conf,end,start,word
0.827068,0.39,0.0,أَقَلُّ
0.961937,0.75,0.390495,عَدَدٍ
0.998416,0.899844,0.751144,مِنْ
0.934338,1.17,0.9,سُكَّانِ
