conf,end,start,word
0.997384,0.38953,0.03,عَلَى
1.0,0.750021,0.38953,عَدَدٍ
0.998127,0.961721,0.750021,مِنَ
0.227696,1.17,0.961721,ٱلْمِلَفَّاتِ
