conf,end,start,word
0.889221,0.419461,0.0,ٱرْتِفَاعُ
0.96876,0.720631,0.419461,عَدَدِ
0.881267,1.17,0.720631,لِجُنُودِهَا
