conf,end,start,word
1.0,0.81,0.33,عَدَدٌ
0.998817,0.992598,0.81,مِنَ
0.152371,1.17,0.992598,ٱشَّبَابِ
