conf,end,start,word
0.829029,0.75,0.39,عَدَدٌ
0.997554,0.96008,0.750683,مِنْ
