conf,end,start,word
0.28511,0.39,0.0,ٱخْتِرَاقُ
0.682598,0.772904,0.393896,عَدَدًا
0.996195,0.900251,0.772904,مِنْ
