conf,end,start,word
0.326916,0.437155,0.03,تَوْسِيعُ
0.633268,0.779835,0.437155,عَدَدًا
0.974043,0.93,0.78,مِنَ
0.374481,1.17,0.93,ٱلْمِلَفَّاتِ
