conf,end,start,word
1.0,0.39,0.09,عَلَى
1.0,0.750011,0.39,عَدَدٍ
0.999024,0.978542,0.750011,مِنْ
