conf,end,start,word
0.999798,0.42,0.0,ٱلْخُرْطُومِ
0.533461,0.762279,0.42,عُضْوٌ
0.836867,0.9,0.762279,مِنْ
