conf,end,start,word
0.755492,0.419725,0.03,إِصَابَةُ
1.0,0.72,0.419725,عَدَدٍ
1.0,0.900315,0.72,مِنَ
0.568702,1.14,0.900315,ٱلْمُدُنِ
