conf,end,start,word
0.915573,0.448236,0.27,فِي
0.994292,0.75,0.448236,عَدَدٍ
0.998648,1.002077,0.750171,مِنْ
