conf,end,start,word
0.993151,0.75,0.362171,عَدَدٌ
0.978912,0.982158,0.750229,مِنْ
