conf,end,start,word
0.990868,0.448981,0.0,ٱجْتَمَعَ
0.997602,0.75,0.449823,عَدَدٌ
0.996442,0.870358,0.750072,مِنْ
0.578347,1.17,0.870358,وُزَرَاءِ
