conf,end,start,word
0.933979,0.39,0.03,شَارَكَ
1.0,0.78,0.39,عَدَدٌ
0.996707,0.99825,0.78,مِنْ
