conf,end,start,word
0.990636,0.45,0.03,سَقَطَ
0.903853,0.75,0.45,عَدَدٌ
0.983777,0.930018,0.752883,مِنَ
0.129648,1.17,0.930018,ٱلْجِهَاتِ
