conf,end,start,word
0.997801,0.38962,0.03,عَلَى
1.0,0.78,0.38962,عَدَدٍ
0.955011,1.082968,0.81,قَلِيلٍ
0.633142,1.17,1.082968,جِدًّا
