conf,end,start,word
0.997165,0.42,0.0,ٱرْتِفَاعُ
0.997321,0.742085,0.42,عَدَدِ
0.370957,1.106974,0.78,قَتْلَى
