conf,end,start,word
0.963152,0.36,0.0,أَصْدَرَ
1.0,0.78,0.36,عَدَدٌ
0.996396,1.024517,0.78,مِنْ
