conf,end,start,word
0.899532,0.39,0.0,ٱرْتَفَعَ
1.0,0.749313,0.39,عَدَدُ
0.574612,1.108218,0.78,قَتْلَى
