conf,end,start,word
1.0,0.42,0.0,أَدْنَى
0.995624,0.714798,0.42,عَدَدٍ
0.190631,0.957727,0.75131,مِنْ
