conf,end,start,word
1.0,0.36,0.03,بَيْنَ
1.0,0.72,0.36,عَدَدٍ
0.996713,0.96127,0.72,مِنْ
0.071607,1.17,0.96127,مُنْتَقِدِيهِ
