conf,end,start,word
0.896895,0.325766,0.03,إِيرَانَ
0.86686,0.449906,0.325766,أَنَّ
0.989027,0.72,0.449906,عَدَدَ
0.779322,1.14,0.9,ٱلْقَتْلَى
