conf,end,start,word
0.302399,0.410248,0.0,أَنَا
0.878492,0.780225,0.410248,عَدَدُ
0.676534,1.169758,0.780225,ٱنَّازِحِينَ
