conf,end,start,word
0.966962,0.78,0.390121,عَدَدٌ
1.0,0.87,0.78,مِنْ
0.98938,1.17,0.87,رُمُوزٍ
