conf,end,start,word
0.996502,0.389921,0.031127,فِي
1.0,0.78,0.389921,عَدَدٍ
0.998256,0.982992,0.78,مِنْ
