conf,end,start,word
0.973347,0.389823,0.21,مَعَ
1.0,0.75,0.389823,عَدَدٍ
1.0,0.960527,0.75,مِنَ
0.149434,1.14,0.960527,ٱسَّمَاءِ
