conf,end,start,word
1.0,0.39,0.09,عَلَى
1.0,0.75,0.39,عَدَدٍ
0.999372,0.931294,0.75,مِنَ
0.302611,1.17,0.931294,ٱلْمَوَاقِعِ
