conf,end,start,word
0.579836,0.414988,0.03,حَامِيًا
1.0,0.69,0.414988,عَدَدًا
0.996484,0.870704,0.69,مِنَ
0.751348,1.17,0.870704,ٱلْمَقَاعِدِ
