conf,end,start,word
1.0,0.36,0.03,شَهِدَ
1.0,0.78,0.36,عَدَدٌ
0.99864,0.990575,0.78,مِنَ
0.128358,1.17,0.990575,ٱلْأَسَاسِ
