conf,end,start,word
0.943482,0.33,0.03,سُقُوطُ
1.0,0.78,0.36,عَدَدٍ
1.0,0.990081,0.78,مِنَ
0.292461,1.17,0.990081,ٱضُّبَّاطِ
