conf,end,start,word
0.969121,0.75,0.366674,عَدَدٌ
0.98134,0.963654,0.780437,مِنَ
0.333674,1.17,0.963654,ٱلْأَحْيَاءِ
