conf,end,start,word
0.966653,0.42,0.03,غَادَرَ
0.781567,0.72,0.42,عَدَدٌ
0.997065,0.871608,0.726572,مِنَ
0.349207,1.08,0.871608,ٱدُّوَلِ
