conf,end,start,word
0.998387,0.389697,0.03,عَلَى
1.0,0.72,0.389697,عَدَدٍ
0.999448,0.9,0.72,مِنَ
0.239469,1.167585,0.9,ٱشَّبَابِ
