conf,end,start,word
0.950319,0.75,0.36,عَدَدٌ
0.99877,0.96405,0.752985,مِنَ
0.112333,1.14,0.96405,ٱلْأَسَاسِ
