conf,end,start,word
0.917161,0.42,0.0,أَنَّ
1.0,0.78,0.42,عَدَدَ
0.849461,1.108721,0.78,قَتْلَى
