conf,end,start,word
0.971823,0.45,0.0,أَنَّ
1.0,0.750057,0.45,عَدَدَ
0.828201,1.169104,0.750057,ٱلْأَسْرَى
