conf,end,start,word
0.553995,0.42,0.03,عَادَةُ
0.973256,0.72,0.42,عَدَدٍ
1.0,0.81,0.72,مِنَ
0.878437,1.132351,0.81,ٱلْقُرَى
