conf,end,start,word
0.924524,0.809828,0.225643,عَسْكَرِيَّةٌ
0.930317,0.982391,0.809828,فِي
0.302254,1.17,0.99,مِنْطَقَةِ
