conf,end,start,word
0.968757,0.840115,0.277515,عَسْكَرِيَّةٌ
0.84026,1.17,0.840115,وَطَنِيَّةٌ
