conf,end,start,word
0.982431,0.329806,0.03,قَوَاعِدُ
1.0,0.842529,0.329806,عَسْكَرِيَّةٌ
0.415914,1.17,0.842529,وَسِيَاسِيَّةٌ
