conf,end,start,word
0.971728,0.87005,0.270558,عَسْكَرِيَّةٌ
0.973564,1.169769,0.87005,تَابِعَةٌ
