conf,end,start,word
0.927868,0.299616,0.03,مَصَادِرُ
0.989707,0.888457,0.299616,عَسْكَرِيَّةٌ
0.414143,1.17,0.9,أَمِيرْكِيَّةٌ
