conf,end,start,word
0.475909,0.840082,0.000656,ٱلْعَسْكَرِيَّةُ
0.975856,0.960667,0.840082,فِي
0.526042,1.17,0.960667,ٱلْمِنْطَقَةِ
