conf,end,start,word
0.994262,0.84,0.03,عَسْكَرِيَّةٌ
0.995508,0.930283,0.84,فِي
0.328247,1.14,0.930283,ٱلْعَاصِمَةِ
