conf,end,start,word
0.849741,0.81,0.354105,عَسْكَرِيَّةٌ
0.988619,0.964757,0.81,فِي
0.23045,1.166299,0.964757,جِنِيفَ
