conf,end,start,word
0.520142,0.356534,0.06,ذَاتٌ
0.988256,0.81,0.356534,عَسْكَرِيَّةٌ
