conf,end,start,word
0.745994,0.809687,0.007589,ٱلْعَسْكَرِيَّةُ
0.825864,1.109019,0.809687,أَلْمَانِيَا
