conf,end,start,word
0.992196,0.81,0.24,عَسْكَرِيَّةٌ
0.569145,1.020096,0.81,تَحْتَ
0.471732,1.17,1.020096,ٱلْقَصْفِ
