conf,end,start,word
0.950459,0.3,0.03,مَصَادِرُ
0.98585,0.84,0.3,عَسْكَرِيَّةٌ
0.940563,1.030007,0.850971,قَدْ
