conf,end,start,word
0.615315,0.36,0.03,مَصَادِرُ
0.974756,0.81,0.368251,عَسْكَرِيَّةٌ
0.663248,0.960664,0.81,أَنَّ
0.489489,1.048645,0.960794,مَا
