conf,end,start,word
0.839361,0.298537,0.03,قَاعِدَةٌ
0.995958,0.87,0.298537,عَسْكَرِيَّةٌ
0.914692,0.963025,0.87,فِي
0.500914,1.17,0.963025,ٱلْمِنْطَقَةِ
