conf,end,start,word
0.659801,0.810046,0.330683,عَسْكَرِيَّةٌ
0.690665,1.169676,0.810046,مُشْتَرَكَةٌ
