conf,end,start,word
0.836592,0.84,0.329657,عَسْكَرِيَّةٌ
0.875882,0.988683,0.84,فِي
0.367623,1.169913,0.99,جِنِيفَ
