conf,end,start,word
0.995071,0.812058,0.314818,عَسْكَرِيَّةٌ
0.208097,1.17,0.812058,مُلْزِمَةٌ
