conf,end,start,word
0.428852,0.272932,0.03,مَعَ
0.954089,0.89882,0.272932,عَسْكَرِيَّةٍ
0.921257,1.14,0.9,بَرِّيَّةٍ
