conf,end,start,word
0.722907,0.3,0.03,مَصَادِرُ
0.994321,0.862265,0.306605,عَسْكَرِيَّةٌ
0.443541,1.169495,0.87,أَمِيرْكِيَّةٌ
