conf,end,start,word
0.976594,0.87,0.27,عَسْكَرِيَّةٌ
0.854655,0.988658,0.87,فِي
0.245184,1.17,0.99,جِيبُوتِي
