conf,end,start,word
0.968751,0.359947,0.03,مَصَادِرُ
1.0,0.810192,0.359947,عَسْكَرِيَّةٌ
0.565213,1.166339,0.810192,عِرَاقِيَّةٌ
