conf,end,start,word
0.946759,0.87,0.03,عَسْكَرِيَّةٌ
0.903907,0.960136,0.87,فِي
0.255168,1.17,0.960136,ٱلْعَاصِمَةِ
