conf,end,start,word
0.645374,0.842033,0.003723,ٱلْعَسْكَرِيَّةُ
0.407781,1.14,0.842033,وَأُخْرَى
