conf,end,start,word
0.960434,0.2999,0.03,فِرَقٌ
0.996586,0.892686,0.2999,عَسْكَرِيَّةٌ
0.428863,1.14,0.900277,إِيرَانُ
