conf,end,start,word
0.956355,0.900098,0.21,عَسْكَرِيَّةٌ
0.969862,1.17,0.900098,فَقَطْ
