conf,end,start,word
0.799781,0.840181,0.270306,عَسْكَرِيَّةٌ
0.871689,1.14,0.840181,تَابِعَةٌ
