conf,end,start,word
0.881775,0.840618,0.0,ٱلْعَسْكَرِيَّةُ
0.847849,0.984743,0.840618,فِي
0.275068,1.14,0.99,شَيْءٍ
