conf,end,start,word
0.934081,0.33,0.03,مَصَادِرُ
0.993715,0.811271,0.33,عَسْكَرِيَّةٌ
0.269356,1.17,0.811271,عِرْقِيًّا
