conf,end,start,word
0.542189,0.3,0.03,عَمَلِيَّةٌ
0.999678,0.842508,0.3,عَسْكَرِيَّةٌ
0.33131,1.169665,0.842508,قَادِمَةٌ
