conf,end,start,word
1.0,0.450022,0.03,يَجِبُ
0.994924,0.66,0.450022,عَلَى
0.347552,1.030522,0.66,مُسْتَوَى
