conf,end,start,word
0.686978,0.479957,0.03,سَيْطَرَتَهُ
1.0,0.66,0.479957,عَلَى
1.0,1.017172,0.66,كَامِلِ
