conf,end,start,word
0.280626,0.476776,0.06,ذَاتِنَا
0.998179,0.69,0.476776,عَلَى
0.359225,1.168357,0.69,حِسَابِهِمْ
