conf,end,start,word
0.670722,0.45,0.0,ٱلْحُوثِيِّينَ
1.0,0.66,0.45,عَلَى
0.803124,1.023345,0.66,جَبَهَاتٍ
0.386113,1.14,1.023345,أُخْرَى
