conf,end,start,word
0.843463,0.48,0.03,عُقُوبَاتٌ
0.986796,0.676742,0.482175,عَلَى
