conf,end,start,word
0.963141,0.687387,0.45,عَلَى
0.808704,1.118179,0.69,مِنْطَقَةِ
