conf,end,start,word
0.782739,0.42,0.03,مَكْتُوبٌ
0.999681,0.659921,0.48,عَلَى
0.542781,1.081868,0.66,ٱسْتِفْسَارَاتٍ
