conf,end,start,word
0.474039,0.45,0.06,رَدًّا
0.96811,0.72,0.451528,عَلَى
0.203831,1.169618,0.72,مَوَاقِفِهَا
