conf,end,start,word
0.436002,0.450017,0.03,رُوسِيٌّ
0.990785,0.692652,0.463324,عَلَى
0.820949,1.036388,0.692652,مَرْكَزِ
