conf,end,start,word
0.598553,0.508228,0.03,صَغَّرُوا
0.999261,0.66,0.508228,عَلَى
0.952972,1.057823,0.66,تَوْجِيهِ
