conf,end,start,word
0.39271,0.42,0.03,إِنْجَازًا
1.0,0.66,0.42,عَلَى
0.999066,0.962733,0.66,تَرَدِّي
0.483058,1.17,0.962733,ٱلْخِدْمَاتِ
