conf,end,start,word
0.429291,0.48,0.06,غَارَةٌ
1.0,0.69,0.480073,عَلَى
0.998648,1.055987,0.69,مَعْبَرِ
