conf,end,start,word
1.0,0.72,0.42,عَلَى
0.91896,1.026244,0.75,ذِمَّةِ
0.194853,1.17,1.026244,قَضَايَا
