conf,end,start,word
0.960265,0.42,0.06,ذَلِكَ
1.0,0.660002,0.42,عَلَى
0.959276,0.961291,0.660002,وَقْعِ
0.114854,1.14,0.961291,ٱنْقِلَابٍ
