conf,end,start,word
0.994846,0.720104,0.39,عَلَى
0.929063,1.075113,0.720104,مَصْلَحَةِ
0.730021,1.166959,1.075113,مِصْرَ
