conf,end,start,word
0.306538,0.15,0.0,أَنْتَ
0.980643,0.690353,0.39,عَلَى
0.958479,0.987287,0.690353,هَذَا
0.647926,1.17,0.99,ٱلْكَلَامِ
