conf,end,start,word
0.700009,0.480065,0.03,وَقَّعَ
0.998477,0.689855,0.48041,عَلَى
0.972265,1.138652,0.689953,مُقْتَرَحٍ
