conf,end,start,word
1.0,0.81,0.39,عَلَى
0.888375,1.049369,0.84,حَدٍّ
0.615242,1.17,1.05,سَوَاءٍ
