conf,end,start,word
0.99776,0.66,0.458223,عَلَى
1.0,1.021555,0.66,ٱلْعَاصِمَةِ
0.698462,1.17,1.021555,صَنْعَاءَ
