conf,end,start,word
0.192169,0.15,0.0,أَوْ
0.978573,0.690006,0.42,عَلَى
0.312231,0.983483,0.690006,رَأْسِ
