conf,end,start,word
0.684036,0.45,0.0,ٱلْتِوَائِهِ
0.998276,0.72,0.450053,عَلَى
0.487213,1.018574,0.72,أَسَاسِ
