conf,end,start,word
0.625551,0.441719,0.031956,فِيدْيُو
0.598901,0.689844,0.449998,عَلَى
0.857272,1.01286,0.69,مُسْتَوَى
