conf,end,start,word
0.998557,0.480078,0.0,ٱلْغَارَاتُ
0.991466,0.69,0.480078,عَلَى
0.942611,1.033275,0.69,مَنَاطِقَ
