conf,end,start,word
0.541014,0.403888,0.0,أَبَدًا
0.999591,0.69,0.403888,عَلَى
0.468543,1.040612,0.69,مَقْتَلِ
