conf,end,start,word
0.947662,0.69186,0.392851,عَلَى
0.724962,0.989233,0.69186,أَحْيَاءٍ
0.449737,1.17,0.99,سَكَنِيَّةٍ
