conf,end,start,word
0.963333,0.450072,0.0,ٱلْمُتَّحِدَةِ
0.985569,0.630007,0.450072,عَلَى
0.990495,0.987055,0.630007,مَقْتَلِ
