conf,end,start,word
0.998237,0.749612,0.36,عَلَى
0.93304,1.165062,0.75,ٱشَّارِعِ
