conf,end,start,word
0.998395,0.69,0.453463,عَلَى
0.373467,1.04404,0.69,ٱلْبَلْدَةِ
