conf,end,start,word
0.989358,0.42,0.03,وَاضِحٌ
1.0,0.69,0.420451,عَلَى
0.984105,1.042341,0.69,ٱسُّلْطَةِ
