conf,end,start,word
1.0,0.750023,0.36,عَلَى
0.968564,1.08934,0.750023,ٱلْحُدُودِ
