conf,end,start,word
0.924278,0.658659,0.507718,عَلَى
0.960639,1.11,0.66,ٱتَّوَالِي
