conf,end,start,word
0.992255,0.66,0.45,عَلَى
0.839891,1.099659,0.66,نَتَائِجَ
