conf,end,start,word
0.531946,0.48,0.03,هُجُومًا
1.0,0.66,0.483313,عَلَى
0.996529,0.98564,0.66,مَطَارِ
0.572209,1.17,0.99,عَدَنَ
