conf,end,start,word
0.972117,0.509879,0.0,ٱرُّوسِيَّةُ
0.992715,0.69,0.509879,عَلَى
0.925337,1.046081,0.69,مَنَاطِقَ
