conf,end,start,word
0.49073,0.476317,0.0,ٱلْعُمْلَةِ
0.999797,0.69,0.476317,عَلَى
0.997625,0.963785,0.69,كَشْفِ
0.548532,1.14,0.963785,ٱلْحِسَابِ
