conf,end,start,word
0.484065,0.449991,0.06,ذَاتٌ
0.989659,0.66,0.450482,عَلَى
0.551303,0.995441,0.66,حِسَابِ
