conf,end,start,word
0.936239,0.419403,0.0,أَكَّدَ
0.996925,0.69,0.421912,عَلَى
0.995915,0.81,0.69,مَا
0.500981,1.093502,0.81,قَالَتْ
