conf,end,start,word
0.970459,0.719797,0.42266,عَلَى
0.957815,0.84,0.719797,مَا
0.368035,1.168705,0.84,وَصَفَتْهُ
