conf,end,start,word
0.998721,0.69,0.45,عَلَى
0.909949,0.962826,0.69,رَأْسِ
0.374368,1.168377,0.962826,مَجْلِسِ
