conf,end,start,word
0.781496,0.41988,0.03,فَاضِي
0.981587,0.66,0.41988,عَلَى
0.552107,1.10969,0.661,سَلَامَةِ
