conf,end,start,word
0.998018,0.45,0.03,قَادِرَةٌ
1.0,0.659967,0.45,عَلَى
0.625636,1.030148,0.66,ٱعْتِرَاضِ
