conf,end,start,word
0.945168,0.48,0.0,ٱسَّيْطَرَةِ
1.0,0.719972,0.48,عَلَى
0.998558,0.992266,0.72,مَطَارِ
0.248497,1.17,0.992266,طَرَابُلُسَ
