conf,end,start,word
0.543363,0.51,0.0,ٱرُّوسِيَّةُ
0.999624,0.66,0.51,عَلَى
0.982794,0.989226,0.66,مَدِينَةِ
0.358693,1.14,0.99,تِكْرِيتَ
