conf,end,start,word
0.96065,0.480044,0.03,بِلَادُهَا
0.998581,0.659965,0.480093,عَلَى
1.0,1.136595,0.659965,ٱلْعُقُوبَاتِ
