conf,end,start,word
0.996858,0.75,0.39,عَلَى
0.984065,1.08,0.75,قِطَاعِ
0.94548,1.17,1.08,غَزَّةَ
