conf,end,start,word
0.965182,0.449982,0.03,مَاتَ
0.99943,0.72,0.45,عَلَى
0.232414,1.139011,0.72,مَوَاقِفِهَا
