conf,end,start,word
0.998745,0.78,0.33,عَلَى
0.998745,0.93,0.78,مَا
0.960182,1.169741,0.93,يَبْدُو
