conf,end,start,word
0.910154,0.66,0.526068,عَلَى
0.794917,0.993736,0.66,ٱطَّرِيقِ
0.397907,1.17,0.993736,ٱصَّحِيحِ
