conf,end,start,word
0.429748,0.531633,0.0,أَتَيْنَا
0.981236,0.660046,0.531633,عَلَى
0.979374,0.981065,0.660046,ٱلْقَصْرِ
