conf,end,start,word
0.957097,0.689793,0.45,عَلَى
0.890369,1.015006,0.689793,مَنَاطِقَ
