conf,end,start,word
0.97348,0.449493,0.03,بِنَاءً
0.99686,0.69,0.449493,عَلَى
