conf,end,start,word
0.582504,0.48,0.03,قَبَائِلُ
0.989594,0.689779,0.48,عَلَى
0.492111,1.137296,0.689779,مُرْتَفَعَةٍ
