conf,end,start,word
1.0,0.72,0.364059,عَلَى
1.0,0.931697,0.72,يَدِ
0.613617,1.17,0.931697,قُوَّاتِ
