conf,end,start,word
0.681607,0.45,0.03,فُرِضَتْ
0.95948,0.719583,0.45,عَلَى
0.831044,1.17,0.719583,ٱصُّومَالِ
