conf,end,start,word
0.925863,0.48,0.03,فَقَطْ
0.97513,0.66,0.482253,عَلَى
0.762311,1.125642,0.66,ٱلْإِجْرَاءَاتِ
