conf,end,start,word
0.944372,0.51,0.0,ٱتَّوْقِيعِ
1.0,0.659122,0.51,عَلَى
0.937552,1.048782,0.66,ٱتِّفَاقِيَّةِ
0.386093,1.17,1.05,رُومَا
