conf,end,start,word
0.995337,0.63,0.480036,عَلَى
0.996648,1.08,0.63,توِيتَرْ
