conf,end,start,word
0.506511,0.424559,0.15,ضَيْفَةٌ
0.898847,0.72,0.424559,عَلَى
0.250805,1.108332,0.72,ٱلْأَحْيَاءِ
