conf,end,start,word
0.408352,0.45,0.03,صَدِيقُهُ
0.937667,0.69,0.453966,عَلَى
0.294898,1.116512,0.69,مُبَادَرَةٍ
