conf,end,start,word
0.498719,0.432746,0.03,هُجُومِهَا
1.0,0.63,0.432746,عَلَى
0.938348,1.08,0.63,قِيَادَةِ
