conf,end,start,word
0.808898,0.510382,0.210694,جَمِيعٌ
0.898245,0.69,0.510382,عَلَى
0.937487,1.074031,0.72,ضَابِطٍ
