conf,end,start,word
0.772034,0.42,0.0,ٱسْتِفْتَاءٌ
0.997463,0.659899,0.434894,عَلَى
0.979362,0.990086,0.659962,مَشْرُوعِ
0.282613,1.17,0.990086,ٱدَّوْلَةِ
