conf,end,start,word
0.997818,0.72,0.39,عَلَى
0.901479,1.147325,0.72,ٱلْكَشْفِ
