conf,end,start,word
1.0,0.450125,0.0,ٱلْقَبْضِ
0.96008,0.686748,0.451617,عَلَى
