conf,end,start,word
0.4037,0.476986,0.0,ٱتَّفَقْنَا
0.994428,0.659983,0.476986,عَلَى
0.978361,1.138249,0.659983,ٱلِٱمْتِنَاعِ
