conf,end,start,word
0.843886,0.449961,0.03,وَإِمَّا
1.0,0.69,0.449961,عَلَى
0.905365,1.008936,0.69,ٱلْأَمْنِ
