conf,end,start,word
0.991692,0.69,0.42,عَلَى
0.239989,1.005459,0.69,شِرَاءِ
