conf,end,start,word
0.843833,0.48,0.03,إِسْرَائِيلَ
0.981643,0.628797,0.48,عَلَى
0.641222,0.990757,0.63,ٱتِّفَاقِ
0.226268,1.141384,0.991384,أُوسْلُو
