conf,end,start,word
0.668242,0.44908,0.03,وَاسِعٌ
0.999563,0.719991,0.44908,عَلَى
0.567286,1.14,0.719991,مَوَاقِفَ
