conf,end,start,word
0.665909,0.479607,0.03,سُورِيَا
0.997154,0.692663,0.479607,عَلَى
0.836086,1.034699,0.692663,قَرْيَةِ
