conf,end,start,word
1.0,0.449904,0.0,ٱلْأُرْدُنِّ
0.99679,0.69,0.45,عَلَى
0.961234,0.887987,0.69,أَنْ
0.452717,1.167369,0.9,تُعْلِنَ
