conf,end,start,word
0.27608,0.15,0.0,أَنْ
0.991136,0.719904,0.42,عَلَى
0.983677,1.053296,0.719904,مَعْبَرِ
0.550115,1.17,1.053296,نَصِيبٍ
