conf,end,start,word
0.712357,0.449588,0.03,تَقَعُ
1.0,0.66,0.449588,عَلَى
0.843064,1.106699,0.66,عَاتِقِ
