conf,end,start,word
0.786836,0.718801,0.388911,عَلَيْهِ
0.911701,0.93,0.718801,إِلَى
0.136855,1.17,0.96,إِسْرَائِيلَ
