conf,end,start,word
0.954592,0.38917,0.03,يَعْنِي
1.0,0.69,0.390116,عَلِي
1.0,0.99044,0.69,أَكْبَرْ
0.885556,1.17,0.99044,وَلَايَتِي
