conf,end,start,word
0.627298,0.36,0.03,سَمِيرْ
0.995867,0.75,0.360036,عَلِي
0.763078,0.989767,0.750076,فِي
