conf,end,start,word
0.332676,0.419548,0.0,ٱلْهَامُ
0.464162,0.72,0.422042,عَلَيْهِ
0.997089,1.17,0.720055,فَأَرْمِينِيَا
