conf,end,start,word
0.960351,0.47628,0.03,مَقْتَلُ
0.992599,0.69,0.481521,عَلِي
0.97956,1.054955,0.69,صَالِحْ
