conf,end,start,word
0.470865,0.419532,0.0,ٱثَّانِيَةُ
1.0,0.69,0.419532,عَلِي
0.667693,1.108329,0.69,رَبِيعْ
