conf,end,start,word
0.993584,0.45,0.161188,بِنْ
1.0,0.690007,0.45,عَلِي
0.967808,1.14,0.690007,يِلْدَرِيمْ
