conf,end,start,word
0.858813,0.386759,0.0,ٱلْهَامُ
0.599013,0.78,0.390268,عَلَيْهِ
0.968979,0.960014,0.78,فِي
0.443489,1.17,0.960014,بَاقِي
