conf,end,start,word
0.945092,0.419943,0.03,حَافِظْ
0.730014,0.718968,0.421743,عَلِي
0.910321,1.08,0.72,رِضَا
