conf,end,start,word
1.0,0.48,0.03,إِيرَانُ
0.996183,0.69,0.48,عَلِي
1.0,0.962119,0.69,أَكْبَرْ
0.821349,1.14,0.962119,وَلَايَتِي
