conf,end,start,word
0.698826,0.563875,4e-05,ٱطِّفْلَةُ
0.729728,0.990235,0.57543,لِتَقْنِينٍ
