conf,end,start,word
0.443286,0.444645,0.0,ٱلْإِيرَانِيَّةُ
1.0,0.66,0.444645,عَلِي
0.999486,0.960213,0.66,أَكْبَرْ
0.935433,1.14,0.960213,وَلَايَتِي
