conf,end,start,word
0.470821,0.750144,0.33,عَالِي
0.456684,1.14,0.752441,ٱزَّبَدَانِي
