conf,end,start,word
1.0,0.720389,0.45,عَلِي
0.899281,1.166098,0.720389,مَمْلُوكْ
