conf,end,start,word
1.0,0.45,0.03,مُحَمَّدْ
1.0,0.69,0.45,عَلِي
0.99518,0.840123,0.69,فِي
0.927936,1.17,0.840123,مَسْقَطٍ
