conf,end,start,word
0.916011,0.45,0.03,حَافِظْ
0.906646,0.72,0.45,عَلِي
0.95399,1.11,0.722936,رِضَا
