conf,end,start,word
0.904291,0.39,0.0,أَمْرُ
1.0,0.78,0.390081,عَلِي
0.998599,1.056757,0.78,بْنِ
0.218155,1.169684,1.079684,أَبِي
