conf,end,start,word
0.59212,0.48,0.0,أَطْيَبُ
0.693587,0.68974,0.483899,عَلِي
0.36747,1.169536,0.68974,ٱلْمُقَاوَمَةِ
