conf,end,start,word
0.664775,0.479227,0.060011,لِابْنِ
0.964375,0.719971,0.479227,عَلِي
0.853802,1.11,0.72,ٱلْجَنُوبِ
