conf,end,start,word
0.376811,0.42,0.0,ٱلْإِيرَانِيَّةُ
1.0,0.660036,0.42,عَلِي
0.997861,0.96,0.660036,أَكْبَرْ
0.782879,1.17,0.99,صَالِحِي
