conf,end,start,word
0.628229,0.448998,0.03,سِيَاسِيَّةٌ
0.786974,0.69,0.448998,عَلِي
0.540161,0.98796,0.69,أَصْغَرْ
