conf,end,start,word
0.988176,0.45,0.252539,بِنْ
1.0,0.66,0.45,عَلِي
0.946835,1.169399,0.66,يِلْدَرِيمْ
