conf,end,start,word
0.966149,0.51,0.03,فَرْحَانْ
0.824078,0.66,0.54,آلْ
0.927209,1.109812,0.66,سُعُودْ
