conf,end,start,word
0.971227,0.449743,0.078083,بِنْ
0.99808,0.691054,0.449743,عَلِي
0.676073,1.109862,0.691054,يِلْدِرِيمْ
