conf,end,start,word
0.520751,0.39,0.24,غَيْرُ
0.578214,0.75,0.39,عَادِيٍّ
0.881822,0.996137,0.75136,فِي
