conf,end,start,word
0.665054,0.36,0.03,شَيْخٌ
1.0,0.777899,0.39,عَلِي
0.588323,1.17,0.78,ٱرُّومِي
