conf,end,start,word
0.967819,0.42,0.03,قَدَّمَ
0.982919,0.69,0.42,عَلِي
0.543031,1.098092,0.69,مُحَمَّدْ
