conf,end,start,word
0.995035,0.45,0.03,بِنْ
1.0,0.690115,0.45,عَلِي
0.346369,1.104746,0.690115,يَالْدَرِيمْ
