conf,end,start,word
0.606746,0.39,0.03,فِي
0.957622,0.75,0.42,عَلِي
0.516731,1.08,0.75,رَشْ
