conf,end,start,word
0.792861,0.48,0.03,قَطَرِيَّةٌ
0.997528,0.688947,0.48,عَلِي
0.961118,1.023741,0.69,شَرِيفْ
