conf,end,start,word
0.48173,0.48,0.0,ٱنْظُرِي
1.0,0.719795,0.480054,عَلِي
0.993167,1.106104,0.72,شَرِيفْ
