conf,end,start,word
0.243359,0.36,0.03,كَافْ
0.813768,0.710453,0.386321,عَلِي
0.448715,1.17,0.710453,هِيلْدِرِيتْشْ
