conf,end,start,word
0.44006,0.251224,0.0,أَنَّهُ
0.959347,0.45,0.251224,بِنْ
1.0,0.690097,0.45,عَلِي
0.877153,1.14,0.690097,يِلْدَرِيمْ
