conf,end,start,word
0.840803,0.48,0.03,صَادِرٌ
1.0,0.63,0.48307,عَنْ
0.997299,0.931267,0.63,وِزَارَةِ
0.735544,1.17,0.931267,ٱلْخَارِجِيَّةِ
