conf,end,start,word
1.0,0.48,0.033397,يَقِلُّ
1.0,0.63,0.48,عَنْ
0.537069,1.019883,0.63,ثَمَانِيَةِ
0.526341,1.14,1.02,أَشْهُرٍ
