conf,end,start,word
0.985254,0.479799,0.0,ٱلِّيبِيَّةِ
0.986937,0.629978,0.479799,عَنْ
0.363388,0.988461,0.629978,مَسَاعِي
