conf,end,start,word
0.74434,0.51,0.0,ٱبْتِعَادٍ
1.0,0.63,0.510964,عَنْ
0.996691,0.929861,0.63,كُلِّ
