conf,end,start,word
0.687783,0.65981,0.509507,عَنْ
0.994384,1.012458,0.65981,تَنْظِيمِ
0.636893,1.17,1.02,دَاعِشْ
