conf,end,start,word
0.45846,0.45,0.044271,بَاتَ
0.996507,0.72,0.460431,عَنْ
0.36071,1.17,0.72,إِرِيتْرِيَّانْ
