conf,end,start,word
0.664325,0.629646,0.480095,عَنْ
0.509622,1.02798,0.629646,مَسْؤُولٍ
0.15564,1.17,1.02798,فَرَنْسِيٍّ
