conf,end,start,word
1.0,0.720023,0.453657,عَنِ
0.376553,1.17,0.720023,ٱتَّصْوِيتِ
