conf,end,start,word
0.983703,0.51,0.03,نَقْلًا
0.976949,0.628052,0.51,عَنْ
0.918183,0.971956,0.630265,وَسَائِلِ
0.435433,1.17,0.971956,ٱلْإِعْلَامِ
