conf,end,start,word
0.649806,0.509583,0.0,ٱلْجُمْهُورِيَّةِ
1.0,0.69,0.509583,عَنْ
0.846041,1.041222,0.69,وِلَايَةِ
