conf,end,start,word
0.804244,0.479094,0.03,يَكْفِي
1.0,0.66,0.479094,عَنْ
0.91126,1.018585,0.66,تَنْفِيذِ
