conf,end,start,word
0.991947,0.688836,0.42,عَنْ
0.475722,1.139746,0.689941,مُسَاوَاةٍ
