conf,end,start,word
0.635367,0.48,0.03,مُخْتَلِفَيْنِ
1.0,0.630015,0.48,عَنْ
0.987483,1.000884,0.630015,مَشْرُوعٍ
