conf,end,start,word
0.769191,0.48,0.03,نَاجِمَةٌ
1.0,0.660016,0.48,عَنِ
0.969078,1.080135,0.660016,ٱنْتِشَارِ
