conf,end,start,word
0.578885,0.419491,0.0,أَبْرَزُ
0.847902,0.689987,0.419491,عَنْ
0.985697,0.990764,0.690489,مَكْتَبِ
0.603112,1.17,0.990764,ٱسِّيسِي
