conf,end,start,word
1.0,0.51,0.0,ٱلْجَزِيرَةُ
0.996083,0.630021,0.51,عَنْ
0.562355,1.101312,0.630021,مَسْؤُولِينَ
