conf,end,start,word
1.0,0.45,0.0,أُفْرِجَ
0.99631,0.63017,0.45,عَنِ
0.525909,0.974677,0.63017,ٱلْقَصْفِ
