conf,end,start,word
1.0,0.51,0.03,بَاكِسْتَانَ
0.998934,0.659995,0.51,عَنْ
0.881283,1.026407,0.659995,مَصَادِرَ
0.391425,1.17,1.026407,أَمْنِيَّةٍ
