conf,end,start,word
1.0,0.51,0.0,ٱلْهُجُومِ
0.998014,0.659981,0.51,عَنْ
1.0,0.989764,0.659981,مَقْتَلِ
