conf,end,start,word
0.99621,0.48,0.0,ٱسُّعُودِيَّةِ
0.99498,0.66,0.48,عَنِ
0.692863,0.961846,0.66,ٱلْمُدُنِ
0.24752,1.17,0.961846,ٱلِّيبِيَّةِ
