conf,end,start,word
1.0,0.480081,0.0,ٱلْقَاهِرَةِ
0.987589,0.63,0.480081,عَنْ
0.977706,0.943121,0.63,حَقْلٍ
