conf,end,start,word
0.995996,0.45,0.03,رُويْتَرْزْ
0.995996,0.69,0.45,عَنْ
0.183215,1.109422,0.72,شَرِيكِهِ
