conf,end,start,word
0.248185,0.532209,0.09,رَاجِعًا
0.601339,0.63,0.532209,عَنِ
0.948623,1.07723,0.630066,ٱلْأَسْرَى
