conf,end,start,word
0.999166,0.48,0.03,تَقْرِيرًا
1.0,0.657882,0.48,عَنْ
0.65194,1.010363,0.66,قِيَمٍ
