conf,end,start,word
0.928865,0.48,0.0,أَدِيبٌ
1.0,0.66,0.481293,عَنْ
0.990981,1.020365,0.66,أَمَلِهِ
0.851979,1.084202,1.020365,فِي
