conf,end,start,word
0.922232,0.48,0.03,مَنْدُوبِينَ
0.997643,0.630689,0.480219,عَنِ
0.960778,0.929466,0.630689,ٱدُّوَلِ
