conf,end,start,word
1.0,0.48,0.0,ٱلْجَزِيرَةُ
0.996359,0.629991,0.48,عَنْ
0.871199,1.037929,0.629991,مَصَادِرَ
