conf,end,start,word
0.408192,0.448861,0.0,أَمِيرْكِيَّةٌ
0.994829,0.662509,0.448861,عَنْ
0.273355,1.139632,0.662509,أُحْبِطَ
