conf,end,start,word
0.977475,0.149283,0.03,لَا
1.0,0.48,0.149283,يَقِلُّ
1.0,0.63,0.48,عَنْ
