conf,end,start,word
0.926852,0.45,0.0,أُعْلِنَ
0.99942,0.72,0.45,عَنْ
0.550761,1.005785,0.75,أَنَّهُ
