conf,end,start,word
1.0,0.48,0.03,فِيهَا
0.860501,0.623156,0.48,عَنْ
0.415272,1.068706,0.629918,مُعَارَضَةٍ
