conf,end,start,word
0.992505,0.65993,0.45,عَنِ
0.749373,1.137873,0.65993,ٱصِّرَاعِ
