conf,end,start,word
0.8861,0.659673,0.498953,عَنْ
0.240828,1.076427,0.659673,مَسْؤُولِينَ
