conf,end,start,word
0.999526,0.69,0.45,عَنْ
0.978435,0.967898,0.69,هَذِهِ
