conf,end,start,word
0.555117,0.535365,0.0,ٱسْتِقْلَالِهَا
0.986707,0.63,0.535365,عَنْ
0.583585,1.14,0.66,إِسْبَانِيَا
