conf,end,start,word
0.920503,0.48,0.030356,عَدَنَ
0.99874,0.66,0.48,عَنْ
0.983244,1.055812,0.66,تَشْكِيلِ
