conf,end,start,word
0.368935,0.51,0.03,سِيَاسَةٌ
0.93728,0.689376,0.514262,عَنْ
0.491104,1.139816,0.689376,مَصَادِرَ
