conf,end,start,word
0.911936,0.48,0.030479,نُقِلَ
1.0,0.66,0.482642,عَنِ
0.857682,1.11,0.66,ٱلْمَصَادِرِ
