conf,end,start,word
0.313884,0.417139,0.0,ٱلْجَزِيرَةُ
0.996032,0.72,0.417139,عَنْ
0.176107,1.132506,0.78,سُلْطَةٍ
