conf,end,start,word
1.0,0.48,0.03,رُويْتَرْزْ
0.999924,0.600005,0.48,عَنْ
0.502273,1.036129,0.600005,مَصْدَرَيْنِ
