conf,end,start,word
0.853925,0.48,0.0,أَتَحَدَّثُ
1.0,0.659515,0.48,عَنْ
0.977333,0.960385,0.66,مَدِينَةِ
0.219588,1.14,0.960385,طَرَابُلُسَ
