conf,end,start,word
0.998466,0.72,0.45,عَنْ
0.649457,1.08,0.720071,قَلَقٍ
