conf,end,start,word
0.895308,0.417265,0.03,رَمْزٌ
1.0,0.63,0.417265,عَنْ
0.980482,0.987788,0.63,حِمَايَةِ
0.399865,1.14,0.99,نَفْسِهَا
