conf,end,start,word
0.996726,0.659965,0.48,عَنْ
0.868719,1.065246,0.659965,مَسِيرَةٍ
