conf,end,start,word
0.529317,0.45,0.03,إِلْيَاسْ
0.851354,0.69,0.45014,عَنِ
0.320487,1.17,0.69,ٱسْتِعْدَادٍ
