conf,end,start,word
0.646805,0.504835,0.0,أَوْفَى
0.979073,0.63,0.504835,عَنْ
0.994964,0.933053,0.630074,أَخْبَارِ
0.383568,1.17,0.933053,ٱلْعَالَمِ
