conf,end,start,word
0.883472,0.209104,0.0,ٱلَّهِ
0.953113,0.510601,0.209104,صَالِحْ
0.945306,0.659977,0.510601,عَنِ
1.0,1.11,0.659977,ٱلْحُضُورِ
