conf,end,start,word
0.974189,0.510029,0.03,بِقُوَّةٍ
0.799854,0.629983,0.510029,عَنْ
0.993777,1.040763,0.629983,نَفْسِهَا
