conf,end,start,word
0.997446,0.690024,0.39,عَنْ
0.413975,1.17,0.690024,أَسْبَابِهَا
