conf,end,start,word
1.0,0.51,0.033126,نَقْلًا
1.0,0.63,0.51,عَنْ
0.993088,1.028103,0.63,مَصَادِرَ
0.271792,1.17,1.028103,أَمْنِيَّةٍ
