conf,end,start,word
0.705567,0.507652,0.005652,ٱلَّلِي
0.863271,0.658772,0.507652,عَنْ
0.605699,1.092314,0.65992,مَسْؤُولِينَ
