conf,end,start,word
0.986113,0.45,0.0,ٱلْحَدِيثِ
1.0,0.629918,0.480313,عَنْ
0.621646,1.136004,0.63,جَوْلَتِنَا
