conf,end,start,word
0.688323,0.51012,0.0,ٱلْخِبْرَاتِ
0.893763,0.659649,0.51012,عَنِ
0.960658,1.035901,0.659649,ٱلَّائِحَةِ
