conf,end,start,word
1.0,0.48,0.03,جُزْئِيًّا
1.0,0.66,0.48,عَنْ
0.995845,1.021252,0.66,مَدِينَةِ
0.626679,1.17,1.021252,تِكْرِيتَ
