conf,end,start,word
1.0,0.48,0.0,ٱلْبَحْثِ
1.0,0.689939,0.48,عَنْ
0.920951,0.991294,0.72,آلَافِ
0.245063,1.17,0.991294,ٱسِّنِينَ
