conf,end,start,word
0.652377,0.62792,0.510325,عَنْ
0.855186,0.822245,0.62792,مَصَادِرَ
0.124212,1.05,0.822245,مَصَادِرُهَا
