conf,end,start,word
0.571613,0.45,0.03,سْتَانْ
0.988693,0.689032,0.451031,عَنْ
0.952259,1.11,0.68999,مَبْعُوثٍ
