conf,end,start,word
0.948202,0.480081,0.03,سُورِيَا
0.98949,0.69,0.480081,عَنْ
0.537956,1.130199,0.69,تَخَوُّفٍ
