conf,end,start,word
0.539181,0.63,0.508732,عَنْ
0.950234,1.044845,0.643155,عُقُوبَاتٍ
