conf,end,start,word
0.996865,0.51,0.041337,بُوسْتْ
0.999155,0.66,0.51,عَنْ
0.958052,0.98426,0.66,مَسْؤُولٍ
0.708822,1.046783,0.986783,فِي
