conf,end,start,word
0.454316,0.506765,0.0,ٱلْإِسْرَائِيلِيَّةِ
0.688762,0.62855,0.506765,عَنْ
0.745749,0.990921,0.62855,مَسْؤُولِينَ
0.10546,1.17,0.990921,مِصْرِيِّينَ
