conf,end,start,word
0.556313,0.45,0.03,حَدِيثٌ
0.999155,0.69,0.46978,عَنْ
0.997161,0.959486,0.69,حَلٍّ
0.736426,1.14,0.99,سِيَاسِيٍّ
