conf,end,start,word
0.997837,0.51,0.0,أَنْبَاءٌ
1.0,0.63,0.51,عَنْ
0.974046,0.990379,0.63,سُكَّانِ
0.065155,1.17,0.990379,آتْشِيهْ
