conf,end,start,word
0.997459,0.75003,0.42,عَنِ
0.206921,1.17,0.75003,ٱلْمِحْوَرِ
