conf,end,start,word
0.724385,0.480593,0.0,ٱلْإِقْلِيمِ
0.84229,0.679329,0.486475,أَنَا
0.489435,1.147469,0.689661,ٱعْتِقَادِي
