conf,end,start,word
0.989544,0.475154,0.03,رُويْتَرْزْ
1.0,0.63,0.484795,عَنْ
0.964855,1.078885,0.63,مَصَادِرَ
