conf,end,start,word
0.63625,0.48,0.03,قَلِيلًا
0.961601,0.66,0.48,عَنْ
0.81591,1.018933,0.69,آلِيَّةِ
