conf,end,start,word
0.300971,0.453862,0.0,ٱسَّعَادِي
0.798591,0.689078,0.48,عَنِ
0.628444,1.11,0.69,ٱلْعُنْفِ
