conf,end,start,word
0.978581,0.51,0.0,ٱصَّحِّ
0.98694,0.66,0.510156,عَنْ
0.970071,1.11,0.66,شَكْلٍ
