conf,end,start,word
0.233881,0.537541,0.0,أَوْفَاهُ
0.859053,0.65979,0.537541,عَنْ
0.966405,0.945596,0.65979,أَخْبَارٍ
