conf,end,start,word
0.839322,0.48,0.0,ٱلْأَمِيرْكِيَّةِ
0.99877,0.65899,0.48,عَنْ
0.951123,1.083721,0.69,خَيْبَةِ
