conf,end,start,word
0.985903,0.75,0.39,عَنْ
0.362838,1.139161,0.81,مَسْأَلَةِ
