conf,end,start,word
0.698934,0.509982,0.03,بِانَّايِفِ
1.0,0.63,0.509982,عَنْ
0.838524,1.073818,0.63,قَلَقِهِمْ
