conf,end,start,word
0.476113,0.451896,0.0,ٱتَّايْمِزْ
0.885623,0.65906,0.452105,عَنْ
0.723403,0.991663,0.66,تَقْرِيرِ
0.157469,1.17,0.991663,ٱسِّيسِي
