conf,end,start,word
0.954229,0.48,0.06,رُويْتَرْزْ
0.954229,0.63,0.48,عَنْ
0.946019,0.995594,0.63,تَقْرِيرِ
0.485172,1.17,0.995594,ٱلْمَصِيرِ
