conf,end,start,word
0.646365,0.47655,0.039299,هُنَا
0.920175,0.660429,0.47655,عَنِ
0.978593,0.961282,0.660429,ٱدِّفَاعِ
0.484286,1.017702,0.961282,عَنْ
