conf,end,start,word
0.484818,0.45,0.03,تَبْحَثُ
1.0,0.66,0.493701,عَنْ
0.799278,1.054336,0.66,مَقْتَلِ
