conf,end,start,word
0.373669,0.27,0.0,أَوَّلًا
0.978999,0.630771,0.45,عَنْ
0.884732,0.899808,0.630771,أَعْمَالِ
0.985695,1.17,0.899808,ٱلْعُنْفِ
