conf,end,start,word
0.750078,0.69,0.372906,عَنْ
0.99693,1.14,0.72,أَنِيسٍ
