conf,end,start,word
0.767175,0.53845,0.0,ٱرُّوسِيَّةِ
0.999963,0.66,0.53845,عَنْ
0.987002,0.960996,0.66,وِزَارَةِ
0.928889,1.14,0.960996,ٱدِّفَاعِ
