conf,end,start,word
0.608349,0.508887,0.0,ٱمْتِنَاعٌ
1.0,0.66,0.508887,عَنْ
0.674875,0.905279,0.66,رَهْنِ
0.194651,1.17,0.905279,ٱلْقَضَاءِ
