conf,end,start,word
0.479396,0.513115,0.03,لِتَكُونَ
0.466343,0.62869,0.513115,عَنْ
0.634655,1.021416,0.62869,مَسْؤُولِينَ
0.609661,1.080162,1.021416,فِي
