conf,end,start,word
0.9198,0.63,0.48,عَنْ
0.982282,1.109003,0.631022,مَسْؤُولٍ
