conf,end,start,word
0.438235,0.477755,0.0,أَسْلِحَةٍ
0.956495,0.63,0.490077,عَنْ
0.996102,1.08,0.631153,إِيرَانَ
