conf,end,start,word
0.221341,0.48,0.03,تْرَامْبْ
0.999868,0.660623,0.489289,عَنِ
0.463258,1.150159,0.660623,ٱسْتِيَائِهِ
