conf,end,start,word
0.881696,0.721505,0.45,عَنِ
0.715756,1.16409,0.721505,ٱرَّئِيسِ
