conf,end,start,word
0.934485,0.509695,0.031695,قَطَرَ
0.992129,0.63,0.509695,عَنْ
0.99921,0.994059,0.630163,حُزْمَةِ
0.486345,1.17,0.994059,ٱسِّيسِي
