conf,end,start,word
0.560789,0.479998,0.03,لِيبِيَّةٌ
0.90671,0.69,0.479998,عَنِ
0.190074,1.17,0.69,ٱسْتِغْلَالِهِمْ
