conf,end,start,word
0.957426,0.480001,0.0,ٱسُّعُودِيَّةِ
0.999875,0.63016,0.480001,عَنْ
0.376962,1.012269,0.63016,قِيَادَاتٍ
