conf,end,start,word
0.68544,0.35591,0.031479,فِي
1.0,0.78,0.35591,غَارَاتٍ
1.0,1.139734,0.78,جَوِّيَّةٍ
