conf,end,start,word
0.948534,0.51,0.0,ٱدِّفَاعِ
1.0,0.629861,0.51,عَنْ
0.995359,1.00192,0.63,نَفْسِهَا
