conf,end,start,word
0.618355,0.502329,0.03,تَقْرِيرًا
0.921518,0.618158,0.502329,عَنِ
0.235123,1.17,0.618158,ٱلِٱسْتِخْبَارَاتِ
