conf,end,start,word
0.976271,0.69,0.421141,عَنْ
0.851794,1.14,0.6901,صِهْرِهِ
