conf,end,start,word
0.585734,0.33,0.0,أَلْفُ
0.983777,0.839604,0.36,غَارَاتٍ
0.892975,1.035402,0.84,عَلَى
