conf,end,start,word
0.98946,0.449865,0.273198,فِي
0.990667,0.749613,0.449865,غَارَاتٍ
0.93069,1.103275,0.75,رُوسِيَّةٍ
