conf,end,start,word
0.90704,0.329789,0.03,فِي
0.94995,0.84,0.33,غَارَاتٍ
0.505672,1.17,0.84,تَسْتَهْدِفُ
