conf,end,start,word
0.954448,0.359962,0.21,فِي
0.979323,0.781347,0.360175,غَارَاتٍ
0.630658,1.14,0.781347,وَقَصْفٍ
