conf,end,start,word
0.954849,0.41958,0.03,بِأَنَّ
0.988904,0.720671,0.41958,غَارَاتِ
0.939892,1.169691,0.720671,ٱتَّحَالُفِ
