conf,end,start,word
0.942969,0.39,0.03,شَنَّتْ
1.0,0.720833,0.418289,غَارَاتٍ
0.709803,1.024329,0.720833,مَسَاءَ
0.440657,1.17,1.024329,ٱلْخَيْرِ
