conf,end,start,word
0.645281,0.832569,0.33,غَارَاتُهَا
0.948797,1.028612,0.832569,عَلَى
