conf,end,start,word
0.617545,0.355786,0.092132,فِي
1.0,0.81,0.355786,غَارَاتٍ
