conf,end,start,word
0.820735,0.418202,0.03,سِلْسِلَةُ
0.998458,0.78,0.418202,غَارَاتٍ
0.989584,1.17,0.78,ٱسْتَهْدَفَتْ
