conf,end,start,word
0.999632,0.78,0.330173,غَارَاتٍ
0.96123,0.999041,0.78,عَلَى
