conf,end,start,word
0.961606,0.3,0.03,مَعَ
1.0,0.842022,0.33,غَارَاتٍ
0.613601,1.17,0.842022,لِطَّيَرَانِ
