conf,end,start,word
1.0,0.33,0.03,شَنَّتْ
1.0,0.78,0.36,غَارَاتٍ
0.994828,1.030987,0.78,عَلَى
0.194041,1.169857,1.049857,أَسَاسِ
