conf,end,start,word
0.859491,0.810276,0.36,غَارَاتٌ
0.831483,1.17,0.810276,لِطَّيَرَانِ
