conf,end,start,word
0.882792,0.39,0.210511,فِي
0.982673,0.78,0.39,غَارَاتٍ
0.662921,1.17,0.78,شَنَّتْهَا
