conf,end,start,word
1.0,0.780228,0.360088,غَارَاتُ
0.285845,1.14,0.780228,مَوَاقِفَ
