conf,end,start,word
0.821815,0.81,0.308716,غَارَاتٌ
0.38698,1.014454,0.81,فِي
0.243806,1.17,1.02,لِيبْيَا
