conf,end,start,word
0.856001,0.36,0.03,جَرَّاءَ
0.958108,0.750433,0.390154,غَارَاتٍ
0.936177,1.14,0.750433,لِطَّيَرَانِ
