conf,end,start,word
0.951367,0.360052,0.18,فِي
0.995325,0.808114,0.361466,غَارَاتٍ
