conf,end,start,word
0.799584,0.410841,0.03,شَنَّتْ
1.0,0.78,0.410841,غَارَاتٍ
0.987964,1.031254,0.78,عَلَى
