conf,end,start,word
0.913647,0.300607,0.03,عِدَّةُ
0.970731,0.75,0.33,غَارَاتٍ
0.991897,1.014045,0.75,عَلَى
