conf,end,start,word
1.0,0.809952,0.33,غَارَاتٍ
0.997288,1.021943,0.81,عَلَى
0.094946,1.17,1.021943,أَسَاسِ
