conf,end,start,word
0.630483,0.386814,0.24036,فِي
1.0,0.75,0.386814,غَارَاتٍ
0.974584,1.132535,0.75,رُوسِيَّةٍ
