conf,end,start,word
0.528757,0.663209,0.36,غَارَةٌ
0.529515,1.17,0.811914,مُكَثَّفَةٌ
