conf,end,start,word
0.958689,0.39,0.0,أَنَّ
0.993669,0.78,0.391247,غَارَاتٍ
0.847643,1.17,0.78,لِتَّحَالُفِ
