conf,end,start,word
0.923237,0.36,0.03,بَعْدَ
0.99537,0.78,0.39,غَارَاتٍ
0.658292,1.169645,0.81,شَنَّتْهَا
