conf,end,start,word
0.866557,0.390017,0.06,إِثْرَ
0.834695,0.75,0.419823,غَارَاتٍ
0.145204,1.169639,0.75,لِطَهْرَانَ
