conf,end,start,word
0.776857,0.387117,0.0,أَثَرُ
0.641541,0.722841,0.416569,غَارَاتٍ
0.573282,1.086804,0.722841,رُوسِيَّةٍ
