conf,end,start,word
0.958835,0.750242,0.398792,غَارَاتٌ
0.811496,1.17,0.750242,رُوسِيَّةٌ
