conf,end,start,word
0.682434,0.81,0.273873,غَارَاتٌ
0.470044,1.165891,0.96,جَوِّيَّةٌ
