conf,end,start,word
0.98541,0.39,0.03,جَرَّاءَ
0.963433,0.759322,0.419862,غَارَاتٍ
