conf,end,start,word
0.746873,0.39,0.24,فِي
0.993498,0.78,0.390372,غَارَاتٍ
1.0,1.157189,0.78,جَدِيدَةٍ
