conf,end,start,word
0.884306,0.808654,0.33078,غَارَاتٍ
0.863625,1.011982,0.81,عَلَى
