conf,end,start,word
0.996852,0.750099,0.379446,غَارَاتٌ
0.838959,1.14,0.750099,لِتَّحَالُفِ
