conf,end,start,word
0.997264,0.36,0.03,فِي
0.999595,0.820656,0.360082,غَارَاتٍ
