conf,end,start,word
0.724873,0.39,0.240107,فِي
0.930801,0.780528,0.390066,غَارَاتٍ
0.887008,1.17,0.780528,شَنَّتْهَا
