conf,end,start,word
0.903392,0.417764,0.21102,فِي
0.99405,0.750101,0.417764,غَارَاتِ
0.283946,1.17,0.96,ٱتَّحَالُفِ
