conf,end,start,word
0.592461,0.837722,0.0,ٱلْغَارَاتُ
0.809656,1.106483,0.84,عَلَى
