conf,end,start,word
0.96472,0.36,0.03,فِي
0.996257,0.78,0.36095,غَارَاتٍ
