conf,end,start,word
0.692154,0.266274,0.0,أَوْ
0.856535,0.36,0.266274,فِي
0.997676,0.78,0.364286,غَارَاتٍ
1.0,1.169165,0.78,رُوسِيَّةٍ
