conf,end,start,word
0.394257,0.36,0.0,أَوْ
0.974674,0.81,0.375326,غَارَاتٌ
0.983021,1.169218,0.81,رُوسِيَّةٌ
