conf,end,start,word
0.553577,0.330275,0.036957,فِي
0.972433,0.81,0.330275,غَارَاتٍ
