conf,end,start,word
0.821836,0.42,0.240795,فِي
0.651069,0.78,0.42022,غَارَةٍ
1.0,1.17,0.78,مُمَاثِلَةٍ
