conf,end,start,word
0.784923,0.39,0.241353,فِي
0.99309,0.78,0.390588,غَارَاتٍ
0.972198,1.17,0.78,وَقَصْفٍ
