conf,end,start,word
0.418498,0.36,0.03,عَرَبِيٌّ
1.0,0.778578,0.384574,غَارَاتٍ
0.95217,0.989349,0.78,عَلَى
