conf,end,start,word
0.784543,0.75016,0.370033,غَارَاتٌ
0.925476,1.17,0.810625,ٱسْتَهْدَفَتْ
