conf,end,start,word
0.991587,0.780491,0.389362,غَارَاتٌ
0.169249,1.17,0.780491,لِطَائِرَاتٍ
