conf,end,start,word
0.707863,0.418156,0.27,فِي
0.747388,0.75,0.420586,غَارَاتٍ
0.613503,1.135625,0.78,رُوسِيَّةٍ
