conf,end,start,word
0.726835,0.809883,0.362657,غَارَاتٌ
0.940537,1.17,0.81,شَنَّتْهَا
