conf,end,start,word
1.0,0.33,0.03,بَعْدَ
1.0,0.809755,0.36,غَارَاتٍ
0.970111,1.01983,0.81,عَلَى
0.204313,1.14,1.02,حِسَابِ
