conf,end,start,word
0.960484,0.36,0.03,شَنَّتْ
1.0,0.779924,0.39,غَارَاتٍ
0.989354,1.004246,0.78,عَلَى
