conf,end,start,word
0.998931,0.36,0.03,شَنَّتْ
1.0,0.75,0.389968,غَارَاتٍ
0.987888,1.006249,0.75,عَلَى
