conf,end,start,word
0.840109,0.809963,0.0,ٱلْغَارَاتُ
0.981152,1.020863,0.81,عَلَى
0.074549,1.17,1.020863,سُورِيَا
