conf,end,start,word
0.975231,0.780319,0.375868,غَارَاتٌ
0.953278,1.17,0.780319,ٱسْتَهْدَفَتْ
