conf,end,start,word
0.943004,0.39,0.24,فِي
0.98849,0.78,0.391538,غَارَاتٍ
1.0,1.168187,0.78,جَوِّيَّةٍ
