conf,end,start,word
0.512647,0.33,0.0,ٱلْحَزْمِ
0.999596,0.780014,0.36,غَارَاتٍ
0.974532,1.021774,0.81,عَلَى
0.069215,1.17,1.021774,مُسْتَوَى
