conf,end,start,word
0.614514,0.329308,0.03,شِرَاءُ
0.600346,0.780999,0.33,عَقَارَاتٍ
0.263688,1.14,0.780999,لَطِيفٌ
