conf,end,start,word
0.452639,0.330244,0.03,سَنَةُ
0.987087,0.78,0.367108,غَارَاتٍ
0.974416,1.064229,0.780159,عَلَى
