conf,end,start,word
0.998574,0.81,0.33,غَارَاتٍ
0.842873,1.038902,0.81,عَلَى
