conf,end,start,word
0.786604,0.78,0.390239,غَارَاتٌ
0.93032,1.133397,0.81,شَنَّتْهَا
