conf,end,start,word
0.976993,0.81,0.337552,غَارَاتٌ
0.97052,1.167486,0.81,رُوسِيَّةٌ
