conf,end,start,word
1.0,0.837838,0.300148,غَارَاتٍ
0.714568,1.044318,0.84,عَلَى
