conf,end,start,word
0.927429,0.78607,0.330502,غَارَاتُ
0.268882,1.17,0.78607,ٱرُّوسِيِّ
