conf,end,start,word
0.97887,0.39,0.12,فِي
0.824253,0.746555,0.390258,غَارَاتٍ
0.536032,1.146363,0.78,رُوسِيَّةٍ
