conf,end,start,word
0.685512,0.389981,0.210115,فِي
0.981993,0.78,0.389981,غَارَاتٍ
0.982994,1.17,0.78,رُوسِيَّةٍ
