conf,end,start,word
0.986128,0.329812,0.03,إِلَى
0.998654,0.810058,0.36,غَارَاتٍ
0.235781,1.17,0.810058,مُتَصَاعِدَةٍ
