conf,end,start,word
0.940852,0.360334,0.09,إِثْرَ
0.939223,0.815001,0.360334,وَرَاتِبٍ
0.482078,1.14,0.815001,بِالْبَرَامِيلِ
