conf,end,start,word
0.946589,0.837376,0.330354,غَارَاتٍ
0.774844,1.052508,0.84,عَلَى
