conf,end,start,word
0.92106,0.357646,0.0,أَنَّ
0.886224,0.81,0.360308,غَارَاتٍ
0.949183,1.041308,0.81,عَلَى
