conf,end,start,word
0.997834,0.382801,0.03,مِنْ
0.618016,0.785021,0.39,غَارَاتِ
0.404992,1.17,0.785021,ٱلْمُكَثَّفَةِ
