conf,end,start,word
0.922409,0.419844,0.03,فِي
0.927189,0.750733,0.42,غَارَاتٍ
0.648907,1.17,0.750733,لِطَّيَرَانِ
