conf,end,start,word
0.398483,0.33,0.0,أَوْ
0.813246,0.81,0.3569,غَارَاتٌ
0.882697,1.17,0.84,رُوسِيَّةٌ
