conf,end,start,word
0.90796,0.837606,0.332874,غَارَاتٍ
0.883739,1.03043,0.84,عَلَى
