conf,end,start,word
0.96569,0.36,0.03,فِي
0.998489,0.84019,0.360156,غَارَاتٍ
0.304125,1.166849,0.84019,شُنَّتْ
