conf,end,start,word
0.512067,0.39,0.240847,فِي
0.818062,0.809983,0.390196,غَارَاتٍ
0.64021,1.138458,0.81,شُنَّتْ
