conf,end,start,word
0.994625,0.83959,0.330872,غَارَاتٍ
0.827674,1.063484,0.84,عَلَى
