conf,end,start,word
0.993951,0.839978,0.410037,غَارَاتٌ
0.584811,1.17,0.84,شَنَّتْهَا
