conf,end,start,word
0.95069,0.329453,0.03,فِي
1.0,0.84,0.329453,غَارَاتٍ
0.966528,1.17,0.84,كَثِيفَةٍ
