conf,end,start,word
0.75363,0.81,0.330167,غَارَاتٍ
0.925157,1.017298,0.81,عَلَى
