conf,end,start,word
0.745165,0.36,0.03,جَرَّاءَ
1.0,0.810032,0.389141,غَارَاتٍ
0.613968,1.17,0.84,شَنَّتْهَا
