conf,end,start,word
0.989884,0.808488,0.343296,غَارَاتٍ
0.938248,1.013962,0.81,عَلَى
