conf,end,start,word
0.578132,0.750601,0.39,غَارَاتُ
0.313905,1.036973,0.750601,ٱلَّيْلَةِ
