conf,end,start,word
0.939426,0.749984,0.3,غَارَاتٌ
0.996437,0.993627,0.75,عَلَى
0.107687,1.17,0.993627,فِيسْبُوكْ
