conf,end,start,word
0.90139,0.39,0.21,فِي
0.9989,0.780781,0.390172,غَارَاتٍ
0.31621,1.14,0.780781,لِطَّيَرَانِ
