conf,end,start,word
0.952468,0.42,0.0,أَنَّ
1.0,0.75,0.422208,غَارَاتِ
1.0,1.029299,0.75,عَاصِفَةِ
0.800802,1.17,1.029299,ٱلْحَزْمِ
