conf,end,start,word
0.790048,0.236974,0.0,أَوْ
0.906749,0.36,0.236974,فِي
1.0,0.78,0.362598,غَارَاتٍ
0.994823,1.14,0.78,رُوسِيَّةٍ
