conf,end,start,word
0.488336,0.411656,0.03,تَنْسِيقُ
0.512298,0.780262,0.441154,غَارَاتٍ
0.483841,1.131229,0.780262,رُوسِيَّةٍ
