conf,end,start,word
0.994594,0.86646,0.3,غَارَاتٍ
0.588272,1.075056,0.87,عَلَى
