conf,end,start,word
0.994972,0.69,0.48,فِي
0.894424,1.053711,0.69,مُحَافَظَةِ
0.456547,1.17,1.053711,إِدْلِبَ
