conf,end,start,word
0.804601,0.751544,0.21,لِغَارَاتٍ
0.434148,1.110742,0.751544,وَعَاصِفَةٍ
