conf,end,start,word
0.967043,0.510008,0.0,أَمْنِيَّةٌ
0.998822,0.66,0.510008,فِي
0.639182,0.930188,0.66,جِهَازِ
0.645096,1.17,0.961715,ٱشُّرْطَةِ
