conf,end,start,word
0.75722,0.234852,0.03,فِي
0.418447,0.475308,0.24,غُضُونِ
0.993205,0.63,0.475308,فِي
1.0,1.050586,0.630204,كُولُومْبِيَا
