conf,end,start,word
0.820281,0.51,0.03,مُشَارَكَةٌ
1.0,0.599921,0.510088,فِي
0.970806,1.02,0.6,ٱجْتِمَاعٍ
