conf,end,start,word
0.625089,0.48,0.03,لِدَّوْلَةِ
0.999277,0.632768,0.483194,فِي
0.99801,0.931706,0.632772,لِيبْيَا
