conf,end,start,word
0.96722,0.48,0.03,مَنَاطِقَ
0.999329,0.63,0.48,فِي
0.968191,0.993482,0.63,مُحِيطِ
