conf,end,start,word
0.969138,0.66,0.48,فِي
0.969138,1.109826,0.66,مَايُو
