conf,end,start,word
0.960855,0.54,0.03,إِنْسَانِيَّةٌ
0.993854,0.63,0.54,فِي
0.993854,0.960704,0.63,ٱلْأُمَمِ
0.979943,1.17,0.960704,ٱلْمُتَّحِدَةِ
