conf,end,start,word
1.0,0.48,0.03,وَأَضَافَ
1.0,0.659972,0.48,فِي
0.993483,0.994445,0.66,مُؤْتَمَرِ
0.202312,1.17,0.994445,ٱسَّلَامِ
