conf,end,start,word
0.955237,0.42,0.03,شَارَكَ
1.0,0.66,0.42,فِي
0.894143,1.107692,0.66,ٱدَّوْرَةِ
