conf,end,start,word
0.955613,0.48,0.0,ٱلْحُوثِيُّ
0.999149,0.69,0.480095,فِي
0.97609,0.963099,0.69,جَنُوبِ
0.687562,1.17,0.963099,ٱسُّودَانِ
