conf,end,start,word
0.776416,0.48,0.03,قَطَرِيَّةٌ
0.998372,0.600015,0.48,فِي
0.998672,0.900115,0.600015,ٱرَّابِعِ
0.962285,1.17,0.900115,وَٱلْعِشْرِينَ
