conf,end,start,word
0.814502,0.506084,0.004199,ٱضِّفَّةِ
0.982477,0.63,0.506084,فِي
0.822657,1.139616,0.63,مُقَابَلَةٍ
