conf,end,start,word
0.515379,0.51,0.0,ٱلْأَقَالِيمِ
1.0,0.629972,0.510178,فِي
0.999055,0.87,0.63,سِجْنِ
0.999055,1.17,0.87,ٱلْعَقْرَبِ
