conf,end,start,word
0.670057,0.51,0.031393,مَصْدَرٌ
0.996642,0.63,0.51,فِي
0.996642,0.959352,0.63,وِزَارَةِ
0.975478,1.14,0.96,ٱدِّفَاعِ
