conf,end,start,word
0.59604,0.48,0.03,فَشَلٌ
0.997546,0.63,0.48,فِي
0.904451,0.984933,0.63,إِنْقَاذِ
