conf,end,start,word
1.0,0.66,0.48,فِي
1.0,0.96,0.66,غُضُونِ
0.988297,1.139198,0.960401,ذَلِكَ
