conf,end,start,word
0.994199,0.51,0.0,ٱشَّرْقِيَّةِ
0.965751,0.599931,0.51,فِي
0.977052,0.963447,0.599931,ٱلْهُدْنَةِ
