conf,end,start,word
0.749823,0.45,0.03,جِدِّيًّا
0.996086,0.72,0.45,فِي
0.987445,1.02596,0.72,مَدِينَةِ
0.162824,1.17,1.02596,تِكْرِيتَ
