conf,end,start,word
0.997422,0.48,0.031699,وَرَدَ
1.0,0.659977,0.48,فِي
0.988983,0.959684,0.66,مَشْرُوعِ
0.606536,1.14,0.959684,ٱلْبَيَانِ
