conf,end,start,word
0.535192,0.502056,0.0,أَيَّةٌ
0.995194,0.63,0.502056,فِي
0.953222,1.098053,0.63,طَرِيقِهَا
