conf,end,start,word
0.340113,0.509977,0.0,ٱلْمَادِّيَّةِ
0.999823,0.63,0.509977,فِي
0.998428,0.987649,0.63,مُحِيطِ
