conf,end,start,word
1.0,0.51,0.03,وَبَدَأَتْ
0.99205,0.63,0.51,فِي
1.0,0.900081,0.630238,هَدْمِ
0.939381,1.17,0.900081,ٱلْمَنَازِلِ
