conf,end,start,word
0.412697,0.51,0.03,مُوغِرِينِي
0.991734,0.66,0.513741,فِي
0.968907,0.991189,0.660008,لِقَاءٍ
0.230722,1.14,0.991189,سَابِقٍ
