conf,end,start,word
0.830948,0.48,0.03,دَقَائِقَ
0.860583,0.627647,0.48,فِي
0.639284,1.098073,0.63,ٱنْتِهَاكَاتٍ
