conf,end,start,word
0.655304,0.51,0.0,ٱلْجَزِيرَةِ
0.991376,0.66,0.51,فِي
0.991376,1.064344,0.66,سُورِيَا
