conf,end,start,word
0.932279,0.509899,0.0,ٱسُّعُودِيَّةِ
0.989446,0.659974,0.51,فِي
0.973224,1.068083,0.659974,تَغْرِيدَةٍ
