conf,end,start,word
0.997399,0.63,0.48,فِي
0.999142,0.900019,0.63,ظِلِّ
0.731953,1.151971,0.900019,عَدَمِ
