conf,end,start,word
0.676512,0.48,0.03,غَارَةٌ
0.99774,0.66,0.48,فِي
0.923014,1.02247,0.66,مَنَاطِقَ
0.572175,1.14,1.02247,أُخْرَى
