conf,end,start,word
0.998052,0.48,0.03,وَطَالَبَ
0.470455,0.631204,0.48,فِي
0.38347,1.019533,0.69,عَشْرِ
0.344743,1.16969,1.02,سَنَةٍ
