conf,end,start,word
0.792149,0.51,0.03,قَضَائِيَّةٌ
0.987334,0.659951,0.51,فِي
0.996592,1.018743,0.659951,إِيرَانَ
