conf,end,start,word
0.997601,0.63,0.48,فِي
0.999787,0.985808,0.63,مَدِينَةِ
0.214719,1.139807,0.989807,ٱلْقُدْسِ
