conf,end,start,word
1.0,0.48,0.0,ٱنَّارِ
0.995269,0.60006,0.48,فِي
0.793875,0.9,0.60006,حَالِ
