conf,end,start,word
0.292906,0.539876,0.0,أَنَّنَا
0.961047,0.655783,0.571907,فِي
0.517958,1.062708,0.655783,ٱلْخَارِجِيَّةِ
