conf,end,start,word
0.891858,0.477626,0.031429,بُوتِينْ
0.999625,0.629756,0.477626,فِي
0.989905,0.986212,0.63,خِتَامِ
