conf,end,start,word
0.274261,0.480009,0.0,ٱلْمُشَارِكِينَ
0.995745,0.63,0.480011,فِي
0.79452,0.960673,0.630051,أَعْمَالِ
0.166454,1.139806,0.960673,ٱلْعُنْفِ
