conf,end,start,word
0.840332,0.33,0.03,زِيٌّ
1.0,0.63,0.48,فِي
0.995394,1.021482,0.63,ٱلْعَاصِمَةِ
0.860645,1.17,1.021482,صَنْعَاءَ
