conf,end,start,word
0.466518,0.414238,0.0,ٱخْتِلَافٌ
0.96252,0.78,0.414238,فِي
0.558176,1.17,0.81,غَمْرَةِ
