conf,end,start,word
0.888149,0.480367,0.03,تُهَمًا
0.968564,0.66,0.480367,فِي
1.0,1.08,0.660207,مَأْرِبَ
