conf,end,start,word
1.0,0.51,0.0,ٱلْوَضْعُ
1.0,0.689924,0.51,فِي
0.993651,1.002661,0.69,مَدِينَةِ
0.318736,1.17,1.002661,ٱلْقُصَيْرِ
