conf,end,start,word
0.99327,0.689936,0.45,فِي
0.998447,0.960064,0.689936,هَذِهِ
0.448318,1.17,0.960064,ٱلْأَثْنَاءِ
