conf,end,start,word
0.992943,0.48,0.03,مُقَاتِلِينَ
0.990931,0.66,0.51,فِي
0.479255,1.133043,0.66,ٱلْمَوَاقِفِ
