conf,end,start,word
0.991551,0.480736,0.03,تَثِقُ
0.958522,0.66,0.480736,فِي
0.953641,1.109565,0.66,قُدْرَةِ
