conf,end,start,word
0.316611,0.476302,0.03,شَرِكَةٌ
0.9668,0.630186,0.476302,فِي
0.941059,1.031535,0.630186,مُؤْتَمَرِ
0.503412,1.16145,1.04145,جِنِيفَ
