conf,end,start,word
0.880786,0.509974,0.24,كَانَتْ
1.0,0.63,0.509974,فِي
0.991432,1.097733,0.63,طَرِيقِهَا
