conf,end,start,word
0.54272,0.480246,0.0,ٱلْأُورُوبِيِّ
0.987533,0.629663,0.481051,فِي
0.991467,0.93,0.629663,بَيَانٍ
