conf,end,start,word
0.744681,0.226578,0.03,مَصَادِرُ
0.871062,0.54,0.226578,أَمْنِيَّةٌ
0.99958,0.63,0.54,فِي
0.923812,0.956265,0.63,شَمَالِ
0.71251,1.17,0.96,سَيْنَاءَ
