conf,end,start,word
0.998513,0.69,0.48,فِي
0.992427,0.964911,0.69,جَنُوبِ
0.452321,1.17,0.964911,ٱسُّودَانِ
