conf,end,start,word
0.605044,0.51,0.0,ٱلْمُظَاهَرَاتُ
1.0,0.664433,0.515067,فِي
1.0,1.017559,0.669143,مِصْرَ
