conf,end,start,word
0.537654,0.533306,0.06,رِيَافْ
0.988847,0.689957,0.533306,فِي
0.36876,1.17,0.689957,وِلَايَتَيْنِ
