conf,end,start,word
0.473731,0.51,0.0,ٱسْتِمْرَارٌ
0.997221,0.659914,0.511345,فِي
0.821032,1.077804,0.659964,تَنْفِيذِ
