conf,end,start,word
0.918209,0.419833,0.03,رَأْيِهِ
1.0,0.75,0.419833,فِي
1.0,1.126524,0.75,لِيبْيَا
