conf,end,start,word
0.506465,0.45,0.0,ٱرَّأْيِ
0.696579,0.69,0.456115,فِي
