conf,end,start,word
0.960046,0.48,0.0,ٱدَّعْمِ
1.0,0.63,0.48,فِي
0.997284,0.990383,0.632002,لِيبْيَا
