conf,end,start,word
0.456769,0.510791,0.03,حَدَّادٌ
0.914474,0.630016,0.510791,فِي
0.704918,1.041992,0.630016,تَصْرِيحٍ
