conf,end,start,word
0.596491,0.63,0.460971,فِي
0.701714,1.11,0.63,تَغْرِيدَةٍ
