conf,end,start,word
0.53703,0.69,0.51,فِي
0.998821,1.13993,0.70387,هَجَمَاتٍ
