conf,end,start,word
1.0,0.510062,0.03,رُوحَانِي
0.984071,0.6,0.510062,فِي
0.672051,0.946571,0.6,ٱتِّصَالٍ
0.316457,1.17,0.99,هَاتِفِيٍّ
