conf,end,start,word
0.489962,0.51,0.03,شَرِيكَةٌ
0.986959,0.629977,0.51,فِي
0.683618,1.11,0.629977,ٱلِٱحْتِفَالِ
