conf,end,start,word
0.861541,0.66,0.464174,فِي
0.470119,1.046174,0.66,تَقْرِيرٍ
