conf,end,start,word
0.993217,0.48,0.0,أَعْضَاءٌ
0.984125,0.599956,0.48,فِي
0.992124,1.14,0.599956,ٱلْكُونْجْرِسِ
