conf,end,start,word
0.982746,0.480031,0.03,بَطَّهَا
0.998815,0.630009,0.480662,فِي
0.986118,0.993228,0.630009,مَطَارِ
0.359293,1.17,0.993228,طَرَابُلُسَ
