conf,end,start,word
0.990404,0.48,0.034013,قَالَ
0.995504,0.63,0.480289,فِي
0.99327,0.990939,0.63,تَغْرِيدَةٍ
