conf,end,start,word
0.781968,0.48,0.03,مَسْؤُولِينَ
1.0,0.63,0.48,فِي
0.97327,0.975088,0.63,إِدَارَةِ
0.524103,1.14,0.975088,أُوبَامَا
