conf,end,start,word
1.0,0.51,0.031574,مُوسْكُو
0.992702,0.63,0.51,فِي
1.0,0.93,0.63,غُضُونِ
0.993069,1.17,0.93,ذَلِكَ
