conf,end,start,word
0.477601,0.476727,0.03,سَاعَاتٍ
0.997226,0.689793,0.476727,فِي
1.0,1.077677,0.689793,فِيِينَّا
