conf,end,start,word
0.995829,0.48,0.03,جَاءَتْ
1.0,0.629895,0.48,فِي
0.684673,1.169457,0.63,خِتَامِهَا
