conf,end,start,word
0.616253,0.51,0.03,عَسْكَرِيَّةٌ
0.965632,0.659821,0.51,فِي
0.5882,1.026201,0.69,سَبْهَا
