conf,end,start,word
0.941098,0.51,0.03,رُومَانِيَا
0.996945,0.6,0.51,فِي
0.996945,0.900033,0.6,ٱلْبَحْرِ
0.850037,1.14,0.900033,ٱلْأَسْوَدِ
