conf,end,start,word
1.0,0.54,0.09,مُنِعَتْ
0.998267,0.659795,0.54,فِي
0.979405,0.979193,0.66,نُقْطَةٍ
