conf,end,start,word
0.963424,0.45,0.0,ٱدِّينِ
1.0,0.69,0.45,فِي
1.0,0.932774,0.69,رِيفِ
0.708713,1.17,0.96,حِمْصَ
