conf,end,start,word
0.969646,0.48,0.03,قَوَاعِدَ
0.997362,0.599943,0.48059,فِي
1.0,1.139414,0.599943,أَفْغَانِسْتَانَ
