conf,end,start,word
0.891615,0.51,0.030318,حَرْبُهَا
0.97901,0.6,0.51,فِي
0.97901,0.96,0.6,ٱلْيَمَنْ
