conf,end,start,word
0.993765,0.45,0.03,قَالَتْ
0.924733,0.69,0.45,فِي
0.792259,1.079549,0.69,خِطَابٍ
