conf,end,start,word
0.574229,0.54,0.0,ٱلْبَرْزَانِي
0.999711,0.630006,0.54,فِي
0.956055,0.941612,0.630006,لِقَاءٍ
