conf,end,start,word
0.996942,0.48,0.040292,بَايْدِنْ
0.997833,0.63,0.480057,فِي
0.60213,1.056575,0.63,تَغْرِيدَةٍ
