conf,end,start,word
0.614967,0.51,0.0,أَخِيرَةٌ
0.99837,0.63015,0.51,فِي
0.815147,1.168645,0.63015,ٱلْحُدَيْدَةِ
