conf,end,start,word
0.998742,0.69003,0.51,قَالَ
0.99841,0.991093,0.69003,ٱرَّئِيسُ
0.542131,1.17,0.991093,ٱرُّوسِيُّ
