conf,end,start,word
0.808595,0.540014,0.0,ٱطَّعْنِ
0.991789,0.630287,0.540014,فِي
0.735764,1.08,0.630287,ٱصَّدْرِ
