conf,end,start,word
0.77027,0.51,0.0,أَنْسِجَةٌ
0.984472,0.629845,0.510064,فِي
1.0,0.87,0.629845,دُوَلٍ
1.0,1.17,0.87,عَرَبِيَّةٍ
