conf,end,start,word
1.0,0.667817,0.48,قَالَ
0.571699,0.959537,0.667817,ٱرَّئِيسُ
0.226077,1.14,0.96,أُوبَامَا
