conf,end,start,word
0.61911,0.48,0.03,لِسُورِيَا
0.996845,0.69,0.48,قَالَ
0.662447,1.127272,0.69,مُرَاسِلٌ
