conf,end,start,word
0.98486,0.719911,0.42,قَالَ
0.273033,1.14,1.02,كِيرِي
