conf,end,start,word
0.924874,0.45,0.03,مُقَابِلَ
0.972301,0.66,0.450175,قَالَ
0.8745,1.021196,0.660074,مُتَحَدِّثٌ
0.785948,1.14,1.021196,بِاسْمِ
