conf,end,start,word
0.986526,0.417052,0.03,قَدْ
1.0,0.72,0.417052,قَالَ
0.456639,0.959343,0.72,إِنَّ
