conf,end,start,word
0.991399,0.690369,0.42,قَالَ
0.662475,1.17,0.690369,ٱلْمُرْشِدُ
