conf,end,start,word
0.960061,0.69,0.45,قَالَ
0.875915,0.993378,0.690029,رِيَاضْ
0.525633,1.17,0.993378,سَيْفْ
