conf,end,start,word
0.765631,0.747072,0.45,قَالَتْ
0.391994,1.169814,0.747072,تِلِفِزْيُونْ
