conf,end,start,word
0.679981,0.389739,0.030279,هَذِهِ
0.991921,0.749475,0.42,قَالَ
0.185308,1.05,0.81,سَيِّدٌ
