conf,end,start,word
0.993131,0.66,0.42,قَالَ
0.738917,0.943688,0.66,ٱرَّئِيسُ
0.277838,1.17,1.05,مُرْسِي
