conf,end,start,word
0.985675,0.692364,0.42,قَالَ
0.171088,1.110149,0.692364,ٱلْمَدْرَسَةُ
