conf,end,start,word
0.960955,0.719898,0.42,قَالَ
0.216677,1.100105,0.78,مُتَحَدِّثٌ
