conf,end,start,word
0.860159,0.42,0.034359,جِهَتِهِ
1.0,0.72,0.45,قَالَ
0.976621,0.971231,0.72,نَائِبُ
0.616552,1.14,0.971231,ٱرَّئِيسِ
