conf,end,start,word
0.98909,0.69,0.45,قَالَ
0.933242,1.070935,0.690259,مَبْعُوثٌ
