conf,end,start,word
0.986578,0.69,0.39,قَالَ
0.876017,0.992155,0.69,ٱنَّاطِقُ
0.495369,1.17,0.992155,ٱرَّسْمِيُّ
