conf,end,start,word
0.989908,0.689964,0.45,قَالَ
0.370202,1.137858,0.72,مُسْتَشَارٌ
