conf,end,start,word
0.974018,0.693162,0.42,قَالَ
0.305124,1.083367,0.693162,ٱلْكِرَامُ
