conf,end,start,word
0.341347,0.42,0.030326,إِيرَانَ
0.738393,0.69,0.420711,قَالَ
0.859948,1.049301,0.750879,ٱرَّئِيسُ
0.557716,1.17,1.05,مُرْسِي
