conf,end,start,word
0.997433,0.683152,0.45,قَالَ
0.761346,0.981254,0.69,رَئِيسٌ
0.138821,1.14,0.99,أَسْوَدُ
