conf,end,start,word
0.542063,0.66,0.42,وَقَالَ
1.0,0.933658,0.660066,وَزِيرُ
0.473584,1.17,0.933658,ٱلْخَارِجِيَّةِ
