conf,end,start,word
0.991529,0.509125,0.12,وَقَدْ
0.987697,0.78,0.509125,قَالَ
0.767662,1.083133,0.780264,وَزِيرٌ
