conf,end,start,word
0.960009,0.69,0.42,قَالَ
0.98877,1.021095,0.72,مَصْدَرٌ
0.106429,1.17,1.021095,لِنِّفْطِ
