conf,end,start,word
0.96751,0.419692,0.03,هَذِهِ
0.773112,0.658961,0.45,قَالَ
0.84602,1.050614,0.660203,ٱلْمُتَحَدِّثُ
0.775628,1.17,1.050614,بِاسْمِ
