conf,end,start,word
1.0,0.45,0.0,ٱلَّتِي
1.0,0.72,0.45,قَالَ
1.0,0.989397,0.72,فِيهَا
0.624979,1.050511,0.989849,إِنَّ
