conf,end,start,word
0.995517,0.66,0.45,قَالَ
0.996917,0.99191,0.66,ٱرَّئِيسُ
0.243952,1.17,0.99191,أُوبَامَا
