conf,end,start,word
0.995329,0.681841,0.42,قَالَ
0.709809,1.050735,0.69,مُتَحَدِّثٌ
0.822678,1.17,1.050735,بِاسْمِ
