conf,end,start,word
0.602029,0.449459,0.03,قَطَرَ
0.995011,0.72,0.449459,قَالَ
0.609722,1.14,0.72,مُسْتَشَارٌ
