conf,end,start,word
0.587422,0.479902,0.03,مُقَابِلَ
1.0,0.69,0.480352,قَالَ
0.99181,0.96,0.69,رَئِيسُ
0.940805,1.17,0.96,ٱلْوُزَرَاءِ
