conf,end,start,word
0.985068,0.69,0.48,قَالَ
1.0,1.016112,0.69,مُحَمَّدْ
0.449346,1.16939,1.04939,مُرْسِي
