conf,end,start,word
0.989102,0.3,0.03,وِفْقَ
1.0,0.45,0.3,مَا
0.956576,0.690172,0.45,قَالَ
0.993508,1.050402,0.691281,ٱلْمُتَحَدِّثُ
0.96687,1.17,1.050402,بِاسْمِ
