conf,end,start,word
0.809984,0.440051,0.3,قَدْ
0.999117,0.69,0.440051,قَالَ
0.996154,0.84,0.69001,فِي
0.76987,1.17,0.84,تَغْرِيدَةٍ
