conf,end,start,word
0.950644,0.289633,0.06,هَذَا
0.46982,0.420473,0.289633,هُوَ
0.479027,0.72,0.42346,قَالَ
0.921799,1.119478,0.722406,مَارْكْ
