conf,end,start,word
0.67785,0.42,0.03,جِهَتِهِ
0.951988,0.659878,0.444008,قَالَ
0.999574,0.960825,0.661526,مُدِيرُ
0.673699,1.17,0.960825,ٱلْمَعْهَدِ
