conf,end,start,word
0.646248,0.42,0.03028,هَذِهِ
0.524972,0.689934,0.45,قَالَ
0.518276,1.07837,0.72233,وَزِيرٌ
