conf,end,start,word
1.0,0.66,0.45,قَالَ
0.756887,0.959925,0.66,ٱرَّئِيسُ
0.298106,1.1397,0.959925,ٱسِّيسِي
