conf,end,start,word
0.991568,0.718777,0.42,قَالَ
0.355955,1.128847,0.81,مِصْرَ
