conf,end,start,word
0.803793,0.421925,0.03,تَعِزَّ
0.515134,0.660428,0.45,قَالَ
0.716615,0.848145,0.680115,إِنَّ
0.361859,1.11,0.848145,ٱثْنَيْنِ
