conf,end,start,word
0.937047,0.696865,0.42,قَالَ
0.351278,1.11,0.696865,ٱسِّيناتُورْ
