conf,end,start,word
0.972669,0.75,0.42,قَالَ
0.405446,1.169379,0.81,مُرْسِي
