conf,end,start,word
0.964162,0.420023,0.030649,سُورِيَا
0.998672,0.72,0.421077,قَالَ
0.433934,1.079039,0.72,مِرَارًا
