conf,end,start,word
0.900787,0.39,0.051666,جَانِبِهِ
1.0,0.69,0.42,قَالَ
0.998919,0.990071,0.69,وَزِيرُ
0.925968,1.17,0.990071,ٱدِّفَاعِ
