conf,end,start,word
0.993256,0.690059,0.45,قَالَ
0.938117,1.140625,0.690059,ٱلْمُرْشِدُ
