conf,end,start,word
0.902375,0.39,0.03,جَرَّبَهُ
0.998058,0.69,0.42,قَالَ
0.982396,1.044612,0.72,مَنْدُوبُ
0.217568,1.169289,1.079289,مِصْرَ
