conf,end,start,word
0.635584,0.48,0.0,ٱلْيَمَنِيَّةُ
1.0,0.69,0.48,قَالَ
0.999743,0.960908,0.69,وَزِيرُ
0.375977,1.14,0.960908,خَارِجِيَّةٍ
