conf,end,start,word
0.998613,0.690136,0.45,قَالَ
0.942311,0.989689,0.690145,إِنَّهُ
