conf,end,start,word
0.954881,0.45,0.035117,جِهَتِهِ
1.0,0.69,0.48,قَالَ
0.994355,1.011356,0.69,ٱرَّئِيسُ
0.281351,1.17,1.05,مُرْسِي
