conf,end,start,word
0.891238,0.45,0.057386,جَانِبِهِ
0.99835,0.69,0.48,قَالَ
0.991555,0.997164,0.69,ٱنَّاطِقُ
0.645816,1.17,0.997164,ٱرَّسْمِيُّ
