conf,end,start,word
0.990056,0.719473,0.42,قَالَ
0.986437,0.991179,0.719835,ٱلْبَيْتُ
0.737767,1.17,0.991179,ٱلْأَبْيَضُ
