conf,end,start,word
0.821855,0.683986,0.42,قَالَ
0.848619,1.11,0.698352,ٱسَّفِيرُ
