conf,end,start,word
0.645569,0.66,0.42,قَالَ
0.997773,0.993123,0.66,ٱنَّاطِقُ
0.36983,1.17,0.993123,ٱرَّسْمِيُّ
