conf,end,start,word
0.784175,0.45,0.0,أَنْ
0.979034,0.69,0.451907,قَالَ
0.956968,0.9,0.69,إِنَّ
0.896339,1.14,0.9,بِلَادَهُ
