conf,end,start,word
0.992135,0.69,0.411184,قَالَ
0.989119,1.051795,0.72,مَصْدَرٌ
