conf,end,start,word
0.581706,0.42,0.12,إِذَا
0.99017,0.66,0.438621,قَالَ
