conf,end,start,word
0.957848,0.45,0.049047,جَانِبِهِ
1.0,0.660039,0.48,قَالَ
0.998002,0.985568,0.660039,ٱرَّئِيسُ
0.382937,1.17,0.99,ٱسِّيسِي
