conf,end,start,word
0.69689,0.681826,0.48,قَالَ
0.273499,0.897015,0.816883,لِي
