conf,end,start,word
0.993515,0.69,0.39,قَالَ
0.74767,0.87,0.69009,إِنَّ
0.915975,1.16975,0.87,وَاشِنْطُنَ
