conf,end,start,word
1.0,0.69,0.42,قَالَ
0.802271,0.961966,0.69,ٱرَّئِيسُ
0.524238,1.14,0.961966,ٱسِّيسِي
