conf,end,start,word
0.998336,0.42,0.054932,مِصْرَ
1.0,0.66,0.42005,قَالَ
0.987046,1.023555,0.66,مَصْدَرٌ
