conf,end,start,word
0.875951,0.405422,0.03,قَطَرَ
0.30921,0.718429,0.42067,إِقَالَةَ
0.918864,0.985287,0.718429,وَزِيرِ
0.319342,1.17,0.99,خَارِجِيَّةٍ
