conf,end,start,word
0.970522,0.66,0.42,قَالَ
1.0,0.991796,0.660607,وَلِيدُ
0.639787,1.17,0.991796,ٱلْمُعَلِّمِ
