conf,end,start,word
0.974029,0.69,0.42,قَالَ
0.998842,0.986249,0.690618,وَزِيرُ
0.362071,1.17,0.99,خَارِجِيَّةٍ
