conf,end,start,word
0.639253,0.45,0.040778,جَانِبِهِ
0.945327,0.66,0.479951,قَالَ
1.0,0.921702,0.661516,وَزِيرُ
0.718449,1.14,0.96,خَارِجِيَّةٍ
