conf,end,start,word
0.814852,0.661637,0.45,قَالَ
0.678127,1.023822,0.661637,ٱلْمَرْكَزُ
