conf,end,start,word
0.683955,0.48,0.007912,أُخْرَى
1.0,0.689972,0.482335,قَالَ
0.998071,1.009494,0.69,قَائِدٌ
