conf,end,start,word
0.727988,0.419962,0.03,مُقَابِلَ
0.96868,0.69,0.419962,قَالَ
0.977457,0.996055,0.72,خَالِدٌ
0.218593,1.17,0.996055,ٱلْأَسَدِيُّ
