conf,end,start,word
0.446989,0.45023,0.03,مُتَّصِلٌ
0.947185,0.629728,0.45401,قَالَ
0.835201,1.011403,0.630797,مُرَاسِلٌ
