conf,end,start,word
0.991538,0.45,0.21,كَمَا
1.0,0.69,0.45,قَالَ
0.988774,1.169062,0.69,مُرَاسِلٌ
