conf,end,start,word
1.0,0.66,0.45,قَالَ
0.967951,1.039185,0.66,مُتَحَدِّثٌ
0.630092,1.169827,1.049827,بِاسْمِ
