conf,end,start,word
0.994546,0.72,0.48,قَالَ
0.990158,0.84,0.72,لِي
