conf,end,start,word
1.0,0.696924,0.48,قَالَ
0.590063,0.982861,0.696924,ٱرَّئِيسُ
0.293142,1.17,0.99,أُوبَامَا
