conf,end,start,word
0.994032,0.69,0.45,قَالَ
0.97877,0.995039,0.719966,خَالِدٌ
0.254468,1.17,0.995039,ٱشَّرِيفُ
