conf,end,start,word
0.563075,0.45,0.03,جَانِبِهِ
0.999397,0.66,0.479854,قَالَ
0.997555,0.958037,0.66,وَزِيرٌ
