conf,end,start,word
0.971337,0.69,0.42,قَالَ
0.356509,1.050169,0.690672,مَكْتَبُهُ
