conf,end,start,word
0.214888,0.660309,0.42,قَادَ
0.791486,1.050298,0.667986,ٱلْمُتَحَدِّثُ
0.801488,1.17,1.050298,بِاسْمِ
