conf,end,start,word
0.994805,0.69,0.42,قَالَ
0.993525,0.962979,0.69,نَائِبُ
0.742729,1.14,0.962979,ٱرَّئِيسِ
