conf,end,start,word
0.605515,0.39,0.03,إِيرَانِيَّةٌ
0.999829,0.776903,0.391437,قَالَ
0.54845,0.99,0.78,إِنَّ
