conf,end,start,word
0.997911,0.72,0.45,قَالَ
0.998559,0.987074,0.72,ٱرَّئِيسُ
0.372008,1.168367,0.990508,مُرْسِي
