conf,end,start,word
0.964486,0.689719,0.42,قَالَ
0.476582,1.165666,0.78,تَقْرِيبًا
