conf,end,start,word
0.903698,0.45,0.03,حَيَاتِهِ
0.999271,0.714446,0.477109,قَالَ
0.801802,0.939784,0.72,رَئِيسُ
0.30739,1.14,0.939784,ٱلْوُزَرَاءِ
