conf,end,start,word
0.981383,0.659903,0.42,قَالَ
0.460204,0.84,0.660824,نَادِي
0.453208,1.10259,0.84,ٱلْأَسِيرِ
