conf,end,start,word
1.0,0.45,0.0,أَيْضًا
0.995744,0.689775,0.48,قَالَ
0.431123,1.126941,0.69,مُرَاسِلٌ
