conf,end,start,word
0.810792,0.45,0.030031,سُورِيَا
0.970909,0.719323,0.45,قَالَ
0.335084,1.111196,0.72,مُرَاسِلٌ
