conf,end,start,word
0.988021,0.69,0.42,قَالَ
0.711775,1.105827,0.72,حَسَنًا
