conf,end,start,word
0.999468,0.69,0.45,قَالَتْ
1.0,0.999162,0.69,مَصَادِرُ
0.129153,1.17,0.999162,ٱطَّاقَةِ
