conf,end,start,word
0.997319,0.743458,0.39,قَالَتْ
0.844678,1.092037,0.78,صَحِيفَةٌ
