conf,end,start,word
0.851026,0.089029,0.03,مِنْ
0.952959,0.42,0.089029,جِهَتِهَا
0.99907,0.66,0.42,قَالَتْ
