conf,end,start,word
0.696019,0.36,0.12,لِمَا
0.983998,0.756886,0.363415,قَالَتْ
0.524103,1.11,0.756886,إِنَّهُ
