conf,end,start,word
0.992926,0.69252,0.246592,قَالَتْ
0.652624,0.839889,0.69252,إِنَّ
0.577732,1.14,0.839889,ٱلْوَفْدَ
