conf,end,start,word
0.97341,0.719254,0.42,قَالَتْ
0.927393,1.043013,0.729363,فَرَنْسَا
