conf,end,start,word
0.377546,0.360613,0.03,خَرْقٌ
0.996006,0.81,0.382408,قَالَتْ
