conf,end,start,word
0.997786,0.419993,0.03,مِمَّنْ
0.96181,0.78,0.419993,قَالَتْ
0.47458,1.031385,0.78,إِنَّهَا
0.055417,1.17,1.05,لَيْسَتْ
