conf,end,start,word
0.929941,0.089623,0.03,مِنْ
0.972968,0.45,0.089623,جِهَتِهَا
1.0,0.72,0.45,قَالَتْ
0.961059,1.023321,0.72,وَكَالَةُ
0.271063,1.17,1.023321,أَنْبَاءٍ
