conf,end,start,word
0.551861,0.341079,0.09,قَدْ
1.0,0.78,0.341079,قَالَتْ
0.923406,1.11,0.81,إِنَّ
