conf,end,start,word
0.842153,0.36,0.0,ٱلْفَوْرَ
0.994266,0.719633,0.362834,قَالَتِ
0.254358,1.169596,0.719876,ٱلْمُسْتَشَارُ
