conf,end,start,word
0.512009,0.749968,0.39,قَالَتْ
0.607774,1.169061,0.76484,مَجْمُوعَةٌ
