conf,end,start,word
0.99751,0.72,0.45,قَالَتْ
0.994577,1.052659,0.72,مَصَادِرُ
0.225131,1.17,1.052659,أُخْرَى
