conf,end,start,word
0.700876,0.750133,0.0,أَقَالَتِ
0.975238,1.107626,0.750133,ٱدَّاخِلِيَّةُ
