conf,end,start,word
0.756937,0.339504,0.12,قَدْ
0.856236,0.745325,0.339504,قَالَتْ
0.447867,0.81006,0.75,إِنَّ
0.56845,1.11,0.822661,ٱلْوِلَايَاتِ
