conf,end,start,word
0.885346,0.71998,0.45,قَالَتِ
0.991352,1.078283,0.71998,ٱشُّرْطَةُ
