conf,end,start,word
0.996457,0.45,0.03,فَرَنْسَا
1.0,0.720162,0.45,قَالَتِ
0.906413,1.075773,0.720162,ٱشُّرْطَةُ
