conf,end,start,word
0.989154,0.809644,0.3,قَالَتْ
0.568765,1.169693,0.902856,مِصْرُ
