conf,end,start,word
0.986368,0.721866,0.42,قَالَتِ
0.159195,1.107374,0.721866,ٱلْقِيَادَةُ
