conf,end,start,word
0.425073,0.413278,0.030262,عَدَنَ
0.999868,0.75,0.413278,قَالَتْ
0.972919,1.097244,0.75,مَصَادِرُ
