conf,end,start,word
0.463771,0.27,0.03,لِي
0.846143,0.39,0.270076,مَا
0.997735,0.75,0.39,قَالَتْ
0.797447,1.1091,0.78,إِنَّهَا
