conf,end,start,word
0.998105,0.72,0.42,قَالَتْ
0.995701,1.050182,0.72,مَصَادِرُ
0.162996,1.17,1.050182,أُخْرَى
