conf,end,start,word
0.94124,0.69,0.42,قَالَتْ
0.57528,0.87,0.69,إِنَّ
0.91989,1.14,0.870202,وَاشِنْطُنَ
