conf,end,start,word
0.733742,0.63,0.39,قَالَ
0.611774,1.064768,0.63377,تَلُوكُهَا
