conf,end,start,word
0.815921,0.412372,0.03,صُوَرٌ
0.981171,0.75,0.449889,قَالَتْ
1.0,1.11,0.75,فِيهِ
