conf,end,start,word
0.953374,0.754348,0.42,قَالَتْ
0.623488,1.10964,0.754348,إِنَّهُ
