conf,end,start,word
0.994691,0.39,0.12,كَمَا
0.996046,0.78,0.39,قَالَتْ
0.797528,0.872579,0.78,إِنَّ
0.672934,1.169739,0.872579,ٱطَّرْفَ
