conf,end,start,word
1.0,0.42,0.0,ٱلَّتِي
1.0,0.75,0.42,قَالَتْ
0.972256,0.961931,0.75,إِنَّهَا
0.106118,1.08,0.961931,ٱسْمَحْ
