conf,end,start,word
1.0,0.720012,0.42,قَالَتْ
0.997527,1.052678,0.720012,وَسَائِلُ
