conf,end,start,word
0.995634,0.42,0.03,سُورِيَا
0.969202,0.75,0.42,قَالَتْ
0.927405,1.162457,0.75,مَصَادِرُ
