conf,end,start,word
0.990966,0.720321,0.39,قَالَتِ
0.15293,1.156366,0.720321,ٱلْمُتَحَدِّثَةُ
