conf,end,start,word
0.928822,0.777263,0.39,قَالَتْ
0.596525,1.100425,0.780387,وَكَالَةٌ
