conf,end,start,word
0.997181,0.719968,0.42,قَالَتْ
0.994002,1.052896,0.72,مَصَادِرُ
0.242649,1.17,1.052896,أُخْرَى
