conf,end,start,word
0.998661,0.72,0.42,قَالَتْ
0.991448,1.052446,0.72,مَصَادِرُ
0.259306,1.17,1.052446,أُخْرَى
