conf,end,start,word
0.909651,0.751977,0.42,قَالَتِ
0.751718,1.08,0.751977,ٱسُّلُطَاتُ
