conf,end,start,word
0.830494,0.747952,0.42,قَالَتِ
0.337998,1.104943,0.747952,ٱسِّفَارَةُ
