conf,end,start,word
1.0,0.45,0.0,أَيْضًا
0.999139,0.720021,0.45,قَالَتْ
0.986425,1.076317,0.720021,مَصَادِرُ
