conf,end,start,word
0.454374,0.36,0.03,يَمَنِيٌّ
0.996473,0.81,0.36,قَالَتْ
0.753174,1.139288,0.84,مَصَادِرُ
