conf,end,start,word
0.826315,0.088547,0.03,مِنْ
1.0,0.45,0.088547,جِهَتِهَا
1.0,0.72,0.45,قَالَتْ
1.0,1.162325,0.72,وِزَارَةٌ
