conf,end,start,word
0.994621,0.780135,0.39,قَالَتِ
0.52099,1.160745,0.780135,ٱلْقُوَّاتُ
