conf,end,start,word
0.977203,0.39,0.040009,بِكُمْ
1.0,0.72,0.42,قَالَتِ
0.966487,1.109352,0.72,ٱلْوَكَالَةُ
