conf,end,start,word
0.383137,0.714877,0.362766,قَالَتِ
0.227568,1.137317,0.714877,ٱسِّفَارَةُ
