conf,end,start,word
0.736717,0.42,0.09,ذَاتُهَا
0.995811,0.690664,0.42,قَالَتِ
0.885008,1.11,0.690664,ٱسِّفَارَةُ
