conf,end,start,word
0.509837,0.390037,0.0,ٱلْآخَرُ
0.99757,0.75,0.390129,قَالَتِ
0.777007,1.168793,0.75,ٱلْمُعَارَضَةُ
