conf,end,start,word
0.908261,0.39,0.03,نَفْسَهُ
0.764549,0.72,0.42,قَالَتْ
0.144646,1.055016,0.72,مُتَحَدِّثٌ
