conf,end,start,word
0.9964,0.720035,0.39,قَالَتْ
0.839799,1.064304,0.720035,مُنَظَّمَةٌ
