conf,end,start,word
0.804359,0.42,0.03,وَٱلَّتِي
0.98007,0.660264,0.42,قُتِلَ
0.395423,1.151645,0.660657,ٱلْجَاسُوسُ
