conf,end,start,word
0.983696,0.389746,0.0,ٱلَّذِي
1.0,0.75,0.389746,قُتِلَ
0.711869,1.023056,0.75,عَلَى
0.218372,1.169178,1.023056,يَدِ
