conf,end,start,word
0.979602,0.39,0.0,أَنَّهُ
1.0,0.720006,0.42,قُتِلَ
0.999596,1.016799,0.720006,أَكْثَرُ
0.798199,1.102456,1.016799,مِنْ
