conf,end,start,word
0.676783,0.33,0.03,يَعْنِي
0.830612,0.785842,0.36,قَتْلَ
