conf,end,start,word
0.962087,0.419699,0.0,أُخْرَى
0.555173,0.743777,0.45,قَتِيلًا
0.996993,1.043537,0.743777,أَكْثَرَ
