conf,end,start,word
0.647456,0.3,0.03,حَيْثُ
1.0,0.808688,0.319424,قُتِلَ
0.947002,1.09335,0.81,نَحْوُ
