conf,end,start,word
0.997169,0.39,0.0,أُخْرَى
0.997524,0.75,0.39,قُتِلَ
0.937832,1.119871,0.75,سَبْعَةٌ
