conf,end,start,word
0.828446,0.420817,0.211392,مِنْ
0.36237,0.75,0.421629,قَصْفٍ
