conf,end,start,word
0.999516,0.72,0.45,قُتِلَ
0.911898,0.994106,0.72,أَرْبَعَةُ
0.23357,1.17,0.994106,أَسَابِيعَ
