conf,end,start,word
1.0,0.75,0.36,قُتِلَ
0.989013,1.034092,0.75,أَكْثَرُ
0.929299,1.088287,1.034092,مِنْ
0.369637,1.17,1.088287,مَرَّةٍ
