conf,end,start,word
0.67032,0.419988,0.0,أَمْنِيًّا
0.868396,0.780012,0.419988,قُتِلُوا
0.584862,1.17,0.780012,وَأُصِيبُوا
