conf,end,start,word
0.994378,0.78,0.36,قُتِلَ
0.842832,0.964497,0.78,فِي
