conf,end,start,word
0.988918,0.809982,0.3,قُتِلَ
0.310884,1.169823,0.84,وَأُصِيبَ
