conf,end,start,word
0.822405,0.419984,0.261089,مِنْ
0.984165,0.736716,0.42,قَتْلِ
