conf,end,start,word
0.698283,0.417871,0.06,عَمَلِيَّةُ
0.998303,0.72,0.417871,قَتْلِ
0.913984,1.14,0.75,خَاشِقْجِي
