conf,end,start,word
0.965214,0.839706,0.36,قُتِلَ
0.924348,1.169654,0.84,وَأُصِيبَ
