conf,end,start,word
0.998831,0.36,0.03,كَمَا
0.712324,0.778584,0.36,قُتِلَ
