conf,end,start,word
0.42289,0.36,0.03,مَا
0.995076,0.75,0.367376,قُتِلَ
0.680081,1.139378,0.75,أَحَدٌ
