conf,end,start,word
1.0,0.690839,0.42,قُتِلَ
0.712431,0.72,0.690839,شَخْصًا
0.749454,1.155518,0.75,شخصا
