conf,end,start,word
0.665075,0.41931,0.0,ٱلَّتِي
0.65639,0.72,0.41931,قُتِلَ
0.953662,1.14,0.75,خَاشِقْجِي
