conf,end,start,word
0.948029,0.42,0.03,شَخْصًا
0.786124,0.72,0.448017,قُتِلَ
0.913727,1.136027,0.728379,وَأُصِيبَ
