conf,end,start,word
0.623568,0.27007,0.0,ٱلْوَعْيِ
0.997866,0.449908,0.27007,فِي
0.995681,0.749952,0.449908,قَتْلِ
0.689061,1.168724,0.749952,إِسْرَائِيلَ
