conf,end,start,word
0.783869,0.36,0.03,يَعْنِي
0.842618,0.78,0.360293,قَتْلَ
