conf,end,start,word
0.995186,0.39,0.03,وَقَدْ
1.0,0.75,0.42,قُتِلَ
0.768461,1.016041,0.75,أَحَدٌ
