conf,end,start,word
0.940052,0.75,0.42,قُتِلَ
0.913999,1.077376,0.750746,وَأُصِيبَ
