conf,end,start,word
0.898107,0.4201,0.03,فِيمَا
0.971085,0.75,0.4201,قُتِلَ
