conf,end,start,word
0.405785,0.33,0.03,يَعْنِي
1.0,0.78,0.35576,قُتِلَ
0.955365,1.169667,0.81,وَأُصِيبَ
