conf,end,start,word
0.809177,0.75,0.337353,قُتِلَ
0.774462,1.114496,0.750519,وَأُصِيبَ
