conf,end,start,word
0.901864,0.36,0.03,تَمَّ
0.989952,0.78,0.387165,قَتْلُ
