conf,end,start,word
0.512721,0.370901,0.15,قَدْ
0.999022,0.721482,0.370901,قُتِلَ
0.88475,0.850295,0.721482,فِي
