conf,end,start,word
1.0,0.806262,0.33,قُتِلَ
0.605175,1.169209,0.81,أَحَدٌ
