conf,end,start,word
0.853362,0.33,0.03,لِيبْيَا
1.0,0.75,0.355961,قُتِلَ
0.64851,1.114901,0.78,ثَلَاثَةٌ
