conf,end,start,word
0.914122,0.765671,0.336059,قُتِلَ
