conf,end,start,word
0.980679,0.779613,0.36316,قُتِلَ
0.886504,1.138402,0.78,وَأُصِيبَ
