conf,end,start,word
0.972182,0.42,0.18,كَمَا
0.987823,0.749648,0.42,قُتِلَ
