conf,end,start,word
0.96325,0.389943,0.090509,لِيبْيَا
0.999294,0.69,0.419446,قُتِلَ
