conf,end,start,word
0.798261,0.416576,0.135131,فِي
0.998658,0.749261,0.416576,قَتْلِ
0.446631,1.17,0.75,مَدَنِيِّينَ
