conf,end,start,word
1.0,0.837006,0.33,قُتِلَ
0.891312,1.042633,0.84,نَحْوُ
