conf,end,start,word
0.481973,0.340142,0.00141,أَنْ
0.997468,0.75,0.340142,قُتِلَ
0.910602,1.167112,0.75,وَأُصِيبَ
