conf,end,start,word
0.852771,0.80374,0.36,قُتِلَ
0.521655,1.169496,0.84,طِفْلٌ
