conf,end,start,word
0.844165,0.39,0.000472,أَنَّهُ
1.0,0.75,0.42,قُتِلَ
0.957301,1.083977,0.75,أَكْثَرُ
