conf,end,start,word
0.468151,0.359798,0.03,هَذَا
0.897641,0.786899,0.39,قَتْلٌ
