conf,end,start,word
0.254237,0.39,0.03,ثَانِيًا
1.0,0.72,0.415633,قُتِلَ
0.999485,1.028073,0.72,وَأُصِيبَ
0.201802,1.17,1.028073,آخَرُونَ
