conf,end,start,word
1.0,0.72,0.42,قُتِلَ
0.999678,0.995229,0.72,أَكْثَرُ
0.966198,1.052682,0.995229,مِنْ
