conf,end,start,word
0.399949,0.36,0.0,أَنْ
0.998956,0.75,0.388402,قُتِلَ
0.6341,1.134115,0.75,وَجُرِحَ
