conf,end,start,word
0.999224,0.74952,0.42,قُتِلَ
0.984002,0.990083,0.75,نَحْوُ
