conf,end,start,word
0.964364,0.811282,0.332796,قُتِلَ
