conf,end,start,word
0.951107,0.449907,0.271422,فِي
1.0,0.72,0.449907,قَتْلٍ
1.0,1.17,0.72,وَتَشْوِيهٍ
