conf,end,start,word
0.728286,0.329949,0.0,أَنْ
0.997123,0.839112,0.353439,قُتِلَ
0.695236,1.169872,0.9,قُتِلَ
