conf,end,start,word
0.830001,0.359948,0.0,ٱسُّورِيَّةُ
0.998161,0.72,0.36,قُتِلَ
0.678002,1.164864,0.72,سَبْعَةٌ
