conf,end,start,word
1.0,0.749963,0.42,قُتِلَ
0.998752,1.035878,0.75,نَحْوُ
