conf,end,start,word
0.962459,0.776608,0.33,قُتِلَ
0.935142,1.14,0.810345,طِفْلٌ
