conf,end,start,word
0.920988,0.419932,0.03,فِيمَا
0.999814,0.779544,0.419932,قُتِلَ
0.965597,1.08267,0.78,جُنْدِيٌّ
