conf,end,start,word
0.888307,0.42,0.24,فِي
0.997752,0.72,0.421408,قَتْلِ
1.0,1.079188,0.72,شَخْصٍ
