conf,end,start,word
0.991522,0.78,0.39,قُتِلَ
0.990443,0.907272,0.78,فِي
0.619078,1.14,0.907272,ٱلْهُجُومِ
