conf,end,start,word
0.997269,0.42,0.03,بَيْنَمَا
0.942389,0.724802,0.42,قُتِلَ
0.62025,1.044839,0.724802,ٱثْنَانِ
