conf,end,start,word
0.993025,0.779752,0.36,قُتِلَ
0.97308,0.869711,0.779752,فِي
0.431176,1.17,0.87,ٱشْتِبَاكَاتٍ
