conf,end,start,word
1.0,0.45,0.03,لِيبْيَا
0.998855,0.75,0.45,قُتِلَ
0.992679,1.010399,0.750032,أَكْثَرُ
0.760141,1.068534,1.010399,مِنْ
