conf,end,start,word
1.0,0.39,0.03,كَمَا
0.603528,0.720109,0.39,قُتِلَ
0.588115,1.14,0.72297,ٱثْنَانِ
