conf,end,start,word
1.0,0.72,0.42,قُتِلَ
1.0,1.014677,0.72,أَكْثَرُ
0.91563,1.108252,1.014677,مِنْ
