conf,end,start,word
0.942571,0.42,0.030177,حَلَبَ
0.996244,0.75,0.45,قُتِلَ
