conf,end,start,word
0.997224,0.39,0.0,أُخْرَى
1.0,0.76828,0.39,قُتِلَ
0.591735,1.024787,0.78,أَرْبَعَةُ
0.337854,1.14,1.024787,أَشْهُرٍ
