conf,end,start,word
0.983018,0.419607,0.21,فِي
0.997641,0.752634,0.419607,قَتْلِ
0.785966,1.169853,0.752634,إِسْرَائِيلَ
