conf,end,start,word
0.830307,0.39,0.0,ٱلْيَمَنِ
0.996002,0.78,0.390646,قُتِلَ
0.551974,1.101637,0.81,سَبْعَةٌ
