conf,end,start,word
0.618095,0.42,0.03,سُورِيَا
0.987467,0.72002,0.42,قُتِلَ
0.999331,1.007729,0.720186,أَكْثَرُ
0.797423,1.09451,1.007729,مِنْ
