conf,end,start,word
0.998048,0.42,0.0,ٱلَّتِي
1.0,0.75,0.42,قُتِلَ
1.0,0.990622,0.75,فِيهَا
0.546401,1.168815,0.990622,أَكْثَرُ
