conf,end,start,word
0.885497,0.942209,0.3,قُتِلَ
0.535522,1.169873,0.96,فِي
