conf,end,start,word
0.993973,0.39,0.032253,مِصْرَ
1.0,0.749915,0.42,قُتِلَ
0.997158,1.14,0.78,شَخْصٌ
