conf,end,start,word
0.58736,0.809763,0.377565,قَتْلَى
0.582717,1.138722,0.81,وَجَرْحَى
