conf,end,start,word
0.980193,0.39,0.03,مِصْرِيٌّ
1.0,0.77991,0.39,قُتِلَ
0.912695,1.168816,0.81,ثَلَاثَةٌ
