conf,end,start,word
0.987823,0.749839,0.39,قُتِلَ
0.440195,1.091392,0.78,ٱنَّائِبُ
