conf,end,start,word
0.978738,0.750387,0.39,قُتِلَ
0.948094,1.137095,0.750387,عَشَرَاتٌ
