conf,end,start,word
0.997185,0.42,0.12,كَمَا
1.0,0.779022,0.42,قُتِلَ
0.920638,1.136117,0.78,شَخْصٌ
