conf,end,start,word
0.951996,0.39,0.18,كَمَا
0.999668,0.741566,0.42,قُتِلَ
0.501559,1.031312,0.78,خَمْسَةُ
0.11875,1.168937,1.053086,سَنَةٍ
