conf,end,start,word
0.993699,0.748978,0.39,قُتِلَ
0.980184,1.070548,0.78,طِفْلٌ
