conf,end,start,word
0.99377,0.36,0.0,ٱلَّتِي
0.537645,0.749236,0.360081,قُتِلَ
0.456367,1.14,0.78,صَعَدًا
