conf,end,start,word
0.162687,0.42,0.03,مَارْ
0.796895,0.72,0.440611,قُتِلَ
