conf,end,start,word
0.975101,0.749833,0.39,قُتِلَ
0.554579,1.072543,0.78,ثَمَانِيَةٌ
