conf,end,start,word
0.994929,0.36,0.03,شَخْصًا
0.715387,0.75,0.389865,قُتِلَ
0.868973,1.164099,0.755537,وَأُصِيبَ
