conf,end,start,word
1.0,0.778831,0.39,قُتِلَ
0.938684,0.93,0.78,مَا
0.930127,1.050951,0.93,لَا
0.603595,1.165744,1.050951,يَقِلُّ
