conf,end,start,word
0.452718,0.419322,0.03,دُنْيَا
0.99144,0.75,0.419322,قُتِلَ
0.99144,1.166725,0.75,وَجُرِحَ
