conf,end,start,word
1.0,0.75,0.39,قُتِلَ
0.999353,1.002507,0.75,أَكْثَرُ
0.949328,1.054702,1.002507,مِنْ
