conf,end,start,word
0.606662,0.75,0.42,قُتِلَ
0.926661,1.018592,0.75,فَجْرُ
0.872155,1.17,1.02,لِيبْيَا
