conf,end,start,word
0.899217,0.390011,0.03,فِيمَا
0.999657,0.78,0.392842,قُتِلَ
0.990863,1.018219,0.78,نَحْوُ
