conf,end,start,word
0.966249,0.42,0.0,ٱلْيَمَنِ
0.996768,0.719908,0.42,قُتِلَ
0.977799,1.071236,0.75,طِفْلٌ
