conf,end,start,word
0.995333,0.78,0.36,قُتِلَ
0.934034,1.138806,0.78,أَكْثَرُ
