conf,end,start,word
0.995713,0.359978,0.03,وَقَدْ
1.0,0.779981,0.359978,قُتِلَ
0.158924,1.14,0.84,مُسَلَّحُونَ
