conf,end,start,word
0.885553,0.419868,0.0,ٱلْيَمَنِ
1.0,0.75,0.419868,قُتِلَ
1.0,0.989534,0.75,نَحْوُ
0.449153,1.17,1.02,خَمْسَةٍ
