conf,end,start,word
0.994688,0.75,0.42,قُتِلَ
0.68917,1.022794,0.75,أَرْبَعَةُ
0.319524,1.17,1.022794,أَشْهُرٍ
