conf,end,start,word
0.948536,0.36,0.03,جُنُودُهُ
0.997185,0.779892,0.39,قُتِلُوا
0.874133,1.084291,0.779892,وَأُصِيبَ
