conf,end,start,word
1.0,0.72,0.42,قُتِلَ
1.0,1.026009,0.72,أَكْثَرُ
0.963235,1.083399,1.026009,مِنْ
0.469755,1.17,1.083399,مَرَّةٍ
