conf,end,start,word
0.974654,0.39,0.0,ٱلَّذِينَ
0.995817,0.777106,0.419525,قُتِلُوا
