conf,end,start,word
1.0,0.84,0.3,قُتِلُوا
0.983987,1.022314,0.84,فِي
0.265794,1.17,1.022314,سُورِيَا
