conf,end,start,word
0.999249,0.781477,0.341041,قُتِلُوا
0.830551,1.072988,0.781477,بَيْنَهُمْ
