conf,end,start,word
0.697363,0.36,0.0,ٱلَّذِينَ
1.0,0.780544,0.361402,قُتِلُوا
0.932396,1.161734,0.780544,وَذُبِحُوا
