conf,end,start,word
0.983806,0.749472,0.33,قُتِلُوا
0.922268,1.166854,0.749472,وَأُصِيبَ
