conf,end,start,word
0.964558,0.3,0.0,ٱلَّذِينَ
1.0,0.84,0.33,قُتِلُوا
0.996887,0.962822,0.84,فِي
0.324075,1.17,0.962822,ٱنْفِجَارٍ
