conf,end,start,word
0.836649,0.36,0.0,ٱلْأَقَلِّ
0.975247,0.779322,0.39,قُتِلُوا
0.796134,1.166972,0.779322,وَجُرِحَ
