conf,end,start,word
0.994495,0.811283,0.244163,قُتِلُوا
0.084905,1.17,0.811283,وَجَرِيحٌ
