conf,end,start,word
0.409168,0.42646,0.12,لَقَدْ
0.743972,0.87,0.42646,قُتِلُوا
