conf,end,start,word
0.628516,0.327853,0.03,دَوْلَةٌ
1.0,0.81,0.327853,قُتِلُوا
0.99016,0.98696,0.81,فِي
0.788179,1.17,0.99,غَزَّةَ
