conf,end,start,word
0.704777,0.33,0.030331,حِينَ
1.0,0.782383,0.359823,قُتِلُوا
0.917622,1.028754,0.81,خِلَالَ
