conf,end,start,word
0.989897,0.78,0.375439,قُتِلُوا
0.981442,1.07649,0.81,خِلَالَ
