conf,end,start,word
0.998575,0.841916,0.33,قُتِلُوا
0.820111,1.14,0.841916,وَأُصِيبَ
