conf,end,start,word
0.665482,0.33,0.0,أَقَلُّ
0.999387,0.81,0.354655,قُتِلُوا
0.827882,0.921244,0.81,فِي
