conf,end,start,word
1.0,0.78,0.394211,قُتِلُوا
0.763656,1.027327,0.78,مَسَاءَ
0.429551,1.17,1.027327,ٱلْخَيْرِ
