conf,end,start,word
0.702086,0.27,0.0,ٱلَّذِينَ
1.0,0.816664,0.291508,قُتِلُوا
0.769398,1.094875,0.84,خِلَالَ
