conf,end,start,word
0.997101,0.75,0.241715,قُتِلُوا
0.98636,1.014226,0.78,خِلَالَ
