conf,end,start,word
0.744559,0.3,0.0,ٱلَّذِينَ
1.0,0.780407,0.322337,قُتِلُوا
0.952467,0.963581,0.780407,فِي
