conf,end,start,word
0.962463,0.36,0.0,ٱلْأَقَلِّ
0.999778,0.749992,0.39,قُتِلُوا
0.961906,1.037581,0.749992,وَأُصِيبَ
