conf,end,start,word
0.99921,0.750028,0.33,قُتِلُوا
0.996153,0.930606,0.750028,فِي
0.45112,1.160401,0.930606,غَزَّةَ
