conf,end,start,word
0.992629,0.811029,0.36244,قُتِلُوا
0.234822,1.137902,0.811029,وَجُرِحَ
