conf,end,start,word
0.99354,0.36,0.03,شَخْصًا
0.981876,0.779705,0.389866,قُتِلُوا
0.883457,1.169102,0.779705,وَجُرِحَ
