conf,end,start,word
0.875033,0.388987,0.03,خَاصَّةٌ
0.994129,0.81,0.417038,قُتِلُوا
0.134662,1.051264,0.81,وُجُودَ
