conf,end,start,word
0.992444,0.36,0.03019,شَخْصٌ
1.0,0.78,0.39,قُتِلُوا
0.9016,1.108823,0.78,عَلَى
