conf,end,start,word
1.0,0.87,0.3,قُتِلُوا
0.996396,1.022542,0.87,فِي
0.325986,1.17,1.022542,سُورِيَا
