conf,end,start,word
0.928947,0.81,0.342565,قُتِلُوا
0.56885,1.022263,0.823101,فِي
0.44326,1.17,1.022263,سُورِيَا
