conf,end,start,word
1.0,0.81,0.33,قُتِلُوا
0.997316,0.963416,0.81,فِي
0.414798,1.163494,0.963416,غَزَّةَ
