conf,end,start,word
1.0,0.870201,0.27,قُتِلُوا
0.322692,1.167972,0.870201,وَأُصِيبَ
