conf,end,start,word
1.0,0.84,0.06,قُتِلُوا
0.984078,0.99128,0.84,فِي
0.139227,1.166015,0.99128,مِصْرَ
