conf,end,start,word
1.0,0.87,0.3,قُتِلُوا
0.986602,1.023834,0.87,فِي
0.421461,1.17,1.023834,غَزَّةَ
