conf,end,start,word
0.961141,0.780088,0.152218,قُتِلُوا
0.945982,0.923463,0.780088,فِي
0.255305,1.14,0.93,هُجُومٍ
