conf,end,start,word
0.252778,0.27,0.0,ٱلَّذِينَ
0.99692,0.872524,0.306057,قُتِلُوا
