conf,end,start,word
0.905378,0.3,0.0,ٱلَّذِينَ
1.0,0.810029,0.302712,قُتِلُوا
0.643354,1.1673,0.810029,وَأُصِيبَ
