conf,end,start,word
0.772333,0.36,0.03,شَعْبِيٌّ
0.999407,0.81,0.36,قُتِلُوا
0.832744,0.937554,0.81,فِي
0.247042,1.14,0.937554,ٱلْهُجُومِ
