conf,end,start,word
0.949889,0.693764,0.0,ٱلْقَتْلُ
0.399918,1.164539,0.693764,وَجُرِحَ
