conf,end,start,word
0.997528,0.33,0.03,شَخْصًا
1.0,0.780485,0.36,قُتِلُوا
0.980172,1.045747,0.81,خِلَالَ
