conf,end,start,word
0.320696,0.3,0.0,أَمْنٌ
0.995763,0.81,0.33,قُتِلُوا
0.813486,0.941317,0.81,فِي
0.327287,1.17,0.941317,ٱلْهُجُومِ
