conf,end,start,word
1.0,0.877103,0.330555,قُتِلُوا
0.322779,1.168733,0.877103,وَأُصِيبَ
