conf,end,start,word
0.640917,0.3,0.03,خَاصٌّ
0.999638,0.84,0.329835,قُتِلُوا
0.247865,1.17,0.87,وُجُودَ
