conf,end,start,word
1.0,0.810028,0.330482,قُتِلُوا
0.996835,0.998162,0.810028,فِي
0.232629,1.14,0.998162,سُورِيَا
