conf,end,start,word
1.0,0.780016,0.33,قُتِلُوا
0.998101,0.96056,0.780016,فِي
0.214415,1.14,0.96056,سُورِيَا
