conf,end,start,word
0.987102,0.36,0.0,أَشْخَاصٌ
1.0,0.783681,0.39,قُتِلُوا
0.125099,1.139746,0.783681,وَغَيْرُهُمْ
