conf,end,start,word
0.388356,0.33,0.0,ٱلَّذِينَ
1.0,0.750065,0.332233,قُتِلُوا
0.997825,1.096721,0.78,خِلَالَ
