conf,end,start,word
0.991801,0.779808,0.361077,قُتِلُوا
0.688504,1.139829,0.779808,وَأُصِيبَ
