conf,end,start,word
0.984733,0.750022,0.380599,قُتِلُوا
0.982186,0.898233,0.750022,فِي
0.427595,1.169427,0.9,هُجُومٍ
