conf,end,start,word
0.944679,0.780093,0.348766,قُتِلُوا
0.329832,1.145876,0.780093,وَأُصِيبَ
