conf,end,start,word
0.994547,0.39,0.03,شَخْصًا
0.957346,0.753192,0.42,قُتِلُوا
0.462617,1.168566,0.753192,وَجُرِحَ
