conf,end,start,word
0.584124,0.33,0.03,شَخْصًا
1.0,0.720131,0.348501,قُتِلُوا
0.982176,0.840106,0.720131,فِي
0.243136,1.17,0.840106,حَادِثَةٍ
