conf,end,start,word
0.209925,0.36,0.0,أَوْ
0.999518,0.780401,0.39,قُتِلُوا
0.100103,1.14,0.780401,وَوُصُولُهَا
