conf,end,start,word
0.81565,0.33,0.0,ٱلَّذِينَ
1.0,0.78483,0.354621,قُتِلُوا
0.839013,1.169694,0.81,خِلَالَ
