conf,end,start,word
0.893465,0.33,0.03,لَهَا
1.0,0.87,0.33,قُتِلُوا
0.884801,0.990516,0.87,فِي
0.260537,1.17,0.990516,قَصْفٍ
