conf,end,start,word
0.931671,0.779985,0.359914,قُتِلُوا
0.336021,1.16612,0.779985,وَجُرِحَ
