conf,end,start,word
1.0,0.810014,0.3,قُتِلُوا
0.957779,1.168275,0.810014,وَأُصِيبَ
