conf,end,start,word
0.992096,0.81,0.358996,قُتِلُوا
0.964875,0.937187,0.811667,فِي
0.288295,1.17,0.937187,ٱنْفِجَارٍ
