conf,end,start,word
0.995712,0.39,0.03,شَخْصًا
1.0,0.78011,0.419871,قُتِلُوا
0.988154,0.936669,0.78011,فِي
0.108597,1.14,0.936669,تِكْرِيتَ
