conf,end,start,word
1.0,0.750009,0.42,قُتِلُوا
0.998606,0.84,0.750009,فِي
0.637416,1.139532,0.84,ٱقْتِحَامٍ
