conf,end,start,word
1.0,0.750054,0.39,قُتِلُوا
0.992897,0.871169,0.750054,فِي
0.49474,1.138586,0.871169,غَارَاتٍ
