conf,end,start,word
0.89929,0.450871,0.06,رَفِيقُ
0.920626,0.81,0.450871,قَطَرَ
