conf,end,start,word
0.378213,0.24,0.0,أَوْ
0.949082,0.389762,0.242901,فِي
1.0,0.78,0.389774,قَطَرَ
