conf,end,start,word
0.92081,0.42,0.270495,فِي
1.0,0.750542,0.42,قَطَرَ
0.958891,0.997251,0.750542,أَهْلًا
0.289738,1.14,0.997251,وَسَهْلًا
