conf,end,start,word
0.381282,0.389638,0.0,ٱلَّتِي
1.0,0.750042,0.40282,قَطَرَ
0.977702,1.032746,0.750042,ٱشَّيْخُ
