conf,end,start,word
0.762477,0.78,0.374158,قَطَرَ
0.45157,1.025711,0.9,مَعَ
0.093082,1.17,1.025711,تُرْكِيَا
