conf,end,start,word
0.968962,0.389673,0.033681,فِي
1.0,0.72001,0.389673,قَطَرَ
0.997733,0.899976,0.72001,عَنْ
0.290868,1.17,0.9,خُطَّةٍ
