conf,end,start,word
1.0,0.42,0.03,دَوْلَةُ
1.0,0.720292,0.42,قَطَرَ
0.886016,1.040547,0.720292,وَدُوَلٌ
0.534195,1.17,1.05,أُخْرَى
