conf,end,start,word
0.984792,0.69,0.39,قَطَرَ
0.984346,1.026887,0.69,بِشَكْلٍ
0.265228,1.17,1.026887,أَسَاسِيٍّ
