conf,end,start,word
0.917598,0.38996,0.227509,فِي
0.993326,0.72,0.38996,قَطَرَ
0.772758,0.869917,0.72,أَهْلًا
0.467716,1.17,0.87,بِكُمَا
