conf,end,start,word
1.0,0.42,0.03,دَوْلَةُ
1.0,0.81,0.42,قَطَرَ
0.968667,0.987153,0.81,عَنْ
0.397536,1.17,0.990053,أَسْمَاءٍ
