conf,end,start,word
0.988756,0.299879,0.03,فِي
1.0,0.78,0.299879,قَطَرَ
0.994162,1.17,0.84,دَعَا
