conf,end,start,word
0.524583,0.470603,0.03,سِيَاقُ
1.0,0.72,0.470603,قَطَرَ
1.0,1.166635,0.72,وَتُرْكِيَا
