conf,end,start,word
0.865278,0.360073,0.0,ٱلْجَزِيرَةِ
0.989379,0.45,0.360073,فِي
0.99544,0.72,0.450077,قَطَرَ
0.999131,0.930132,0.75,شُكْرًا
0.989691,1.17,0.930132,لِلْمُتَابَعَةِ
