conf,end,start,word
0.998517,0.75,0.330103,قَطَرَ
0.335356,1.10624,0.75,أَمَامَ
