conf,end,start,word
1.0,0.36,0.0,أَمِيرُ
1.0,0.690202,0.36,قَطَرَ
0.992926,0.99,0.690202,ٱشَّيْخُ
0.929557,1.17,1.02,تَمِيمْ
