conf,end,start,word
0.983573,0.42,0.0,ٱلَّتِي
1.0,0.72,0.420493,قَطَرَ
0.997911,1.032014,0.72,ٱشَّيْخُ
0.576768,1.17,1.05,تَمِيمْ
