conf,end,start,word
1.0,0.45,0.03,دَوْلَةُ
1.0,0.72,0.45,قَطَرَ
1.0,0.990781,0.72,ٱشَّيْخُ
0.94282,1.169712,1.019856,تَمِيمْ
