conf,end,start,word
0.973112,0.359892,0.0,ٱلَّتِي
1.0,0.72,0.360105,قَطَرَ
0.997694,1.034125,0.72,ٱشَّيْخُ
0.379004,1.17,1.05,تَمِيمْ
