conf,end,start,word
0.841149,0.42,0.030278,دَوْلَةُ
1.0,0.75,0.424766,قَطَرَ
0.988468,1.128426,0.75,ٱشَّيْخُ
