conf,end,start,word
0.96067,0.39,0.0,ٱلَّتِي
0.995827,0.72,0.418198,قَطَرَ
0.98557,0.96,0.72,ٱشَّيْخُ
0.979438,1.169634,0.99,تَمِيمْ
