conf,end,start,word
0.22083,0.27,0.0,أَوْ
0.983853,0.42,0.270605,فِي
1.0,0.78,0.42,قَطَرَ
