conf,end,start,word
0.788695,0.178719,0.0,ٱلَّتِي
0.334662,0.743094,0.178719,رَافَقَتْهَا
