conf,end,start,word
0.320517,0.21,0.0,أَنَا
0.967215,0.36,0.216139,فِي
1.0,0.78,0.360339,قَطَرَ
