conf,end,start,word
0.829152,0.542176,0.03,رَفِيقَةٌ
0.319625,0.84,0.542176,تَارَةً
