conf,end,start,word
0.610924,0.300041,0.03,زِيَارَةٌ
0.985791,0.419934,0.300041,فِي
1.0,0.75,0.419934,قَطَرَ
0.996808,0.989423,0.75,أَهْلًا
0.723051,1.14,0.99,بِكُمْ
