conf,end,start,word
1.0,0.42,0.03,دَوْلَةُ
1.0,0.750262,0.42,قَطَرَ
0.977228,1.010631,0.750262,ٱشَّيْخُ
0.610147,1.167411,1.018706,تَمِيمْ
