conf,end,start,word
0.997071,0.75,0.398895,قَطَرَ
0.995186,0.93,0.75,مَعَ
0.193077,1.106543,0.93,ٱدُّوَلِ
