conf,end,start,word
0.984622,0.149344,0.0,أَمِيرُ
1.0,0.42,0.149344,دَوْلَةِ
1.0,0.69,0.42,قَطَرَ
1.0,0.96,0.69,ٱشَّيْخُ
0.960052,1.167764,0.99,تَمِيمْ
