conf,end,start,word
0.620846,0.236373,0.0,أَنَا
0.949543,0.38983,0.236373,فِي
1.0,0.78,0.38983,قَطَرَ
