conf,end,start,word
0.257351,0.258703,0.0,أَنَا
0.988034,0.39,0.258703,فِي
0.997911,0.75,0.39,قَطَرَ
