conf,end,start,word
0.533595,0.42,0.03,سَاعَتُهَا
0.996688,0.72,0.449999,قَطَرَ
0.867544,0.930702,0.720063,عَلَى
