conf,end,start,word
0.967227,0.42,0.249449,فِي
1.0,0.75,0.42,قَطَرَ
0.969803,1.019763,0.75,أَهْلًا
0.551691,1.167462,1.02,بِكَ
