conf,end,start,word
0.453393,0.509651,0.09319,رَفِيقَةُ
0.421355,0.782117,0.513188,طَرَفٍ
