conf,end,start,word
0.880987,0.36,0.0,ٱلْجَزِيرَةِ
0.996932,0.48,0.36,فِي
1.0,0.72,0.48,قَطَرَ
0.99828,0.960133,0.75,شُكْرًا
0.797181,1.17,0.960133,لَكُمَا
