conf,end,start,word
0.915152,0.36,0.004482,أَنَّ
1.0,0.75,0.360118,قَطَرَ
0.758495,1.11,0.81,لَنْ
