conf,end,start,word
0.77469,0.419975,0.0,ٱلَّتِي
1.0,0.720426,0.419975,قَطَرَ
0.966552,1.069937,0.720426,ٱشَّيْخُ
