conf,end,start,word
1.0,0.39,0.0,أَمِيرُ
1.0,0.750449,0.39,قَطَرَ
0.964987,1.019315,0.750449,ٱشَّيْخُ
0.38496,1.169744,1.049744,تَمِيمْ
