conf,end,start,word
0.932797,0.78,0.385957,قَطَرَ
0.587269,1.077968,0.78,وَرَئِيسُ
