conf,end,start,word
0.944571,0.359158,0.03,حِصَارُ
0.972263,0.75,0.362435,قَطَرَ
