conf,end,start,word
0.274315,0.266461,0.0,أَوْ
0.958925,0.39,0.266461,فِي
1.0,0.78,0.390443,قَطَرَ
