conf,end,start,word
0.492478,0.42,0.03,خَارِجِيَّةُ
0.997433,0.720615,0.42,قَطَرَ
0.390278,0.960738,0.720615,فَقَدْ
