conf,end,start,word
0.588266,0.330305,0.0,ٱلْجَزِيرَةِ
0.891854,0.45,0.330305,فِي
0.940063,0.690743,0.45,قَطَرَ
0.937125,0.93,0.690743,نَعُودُ
