conf,end,start,word
0.532279,0.747561,0.329924,فَقَطْ
