conf,end,start,word
0.983276,0.39,0.120309,لَهَا
0.996579,0.75,0.419513,قَطَرُ
0.783664,1.020887,0.78,إِثْرَ
