conf,end,start,word
0.365555,0.359938,0.0,ٱلَّتِي
0.993322,0.75,0.360333,قَطَرَ
0.582586,1.050948,0.93,فِي
