conf,end,start,word
0.999468,0.751199,0.36,قَطَرُ
0.119526,1.139679,0.751199,ٱسْتَطَاعَتْ
