conf,end,start,word
0.511987,0.42,0.18,رَافَقَ
0.995317,0.81,0.425363,قَطَرَ
