conf,end,start,word
0.129044,0.256727,0.0,ٱلْآنَ
0.941948,0.39,0.256727,فِي
0.999494,0.78,0.390338,قَطَرَ
