conf,end,start,word
0.986659,0.36,0.03,دَوْلَةُ
1.0,0.720058,0.360045,قَطَرَ
0.305867,1.17,0.720058,وَٱشَّرِكَاتُ
