conf,end,start,word
0.997704,0.36,0.0,أَمِيرُ
1.0,0.720382,0.36,قَطَرَ
0.616486,0.870796,0.720382,إِنَّ
0.190837,1.17,0.870796,ٱلِٱسْتِبْدَادَ
