conf,end,start,word
0.66337,0.36,0.03,مَا
0.997957,0.78,0.369603,قَطَرَ
