conf,end,start,word
0.345263,0.21,0.0,أَنَا
0.98609,0.360143,0.210284,فِي
1.0,0.78,0.360143,قَطَرَ
