conf,end,start,word
0.994845,0.45,0.03141,مِنْ
1.0,0.72,0.45,قَنَاةِ
1.0,1.081653,0.72,ٱلْجَزِيرَةِ
0.396736,1.17,1.081653,كَيْفَ
