conf,end,start,word
0.51436,0.294536,0.09,لَكُمْ
0.91085,0.42,0.294536,مِنْ
1.0,0.72,0.45,قَنَاةِ
1.0,1.049877,0.72,ٱلْجَزِيرَةِ
