conf,end,start,word
0.719569,0.332227,0.0,أَنْبَاءٌ
0.716518,0.45,0.332227,مِنْ
0.999274,0.72,0.45,قَنَاةِ
1.0,1.076081,0.72,ٱلْجَزِيرَةِ
