conf,end,start,word
0.816976,0.359788,0.03,بَثُّ
1.0,0.72,0.390173,قَنَاةِ
1.0,1.140483,0.72,ٱلْجَزِيرَةِ
