conf,end,start,word
0.917281,0.42,0.12,مِنْ
1.0,0.75,0.42,قَنَاةِ
1.0,1.084753,0.75,ٱلْجَزِيرَةِ
0.326309,1.17,1.084753,كَيْفَ
