conf,end,start,word
1.0,0.42,0.03,مَعَ
0.948067,0.75,0.42,قَنَاةِ
0.985784,1.098412,0.751148,ٱلْعَالَمِ
