conf,end,start,word
0.985708,0.39,0.0,أَفَادَتْ
0.981865,0.75,0.39,قَنَاةُ
0.671143,1.090884,0.75014,ٱلْعَرَبِيَّةِ
