conf,end,start,word
0.738953,0.537556,0.03,حَقِيقَةُ
0.98495,0.719908,0.537556,قَنَاةِ
0.995506,1.17,0.719908,ٱسُّوَيْسِ
