conf,end,start,word
0.923948,0.749961,0.298627,قَنَاةُ
0.992959,1.17,0.75175,رُوسِيَا
