conf,end,start,word
0.991864,0.33,0.03,مَشْ
0.99344,0.45,0.33,فِي
0.838812,0.72,0.45,قَنَاةِ
1.0,1.17,0.724836,ٱلْجَزِيرَةِ
