conf,end,start,word
1.0,0.42,0.038842,مَعَ
0.987684,0.750032,0.42,قَنَاةِ
0.804056,1.096776,0.750032,ٱسُّوَيْسِ
