conf,end,start,word
0.988478,0.751556,0.36,قَنَاةُ
0.928982,1.14,0.751556,ٱلْمَسِيرَةِ
