conf,end,start,word
0.935709,0.330278,0.030747,لَكُمْ
0.913764,0.42,0.330278,مِنْ
0.991957,0.72,0.422324,قَنَاةِ
1.0,1.047421,0.72,ٱلْجَزِيرَةِ
