conf,end,start,word
0.97868,0.45,0.122407,مِنْ
1.0,0.72,0.45,قَنَاةِ
1.0,1.081784,0.72,ٱلْجَزِيرَةِ
0.312778,1.17,1.081784,كَيْفَ
