conf,end,start,word
0.989777,0.299788,0.03,مَشْ
1.0,0.42,0.299788,فِي
0.997765,0.72,0.42,قَنَاةِ
1.0,1.085495,0.720067,ٱلْجَزِيرَةِ
