conf,end,start,word
0.985054,0.42,0.04972,مِنْ
1.0,0.72,0.420035,قَنَاةِ
1.0,1.055182,0.72,ٱلْجَزِيرَةِ
0.470584,1.14,1.055182,كَيْفَ
