conf,end,start,word
0.806002,0.734614,0.320997,قَنَاةُ
0.266494,1.17,0.78,مُكَمِّلِينَ
