conf,end,start,word
0.990096,0.45,0.070249,مِنْ
1.0,0.72,0.45,قَنَاةِ
1.0,1.080347,0.72,ٱلْجَزِيرَةِ
0.251738,1.17,1.080347,كَيْفَ
