conf,end,start,word
0.801136,0.39,0.041823,بَيْنَ
1.0,0.720251,0.39,قُوَّاتِ
0.981349,0.988673,0.720251,ٱلْجَيْشِ
0.236535,1.17,0.99,وَٱلْأَمْنِ
