conf,end,start,word
0.684026,0.868711,0.399536,قُوَّاتُهَا
0.695422,1.078407,0.868711,ٱلِّوَاءُ
