conf,end,start,word
0.989203,0.33,0.03,مِنْ
1.0,0.810057,0.359676,قُوَّاتِ
0.995714,1.17,0.810057,ٱلِٱحْتِلَالِ
