conf,end,start,word
1.0,0.36,0.03,بَيْنَ
1.0,0.781064,0.36,قُوَّاتِ
0.893559,1.093325,0.781064,ٱلْجَيْشِ
