conf,end,start,word
0.993789,0.809985,0.3,قُوَّاتٌ
0.996199,1.169023,0.809985,تَابِعَةٌ
