conf,end,start,word
1.0,0.36,0.06,ضِدَّ
1.0,0.751128,0.39,قُوَّاتٍ
0.909097,1.108827,0.751128,مُوَالِيَةٍ
