conf,end,start,word
0.685848,0.210003,0.0,أَنْ
0.804518,0.42,0.210297,عَلَى
0.470865,0.75,0.420156,قُوَّتِهِ
0.752701,1.000802,0.750516,لِوَاءٌ
