conf,end,start,word
0.627703,0.39,0.03,فَقَدَتْهُ
0.996992,0.72,0.42,قُوَّاتُ
0.967421,0.991135,0.72,ٱرَّئِيسِ
0.704768,1.17,0.991135,ٱسِّيسِي
