conf,end,start,word
0.990784,0.3,0.0,أَيُّ
1.0,0.813394,0.300051,قُوَّاتٍ
0.293976,1.14,0.813394,لِحَفْتَرَ
