conf,end,start,word
0.975068,0.390034,0.0,أَنَّ
0.549133,0.74867,0.390053,قُوَّاتِ
0.511774,1.17,0.778521,بِلَادِهِمْ
