conf,end,start,word
0.510733,0.389946,0.043338,بَيْنَ
1.0,0.75,0.389946,قُوَّاتِ
1.0,1.105782,0.75,ٱنِّظَامِ
