conf,end,start,word
1.0,0.45,0.03,نَشَرَتْ
0.997506,0.69744,0.45,قُوَّاتُ
0.363995,1.033585,0.69744,ٱلْحِزْبِ
