conf,end,start,word
0.767045,0.299721,0.0,أَسْلِحَةٌ
0.787299,0.419075,0.299721,مِنْ
0.666529,0.719777,0.419075,قُوَّاتِ
0.479444,1.13638,0.723364,عَمَلِيَّةٍ
