conf,end,start,word
1.0,0.42,0.18,بَيْنَ
0.995901,0.69022,0.42,قُوَّاتِ
0.988538,1.167606,0.69022,ٱلْحُكُومَةِ
