conf,end,start,word
0.562498,0.419222,0.03,قِيَادَةُ
0.869395,0.780232,0.419222,قُوَّاتِ
0.555625,1.139861,0.780232,ٱسَّلَامِ
