conf,end,start,word
0.544812,0.389625,0.03,وَٱلَّتِي
0.984613,0.72,0.390371,قُوَّاتُ
0.949742,1.123291,0.72,عَمَلِيَّةٍ
