conf,end,start,word
0.938444,0.39,0.0,ٱنْسِحَابٌ
0.676763,0.720443,0.39,لِقُوَّاتِ
0.953017,0.992538,0.720443,ٱلْجَيْشِ
0.152686,1.17,0.992538,ٱلِّيبِيِّ
