conf,end,start,word
1.0,0.36,0.03,بَيْنَ
1.0,0.750605,0.36,قُوَّاتِ
0.957041,1.09628,0.750605,ٱنِّظَامِ
