conf,end,start,word
0.320109,0.39,0.0,ٱرَّازِي
0.999982,0.780439,0.39,قُوَّاتُ
0.955309,1.080626,0.780439,ٱلْجَيْشِ
