conf,end,start,word
0.92803,0.359013,0.03,مِنْ
1.0,0.75,0.359013,قُوَّاتِ
0.981784,1.134572,0.75,بِلَادِهِ
