conf,end,start,word
0.974737,0.389622,0.030709,مِنْ
1.0,0.75,0.389622,قُوَّاتِ
1.0,1.046805,0.75,ٱلِّوَاءِ
