conf,end,start,word
0.915011,0.388619,0.03,مِنْ
0.870465,0.72,0.388619,قُوَّاتِ
0.936706,1.14,0.723581,ٱلْوِفَاقِ
