conf,end,start,word
0.745214,0.39,0.03,وَإِنْشَاءُ
1.0,0.75,0.42,قُوَّاتِ
0.996699,1.047556,0.75,حِزْبِ
0.946871,1.169424,1.049424,ٱلَّهِ
