conf,end,start,word
0.889055,0.749992,0.366062,قُوَّاتٍ
0.834408,0.968088,0.75,بَرِّيَّةٍ
0.4223,1.021705,0.968088,فِي
0.1951,1.17,1.021705,ٱلْيَمَنْ
