conf,end,start,word
0.971029,0.39,0.03,بِاسْمِ
0.987059,0.69,0.419957,قُوَّاتِ
0.577173,1.1021,0.69015,حُكُومَةٍ
