conf,end,start,word
0.216366,0.39,0.03,سَقَطَهُ
0.906955,0.75,0.419986,قُوَّاتُ
0.996339,1.169665,0.752691,ٱلِٱحْتِلَالِ
