conf,end,start,word
0.940265,0.74939,0.422866,قُوَّاتُ
0.984237,1.14,0.74939,ٱلْبِشْمَرْكَةِ
