conf,end,start,word
0.802995,0.39,0.03,سُرْعَتُهُ
0.983953,0.720014,0.419924,قُوَّاتُ
0.999542,1.029663,0.720482,ٱلِّوَاءِ
