conf,end,start,word
0.987878,0.39,0.0,أَعْلَنَتْ
0.524049,0.74773,0.42,قُوَّتُهُ
0.548201,1.138419,0.74773,ٱلْوِفَاقَ
