conf,end,start,word
0.872683,0.75,0.368215,قُوَّاتُ
0.848797,0.989879,0.75,ٱلِّوَاءِ
