conf,end,start,word
0.718428,0.42,0.0,ٱعْتَدَتْ
0.98864,0.75,0.420468,قُوَّاتُ
0.997289,1.168892,0.75026,ٱلِٱحْتِلَالِ
