conf,end,start,word
0.36735,0.39,0.0,أَسَاسًا
1.0,0.72,0.41551,قُوَّاتُ
1.0,0.991609,0.72,ٱلْأَمْنِ
0.627626,1.05,0.991609,فِي
