conf,end,start,word
0.741062,0.36,0.03,تَفْوِيضُ
1.0,0.750108,0.382596,قُوَّاتِ
0.850951,1.152342,0.750108,ٱلْأُمَمِ
