conf,end,start,word
0.987408,0.389268,0.03,وَقَدْ
0.684287,0.746313,0.389268,قُوَّتُهُ
0.741117,0.992264,0.746313,ٱلْأَمْنُ
0.252403,1.17,0.992264,ٱلْمِصْرِيُّ
