conf,end,start,word
0.525782,0.416505,0.27548,مِنْ
0.945051,0.72,0.416505,قُوَّاتِ
0.981629,1.005015,0.720059,ٱلْحَرَسِ
0.613922,1.17,1.005015,ٱثَّوْرِيِّ
