conf,end,start,word
0.99609,0.360015,0.03,بَيْنَ
0.693375,0.72,0.360015,قُوَّاتِ
0.195263,1.138037,0.72,ٱلْحُكُومَةِ
