conf,end,start,word
0.984367,0.42,0.03,كَانَتْ
0.947883,0.720544,0.42,قُوَّاتُ
0.919203,1.169471,0.720544,ٱتَّحَالُفِ
