conf,end,start,word
1.0,0.39,0.03,بَيْنَ
0.878726,0.720315,0.39,قُوَّاتِ
0.796821,1.154691,0.720315,ٱلْحُكُومَةِ
