conf,end,start,word
0.328374,0.720036,0.409891,قُوَّاتُ
0.597277,1.005734,0.733405,ٱلْأَمْنِ
0.277474,1.17,1.005734,ٱلْخَاصَّةِ
