conf,end,start,word
0.888413,0.78,0.389158,قُوَّاتُ
0.758694,1.1093,0.780342,حِلْفٍ
