conf,end,start,word
0.506429,0.232804,0.0,أَيٌّ
1.0,0.45,0.232804,مِنْ
1.0,0.69,0.45,قُوَّاتِ
1.0,0.960287,0.69,ٱنِّظَامِ
0.975011,1.14,0.960287,ٱسُّورِيِّ
