conf,end,start,word
0.969083,0.419858,0.09,أَلْقَتْ
0.977744,0.720025,0.419858,قُوَّاتُ
0.973754,0.965648,0.720025,ٱلْأَمْنِ
0.277732,1.17,0.965648,ٱلْمِصْرِيَّةِ
