conf,end,start,word
0.688801,0.355866,0.03,حَالِيًّا
0.760225,0.78,0.39,قُوَّاتٌ
0.848743,1.17,0.780413,رُوسِيَّةٌ
