conf,end,start,word
0.997217,0.419926,0.058098,قِبَلَ
0.997542,0.75,0.42,قُوَّاتِ
1.0,1.139635,0.75,ٱنِّظَامِ
