conf,end,start,word
0.639506,0.42,0.03,سَنَتَوَقَّفُ
0.981396,0.72024,0.427497,قُوَّاتُ
0.987005,1.167867,0.72024,ٱتَّحَالُفِ
