conf,end,start,word
0.994493,0.394766,0.0,أَنَّ
0.511858,0.75,0.394766,ٱلْقُوَّاتِ
0.71459,1.123363,0.75,ٱلْعِرَاقِيَّةَ
