conf,end,start,word
0.388756,0.45,0.03,شَرِكَةُ
0.988188,0.72,0.45,قُوَّاتِ
1.0,0.994421,0.72,ٱلْحَرَسِ
0.898639,1.17,0.994421,ٱثَّوْرِيِّ
