conf,end,start,word
1.0,0.39,0.03,مَعَ
0.974811,0.75,0.39,قُوَّاتِ
0.489456,1.10156,0.750979,سُورِيَا
