conf,end,start,word
0.43225,0.33,0.03,بِاسْمِ
0.984397,0.757201,0.36,قُوَّاتٍ
0.699028,1.167956,0.78,حُكُومِيَّةٍ
