conf,end,start,word
0.982186,0.42,0.00299,أَنَّ
0.989641,0.75,0.42,قُوَّاتِ
1.0,1.109034,0.75,ٱشُّرْطَةِ
