conf,end,start,word
0.810404,0.36,0.0,أَنَّ
1.0,0.750216,0.361292,قُوَّاتِ
0.594664,1.14,0.750216,ٱلْوِفَاقِ
