conf,end,start,word
0.992391,0.84,0.30014,قُوَّاتٌ
0.992669,1.16908,0.84,تَابِعَةٌ
