conf,end,start,word
1.0,0.84007,0.300635,قُوَّاتٌ
0.985748,1.168419,0.87,تَابِعَةٌ
