conf,end,start,word
1.0,0.39,0.0,أَنَّ
0.972836,0.754318,0.39,قُوَّاتِ
0.320001,1.139216,0.754318,وَحَدَاتٍ
