conf,end,start,word
0.610527,0.33,0.03,إِرْسَالُ
1.0,0.750018,0.348316,قُوَّاتٍ
0.983534,1.17,0.750018,لِحِمَايَةِ
