conf,end,start,word
0.977927,0.419879,0.002739,أَنَّ
1.0,0.72,0.419879,قُوَّاتِ
1.0,1.106346,0.72,ٱلِٱحْتِلَالِ
