conf,end,start,word
0.650643,0.06,0.0,أَوْ
0.993663,0.418414,0.09,بَيْنَ
0.911181,0.696865,0.42,قُوَّاتِ
0.492142,1.085984,0.696865,ٱلْحُكُومَةِ
