conf,end,start,word
0.8614,0.39,0.031896,مَعَ
0.910657,0.749932,0.39,قُوَّةٍ
0.945744,0.900443,0.75,مَا
0.113403,1.17,0.900443,يُبَرِّرُهَا
