conf,end,start,word
0.593654,0.381645,0.03,بِأَنَّ
0.723204,1.071359,0.78,سُورِيَا
