conf,end,start,word
0.504132,0.36,0.03,بِهَا
1.0,0.784945,0.360023,قُوَّاتُ
0.593895,1.14,0.784945,ٱلْحُوثِيِّ
