conf,end,start,word
0.791236,0.42,0.0,أَطَاقَ
1.0,0.72,0.445278,قُوَّاتُ
1.0,0.993569,0.72,ٱنِّظَامِ
0.687549,1.17,0.993569,ٱسُّورِيِّ
