conf,end,start,word
0.986405,0.841183,0.3,لِلْجَزِيرَةِ
0.808353,0.985757,0.841183,فِي
0.680388,1.07874,0.98874,مِصْرَ
