conf,end,start,word
0.927698,0.299279,0.03,هِيَ
1.0,0.84,0.299279,لِلْجَزِيرَةِ
0.799088,1.014811,0.84,إِنَّ
