conf,end,start,word
0.810042,0.27,0.03,لَيْسَ
0.926986,0.9,0.270233,لِلْجَزِيرَةِ
0.455238,1.049154,0.9,أَنْ
