conf,end,start,word
0.907678,0.87,0.270318,لِلْجَزِيرَةِ
0.930573,0.993063,0.87,أَنَّ
0.439414,1.17,0.993063,ٱسِّيسِيَ
