conf,end,start,word
0.826363,0.84,0.202893,ٱلْجَزِيرَةُ
0.599685,1.14,0.842907,نَقُولُ
