conf,end,start,word
0.575408,0.329988,0.03,دَوْلِيٌّ
1.0,0.84,0.329988,لِلْجَزِيرَةِ
0.793998,1.018165,0.84,أَنَّ
