conf,end,start,word
0.395279,0.357427,0.06,ثَانِيًا
1.0,0.84,0.357427,لِلْجَزِيرَةِ
0.784049,0.990256,0.84,إِنَّ
0.255547,1.17,0.990256,ٱلْقَصْفَ
