conf,end,start,word
0.22277,0.330066,0.03,دِينِيَّةٌ
0.912103,0.820975,0.331684,لِلْجَزِيرَةِ
