conf,end,start,word
0.86764,0.328668,0.03,خَاصَّةٌ
0.99946,0.87,0.328668,لِلْجَزِيرَةِ
0.419427,1.006099,0.87,إِنَّ
