conf,end,start,word
0.962711,0.87,0.270288,لِلْجَزِيرَةِ
0.931789,0.994247,0.87,أَنَّ
0.443921,1.17,0.994247,ٱسِّيسِيَ
