conf,end,start,word
0.691982,0.811515,0.0,ٱلْجَزِيرَةِ
0.397617,1.158745,0.811515,ٱرْتِفَاعُ
