conf,end,start,word
0.276763,0.329181,0.03,طَلْعَةٌ
0.573413,0.78,0.329181,لِلْجَزِيرَةِ
0.620185,0.959853,0.78,إِنَّ
0.390146,1.17,0.959853,ٱلْحِوَارَ
