conf,end,start,word
0.95624,0.899952,0.272067,لِلْجَزِيرَةِ
0.89623,0.991966,0.899952,أَنَّ
0.547893,1.17,0.991966,ٱسِّيسِيَ
