conf,end,start,word
0.74539,0.36,0.03,خَاصَّةٌ
0.952923,0.780805,0.36,لِلْجَزِيرَةِ
0.844927,1.169849,0.780805,بِمَقْتَلِ
