conf,end,start,word
0.624697,0.359686,0.03,تَنْزِيلُ
0.924585,0.84,0.359686,ٱلْجَزِيرَةِ
0.648159,0.984095,0.84,أَنَّ
