conf,end,start,word
0.527565,0.9,0.21,لِجَزِيرَةٍ
0.703812,1.082273,0.900008,نَعَمْ
0.362117,1.169902,1.082273,نَعَمْ
