conf,end,start,word
0.928147,0.35967,0.0,أَمْنِيًّا
0.808637,0.811617,0.35967,لِلْجَزِيرَةِ
0.722565,0.989082,0.811617,أَنَّ
