conf,end,start,word
1.0,0.33,0.03,مَصَادِرُ
1.0,0.84,0.33,لِلْجَزِيرَةِ
0.841536,1.020528,0.84,إِنَّ
0.282911,1.139877,1.020528,مِصْرَ
