conf,end,start,word
0.995963,0.930021,0.0,ٱلْجَزِيرَةِ
0.477922,1.14,0.930021,عَنْ
