conf,end,start,word
0.930143,0.3,0.03,حَدِيثٌ
0.997279,0.81,0.330712,لِلْجَزِيرَةِ
0.957855,1.11,0.81,عَبْرَ
