conf,end,start,word
0.983581,0.33,0.03,مَصَادِرُ
1.0,0.81,0.330493,لِلْجَزِيرَةِ
0.877034,0.960075,0.81,إِنْ
0.533946,1.109859,0.99,صَحَّ
