conf,end,start,word
0.629831,0.783572,0.033832,ٱلْجَزِيرَةِ
0.67945,0.930288,0.786588,أَنَّ
