conf,end,start,word
0.966157,0.33,0.03,مَصَادِرُ
0.982798,0.84,0.33,لِلْجَزِيرَةِ
0.511776,0.93188,0.84,أَنَّ
0.270885,1.168241,0.93188,ٱشَّبَابَ
