conf,end,start,word
0.497948,0.359935,0.0,أَصْدَرُوا
0.999788,0.810356,0.359935,لِلْجَزِيرَةِ
0.95774,1.043448,0.810356,بِأَنَّ
