conf,end,start,word
1.0,0.33,0.03,مَصَادِرُ
1.0,0.780196,0.33,لِلْجَزِيرَةِ
0.971629,0.996115,0.780196,بِأَنَّ
0.22456,1.17,0.996115,ٱلْحِوَارَ
