conf,end,start,word
0.826812,0.870053,0.124392,لِلْجَزِيرَةِ
0.538991,1.14,0.870053,بِوُجُودِ
