conf,end,start,word
0.76436,0.84,0.3,لِلْجَزِيرَةِ
0.805319,0.998862,0.84,إِنَّ
0.529548,1.17,0.998862,ٱسِّيسِيَ
