conf,end,start,word
0.998905,0.84,0.302385,لِلْجَزِيرَةِ
0.685543,1.019548,0.84,إِنْ
0.511915,1.17,1.02,طَيِّبْ
