conf,end,start,word
0.307529,0.3,0.03,دَيْرٌ
0.87611,0.849765,0.310461,لِلْجَزِيرَةِ
0.279432,1.016665,0.87,إِنَّ
