conf,end,start,word
0.98306,0.839928,0.304394,لِلْجَزِيرَةِ
0.653505,0.960231,0.839928,أَنَّ
0.602103,1.17,0.960231,ٱثْنَيْنِ
