conf,end,start,word
0.994442,0.843519,0.272872,لِلْجَزِيرَةِ
0.355809,1.073556,0.843519,أَنَّهَا
