conf,end,start,word
0.996238,0.33,0.03,مَصَادِرُ
0.999362,0.84,0.33,لِلْجَزِيرَةِ
0.98721,0.989325,0.84,أَنَّ
0.104265,1.081352,0.99,مِصْرَ
