conf,end,start,word
0.451249,0.329542,0.03,لِيبِيَّهْ
0.999614,0.84,0.329542,لِلْجَزِيرَهْ
0.776257,1.009369,0.84,أَنْ
