conf,end,start,word
0.771078,0.239371,0.03,بِهَا
0.70821,0.93,0.239371,لِلْجَزِيرَهْ
