conf,end,start,word
0.918441,0.48,0.03,وَأَنَّهَا
1.0,0.66,0.48,لَمْ
1.0,0.990103,0.66,تَجِدْ
0.748209,1.169832,1.02,غَيْرَ
