conf,end,start,word
0.82181,0.42,0.0,أَنَّهَا
0.901065,0.72,0.42,لَمْ
0.91684,1.169021,0.75,تَصْمُدْ
