conf,end,start,word
0.630549,0.69,0.42,لَمْ
0.917593,1.011506,0.69,تَتْرُكْ
