conf,end,start,word
1.0,0.480047,0.03113,حَلَبْ
0.985374,0.69,0.480047,لَمْ
0.623457,1.047288,0.690217,تَدْخُلْ
