conf,end,start,word
1.0,0.480004,0.06,إِذَا
0.999606,0.66,0.480004,لَمْ
0.332002,1.119889,0.66,تَتَوَفَّرْ
