conf,end,start,word
0.390517,0.45,0.03,مُجَمَّعًا
0.990777,0.688859,0.45,لَمْ
0.901042,1.17,0.69,تُحَدِّدْ
