conf,end,start,word
0.98012,0.36,0.0,أَحَدًا
0.999573,0.72,0.39,لَمْ
0.915007,1.077149,0.72,يَطْرَحْ
