conf,end,start,word
0.733959,0.45,0.03,تْرَامْبْ
0.988062,0.659949,0.45,لَمْ
0.988198,1.17,0.659949,يَرْتَكِبْ
