conf,end,start,word
0.890122,0.479937,0.033635,إِذَا
0.995195,0.72,0.48,لَمْ
