conf,end,start,word
0.994288,0.66,0.457339,لَمْ
0.999456,1.019634,0.660088,تَصِلْ
0.339025,1.16405,1.019634,إِلَى
