conf,end,start,word
1.0,0.48,0.18,إِذَا
1.0,0.660005,0.48,لَمْ
0.751978,1.098889,0.660005,يَرْفَعُوا
