conf,end,start,word
0.961763,0.72003,0.39,لَمْ
0.283014,1.14,0.75,تُسَمِّ
