conf,end,start,word
0.662141,0.42,0.0,ٱلْيَوْمَ
0.901044,0.72,0.45,لَمْ
0.256636,1.108048,0.72,تَقُمْ
