conf,end,start,word
0.847346,0.477294,0.210572,قَالَ
0.888091,0.66,0.477294,لَمْ
0.506278,1.091989,0.662611,يَسْمَحُوا
0.378178,1.153491,1.091989,لِي
