conf,end,start,word
0.982266,0.508858,0.03,مِيَاهٌ
0.95589,0.66,0.509546,لَمْ
0.934234,1.04134,0.66,تُوَافِقْ
