conf,end,start,word
0.566031,0.450133,0.03,وَفَاةٍ
0.904002,0.69,0.454416,لَمْ
