conf,end,start,word
0.981173,0.48,0.000359,أَنَّهَا
0.998672,0.66,0.48,لَمْ
0.888821,1.049975,0.660045,تَشْهَدْ
