conf,end,start,word
0.951376,0.659656,0.51,لَمْ
0.513303,0.990671,0.659656,يُصَرِّحْ
