conf,end,start,word
1.0,0.51,0.210086,إِذَا
1.0,0.66,0.51,لَمْ
1.0,0.9619,0.66,تَجِدْ
0.635993,1.17,0.9619,دَعْمَ
