conf,end,start,word
0.906059,0.746261,0.39,لَمْ
0.826998,1.166645,0.75,تَسْمَحْ
