conf,end,start,word
0.873195,0.66,0.42,لَمْ
0.538291,1.080801,0.66,تُسَلِّمْ
