conf,end,start,word
0.788174,0.506171,0.288287,إِذَا
0.91485,0.654272,0.506171,لَمْ
0.598456,1.018014,0.66,تَلْمَسْ
