conf,end,start,word
0.759805,0.45,0.0,ٱزَّيَّاتُ
0.979338,0.72,0.45,لَمْ
0.765742,1.10174,0.720597,تَمُرَّ
