conf,end,start,word
0.745803,0.18,0.0,أَنَا
1.0,0.66,0.48,لَمْ
0.871696,1.018706,0.66,أَسْمَعْ
