conf,end,start,word
0.783556,0.39,0.000488,أَنَّهَا
1.0,0.69,0.45,لَمْ
1.0,1.016651,0.69,تَكُنْ
