conf,end,start,word
0.620483,0.75,0.45,لَمْ
0.121314,1.139494,0.75,تَحْمِلْ
