conf,end,start,word
0.903234,0.45,0.03,بِلَادُهُ
0.993839,0.66,0.45,لَمْ
0.991828,1.14,0.660186,تَتَأَثَّرْ
