conf,end,start,word
0.977511,0.717752,0.42,لَمْ
0.698427,1.088945,0.72,تَكْتَفِ
