conf,end,start,word
0.957787,0.51,0.0,ٱشَّرِكَةُ
0.995304,0.659461,0.51,لَمْ
0.90899,0.999386,0.66,تُحَدِّدْ
