conf,end,start,word
0.866877,0.48,0.0,أَنَّهُ
0.646538,0.70832,0.48,لَمْ
