conf,end,start,word
0.423824,0.45,0.0,أَنَا
0.997063,0.72,0.45,لَمْ
0.875503,1.109744,0.75,تَصِلْ
