conf,end,start,word
0.595756,0.509963,0.0,أَطْرَافًا
0.654558,0.660084,0.509963,لَمْ
0.31633,1.029834,0.660084,يُسَمِّحْ
