conf,end,start,word
0.987936,0.78,0.39,لَمْ
0.301315,1.166946,0.81,تَسْتَطِعْ
