conf,end,start,word
0.998393,0.750063,0.36,لَمْ
0.995932,1.17,0.750063,يَكْشِفْ
