conf,end,start,word
0.519788,0.39,0.0,أَنَّهُ
0.967077,0.75,0.397104,لَمْ
0.601318,1.17,0.77983,يَحْصُلْ
