conf,end,start,word
0.573749,0.48,0.0,ٱجْتِمَاعٌ
1.0,0.66,0.491658,لَمْ
1.0,1.1114,0.66,يُسْفِرْ
0.745229,1.17,1.1114,عَنْ
