conf,end,start,word
0.558766,0.450107,0.09,وَإِنَّهَا
0.676321,0.839587,0.451149,لَمْ
0.479016,1.14,0.84008,تُخْفِ
