conf,end,start,word
0.998453,0.75,0.42,لَمْ
0.258845,1.135822,0.75,يَسْتَطِعْ
