conf,end,start,word
0.871821,0.75,0.39,لَمْ
0.534476,1.135088,0.75,يَحْدُثْ
