conf,end,start,word
0.991156,0.48,0.03,عَلَيْهِ
0.901878,0.660912,0.48,لَمْ
0.451003,1.07981,0.660912,يَسْتَثْمِرْ
