conf,end,start,word
0.912532,0.42,0.0,أَنَّهُ
1.0,0.66,0.45,لَمْ
1.0,0.930345,0.66,يَعُدْ
0.177615,1.14,0.930533,مِصْرَ
