conf,end,start,word
0.995823,0.51,0.03,وَاشِنْطُنْ
1.0,0.63,0.51,لَمْ
0.997357,0.991191,0.63,تَتَّخِذِ
0.864026,1.17,0.991191,ٱلْقَرَارَ
