conf,end,start,word
0.942815,0.72,0.450869,لَمْ
0.254793,1.139385,0.75,تَتَوَقَّفْ
