conf,end,start,word
0.815866,0.57,0.03,قَائِلٌ
0.951283,0.69,0.570104,لَمْ
0.960534,1.051592,0.69,يَقُمْ
