conf,end,start,word
0.965478,0.719861,0.45,لَمْ
0.995519,1.14,0.72,تَتْرُكْ
