conf,end,start,word
0.971071,0.47602,0.03,غَزْوَةٌ
0.8697,0.69,0.48,لَمْ
0.980898,0.989514,0.69,يَكُنْ
