conf,end,start,word
0.576922,0.48,0.03,عَسْكَرِيَّةٌ
1.0,0.660048,0.48,لَمْ
0.997587,1.017086,0.660048,يَكُنْ
