conf,end,start,word
0.740553,0.48,0.0,أَنَّهُ
0.996365,0.66,0.48,لَمْ
0.984602,1.139014,0.66,يَتَحَقَّقْ
