conf,end,start,word
0.922784,0.75,0.39042,لَمْ
0.712635,1.13825,0.75,تُثْمِرْ
