conf,end,start,word
0.854822,0.42,0.0,أَنَّهُ
0.993577,0.69,0.45,لَمْ
0.91948,1.166997,0.69,يَتَمَكَّنْ
