conf,end,start,word
0.652081,0.39,0.0,ٱزِّيَارَةُ
0.998517,0.75,0.39,لَمْ
0.613512,1.167214,0.75,تُعْلَنْ
