conf,end,start,word
0.341753,0.478653,0.0,أَنْسِتَانْ
0.995793,0.66,0.478653,لَمْ
0.99654,1.021013,0.66,يُحْسَمْ
0.412958,1.139451,1.021013,بَعْدُ
