conf,end,start,word
0.996466,0.479929,0.06,إِذَا
1.0,0.69,0.479929,لَمْ
0.869778,1.082962,0.69,تُلَبِّ
