conf,end,start,word
0.652326,0.450079,0.03,حِلْفٌ
0.966146,0.72,0.450079,لَمْ
0.206022,1.13089,0.75,تَتَدَخَّلْ
