conf,end,start,word
0.955222,0.51,0.18,لَكِنَّهُ
1.0,0.66,0.51,لَمْ
0.999076,0.95505,0.66,يَذْهَبْ
0.934447,1.050267,0.95505,إِلَى
0.399054,1.169875,1.050267,جِنِيفْ
