conf,end,start,word
0.979969,0.659903,0.48,لَمْ
0.930699,1.109304,0.659903,يَسْتَبْعِدْ
