conf,end,start,word
0.616005,0.48,0.03,زِيَارَةٌ
0.998971,0.66,0.48,لَمْ
0.998673,0.932555,0.66,تَكُنْ
0.284982,1.17,0.932555,مُعْلَنَةً
