conf,end,start,word
0.64652,0.39,0.0,أَنَّهَا
0.996466,0.78,0.408687,لَمْ
0.511536,1.168651,0.78,تُشَارِكْ
