conf,end,start,word
0.999894,0.45,0.0,ٱلَّتِي
0.986505,0.72,0.45,لَمْ
0.080292,1.044229,0.9,يَكُنْ
