conf,end,start,word
0.376362,0.42,0.0,ٱتَّحَالُفُ
0.974353,0.72,0.449119,لَمْ
0.867852,1.139657,0.72,يَتَلَقَّ
