conf,end,start,word
0.97808,0.48,0.27,مَا
1.0,0.69,0.48,لَمْ
0.732997,1.136456,0.69,يَدْفَعُوا
