conf,end,start,word
0.581708,0.81,0.36,لَنْ
0.953649,1.169776,0.822716,تَلْتَزِمَ
