conf,end,start,word
0.356048,0.39,0.03,يَعْنِي
0.857271,0.726273,0.45,لَمْ
