conf,end,start,word
0.999692,0.69,0.48,لَمْ
0.765395,1.002316,0.69,يُجْرَ
