conf,end,start,word
0.769786,0.45,0.0,أَنَّهُ
1.0,0.660031,0.48,لَمْ
0.998372,0.964212,0.660031,يَكُنْ
