conf,end,start,word
0.723352,0.45,0.03,شَرِيفٌ
0.999085,0.72,0.48,لَمْ
0.998461,0.991034,0.72,يَعُدْ
0.121464,1.17,0.991034,يَتَوَفَّرُ
