conf,end,start,word
0.445013,0.15,0.0,أَنَا
0.951088,0.69,0.45,لَمْ
0.761037,1.099619,0.69,تَتَّخِذْ
