conf,end,start,word
0.746315,0.39,0.0,آثَارٌ
0.989167,0.72,0.390122,لَمْ
0.963042,1.168496,0.720337,يُعْلَنْ
