conf,end,start,word
0.467513,0.507639,0.000438,ٱنْفِجَارٌ
0.924494,0.660023,0.511457,لَمْ
0.997012,1.01527,0.660023,يُسْفِرْ
0.804685,1.075117,1.01527,عَنْ
