conf,end,start,word
0.372288,0.45,0.0,أَنَّهَا
0.981271,0.71994,0.45,لَمْ
0.76941,1.139404,0.72,تُشَارِكْ
