conf,end,start,word
0.632582,0.45,0.0,ٱلْعَائِلَةُ
0.984277,0.69,0.45,لَمْ
0.894299,1.13856,0.69,تَحْصُلْ
