conf,end,start,word
0.807491,0.48,0.03,وَمَا
0.997724,0.689478,0.48,لَمْ
0.738027,1.14,0.69,تَتَوَصَّلْ
