conf,end,start,word
0.989971,0.68999,0.45,لَمْ
1.0,1.106005,0.68999,يَحْضُرُوا
