conf,end,start,word
1.0,0.749983,0.36,لَمْ
0.682813,1.062127,0.75,يَعُدْ
