conf,end,start,word
0.987367,0.509984,0.0,ٱسُّعُودِيَّةُ
0.987256,0.660208,0.51,لَمْ
0.991415,0.986872,0.660333,تَأْتِ
0.484546,1.169179,0.99,بِشَيْءٍ
