conf,end,start,word
0.978326,0.45,0.0,ٱلْحِلْفُ
0.988376,0.66,0.451127,لَمْ
0.963377,1.139584,0.66,يَتَّخِذْ
