conf,end,start,word
0.998063,0.75,0.36,لَمْ
0.978802,1.135337,0.75,يَكُنْ
