conf,end,start,word
0.976576,0.48,0.0,أَطْرَافًا
0.995907,0.66,0.48,لَمْ
0.74524,1.163655,0.66,يُسَمِّهَا
