conf,end,start,word
0.894212,0.419428,0.0,أَنَّهَا
0.985904,0.78,0.419428,لَمْ
0.26642,1.17,0.87,تَذْكُرْ
