conf,end,start,word
0.906751,0.45,0.0,ٱلْجِهَاتُ
0.997389,0.69,0.450158,لَمْ
0.740273,1.14,0.69,يُسَمِّ
