conf,end,start,word
0.786777,0.81,0.336084,لَمْ
0.550274,1.107448,0.81,تَعُدْ
