conf,end,start,word
0.998487,0.48,0.0,أَنَّهُمْ
0.994381,0.66,0.48,لَمْ
0.664376,1.156791,0.66,يَتَمَكَّنُوا
