conf,end,start,word
0.76773,0.51,0.0,ٱلْإِسْلَامِيَّةُ
0.996446,0.660286,0.51,لَمْ
0.966917,0.929974,0.660286,يَكُنْ
0.192827,1.169582,0.930343,وَرَاءَ
