conf,end,start,word
0.920378,0.42,0.0,أَنَّهُ
0.998958,0.72,0.45,لَمْ
0.961812,1.074385,0.72,يَتِمَّ
