conf,end,start,word
0.825723,0.48,0.0,أَنَّهُ
1.0,0.66,0.48,لَمْ
0.991827,0.963678,0.66,يَزُرْ
