conf,end,start,word
0.903113,0.69,0.450062,لَمْ
0.589701,1.063681,0.690105,تُعْرَفْ
