conf,end,start,word
0.59194,0.45,0.03,إِذَا
0.998838,0.72,0.462221,لَمْ
0.825422,1.083351,0.72,تُغَيِّرْ
