conf,end,start,word
0.60516,0.48,0.03,غَنِيَّةٌ
0.997721,0.69,0.48,لَمْ
0.99643,0.93,0.69,يَتِمَّ
0.340509,1.17,0.93,حَسْمُ
