conf,end,start,word
0.9909,0.749152,0.39,لَمْ
0.93255,1.138656,0.75,تُشَارِكْ
