conf,end,start,word
0.993791,0.509989,0.12,لِأَنَّهُ
0.995929,0.66,0.51,لَمْ
0.971567,1.038815,0.66,يَحْصُلْ
