conf,end,start,word
0.535729,0.23835,0.0,أَنَّهُ
1.0,0.51,0.23835,إِذَا
1.0,0.63,0.51,لَمْ
0.999734,0.937027,0.63,تُرْفَعْ
