conf,end,start,word
0.99406,0.48,0.0,ٱرَّئِيسُ
0.926297,0.69,0.48,لَمْ
0.504308,1.132147,0.69,يَتَحَدَّثْ
