conf,end,start,word
0.946402,0.479794,0.0,ٱزِّيَارَةُ
0.997349,0.69,0.479794,لَمْ
0.651041,1.07198,0.69,يُعْلَنْ
