conf,end,start,word
0.993857,0.75,0.42,لَمْ
0.928249,1.028464,0.75,يَذْكُرِ
0.339295,1.17,1.028464,ٱنَّاسُ
