conf,end,start,word
0.165424,0.479926,0.03,وَسِيلَةٌ
0.998948,0.72,0.48,لَمْ
0.971398,0.996316,0.75,تَكُنِ
0.080897,1.17,0.996316,ٱثَّوْرَةُ
