conf,end,start,word
0.999634,0.476054,0.0,ٱلْأَكْرَادُ
0.770175,0.659941,0.480185,لَمْ
0.851413,0.989962,0.659941,يَقُولُوا
