conf,end,start,word
0.983851,0.48,0.000922,أَنَّهَا
0.995668,0.689827,0.48,لَمْ
0.979716,1.139812,0.69,تَسْتَطِعْ
