conf,end,start,word
0.998445,0.69,0.48,لَمْ
1.0,1.020989,0.69,يَكُونُوا
0.182789,1.14,1.020989,قَدْ
