conf,end,start,word
0.767287,0.386723,0.241213,فِي
0.955836,0.749968,0.386723,لِيبْيَا
0.338369,1.17,0.78,ٱلْإِمَارَاتْ
