conf,end,start,word
0.978914,0.359275,0.081096,إِلَى
1.0,0.81,0.359275,لِيبْيَا
0.580746,1.17,0.81,بَرْنَرْدِينُو
