conf,end,start,word
0.888218,0.320896,0.03,فِي
1.0,0.78003,0.320896,لِيبْيَا
0.441829,1.17,0.78003,وَٱلْمِنْطَقَهْ
