conf,end,start,word
0.972794,0.72,0.04856,لِيبْيَا
0.63949,0.978582,0.720337,رَفْعَ
0.394319,1.14,0.978582,ٱلْحِصَارِ
