conf,end,start,word
1.0,0.42,0.252693,فِي
1.0,0.75,0.42,لِيبْيَا
0.755799,1.050605,0.75,وَقَالَ
