conf,end,start,word
0.561086,0.24,0.0,ٱلْوَضْعُ
0.951628,0.391483,0.248544,فِي
0.996908,0.736558,0.391483,لِيبْيَا
