conf,end,start,word
0.998406,0.36,0.030523,فِي
0.998406,0.75,0.36,لِيبْيَا
0.410445,1.17,0.75,وَٱلْعَوْدَةُ
