conf,end,start,word
0.859382,0.386,0.034181,فِي
0.99425,0.75,0.386,لِيبْيَا
0.626199,1.14,0.75,مُمْكِنَةٌ
