conf,end,start,word
1.0,0.39,0.03,فِي
1.0,0.720005,0.39,لِيبْيَا
0.997001,1.021259,0.720005,لِمُدَّةِ
0.506752,1.17,1.021259,سَنَتَيْنِ
