conf,end,start,word
0.947135,0.419734,0.240396,فِي
0.983931,0.72,0.419734,لِيبْيَا
0.477449,1.021462,0.720202,نَقَلَتْ
