conf,end,start,word
0.703443,0.269669,0.0,ٱدَّوْلَةِ
0.999722,0.42,0.269669,فِي
0.999722,0.69,0.42,لِيبْيَا
0.755559,1.069107,0.72,خَالِدْ
