conf,end,start,word
0.908892,0.418329,0.03251,فِي
0.954584,0.692235,0.418329,لِيبْيَا
0.786497,0.867535,0.692235,أَنَّ
0.343981,1.14,0.87,مَسْأَلَةَ
