conf,end,start,word
1.0,0.33,0.03,فِي
1.0,0.780711,0.33,لِيبْيَا
0.929098,1.008966,0.780711,عَلَى
0.112637,1.168036,1.019319,أَسَاسِ
