conf,end,start,word
0.997057,0.299942,0.03,جَرَتْ
0.999549,0.42,0.299942,فِي
0.976302,0.72,0.42,لِيبْيَا
0.324237,1.062464,0.72,مَرَاسِمُ
