conf,end,start,word
0.66557,0.387483,0.270474,فِي
0.982121,0.71963,0.387483,لِيبْيَا
0.998527,0.870048,0.71963,عَنْ
0.413282,1.17,0.870048,إِنْزِعَاجٍ
