conf,end,start,word
0.303409,0.230178,0.030734,مَا
0.979844,0.359924,0.230178,فِي
0.992453,0.78,0.359924,لِيبْيَا
0.319,1.14,0.81,سِيَاسِيًّا
