conf,end,start,word
0.521338,0.3,0.053252,هِيَ
0.838098,0.449102,0.301437,فِي
0.9178,0.733083,0.449102,لِيبْيَا
