conf,end,start,word
0.964962,0.418745,0.211254,فِي
1.0,0.72618,0.418745,لِيبْيَا
0.506772,1.030487,0.72618,إِنَّهُ
