conf,end,start,word
0.994232,0.42,0.24292,فِي
0.998925,0.755435,0.42,لِيبْيَا
0.554234,0.99,0.755435,عَنْ
