conf,end,start,word
0.881289,0.478875,0.03,تَمْثِيلُ
1.0,0.75,0.478875,لِيبْيَا
0.971658,1.020828,0.75,مَسَاءَ
0.672751,1.17,1.020828,ٱلْخَيْرِ
