conf,end,start,word
0.647089,0.269697,0.03,وَضْعٌ
1.0,0.45,0.269697,فِي
1.0,0.72,0.45,لِيبْيَا
0.586908,1.083662,0.72,بِأَنَّهُ
