conf,end,start,word
0.98632,0.45,0.24,فِي
0.960817,0.689795,0.45,لِيبْيَا
0.984051,0.99,0.690399,قُتِلَ
