conf,end,start,word
0.978135,0.41996,0.24,فِي
0.971687,0.749229,0.41996,لِيبْيَا
0.669368,1.169051,0.750121,قُتِلَ
