conf,end,start,word
0.946645,0.38854,0.046417,فِي
1.0,0.692351,0.38854,لِيبْيَا
0.855034,1.05,0.692351,ٱسَّبْتَ
