conf,end,start,word
0.70312,0.449976,0.0,ٱلْعَاصِمَةُ
0.849743,0.748832,0.449976,لِيبْيَا
0.25732,1.166623,0.75,رَفَضُوا
