conf,end,start,word
0.965208,0.389322,0.210542,فِي
0.999297,0.75,0.389322,لِيبْيَا
0.964185,0.93,0.75,لَنْ
0.238383,1.17,0.93,تَنْتَهِيَ
