conf,end,start,word
0.998085,0.41997,0.256711,فِي
0.999843,0.749997,0.41997,لِيبْيَا
0.998153,0.930492,0.749997,عَنْ
0.387042,1.139275,0.931329,مِصْرَ
