conf,end,start,word
0.42829,0.27,0.0,أَوْ
0.99829,0.42,0.274974,فِي
1.0,0.78,0.42,لِيبْيَا
0.743648,1.17,0.81,وَمِصْرَ
