conf,end,start,word
0.861221,0.418172,0.033315,فِي
0.966289,0.72,0.418172,لِيبْيَا
0.248387,1.14,0.720701,ٱسَّفَارَةُ
