conf,end,start,word
0.965446,0.359842,0.03,سَوَاحِلِ
0.990881,0.78,0.361072,لِيبْيَا
