conf,end,start,word
0.598908,0.266204,0.0,ٱلْعَامُّ
0.996008,0.42,0.266204,فِي
0.996008,0.75,0.42,لِيبْيَا
