conf,end,start,word
0.998492,0.359982,0.055935,فِي
1.0,0.809305,0.359982,لِيبْيَا
0.264677,1.169865,1.109865,عَنْ
