conf,end,start,word
0.940984,0.3,0.0,ٱلْعَامُّ
0.811983,0.45,0.300279,فِي
0.811983,0.72,0.45,لِيبْيَا
