conf,end,start,word
0.586972,0.3,0.0,ٱلَّتِي
0.994241,0.422639,0.302903,فِي
0.993599,0.752019,0.422841,لِيبْيَا
