conf,end,start,word
0.215125,0.39,0.0,ٱلْبَقِيَّةُ
0.949066,0.749496,0.391273,لِيبْيَا
0.892056,0.924144,0.749496,عَنْ
