conf,end,start,word
0.99426,0.419979,0.27,فِي
0.996516,0.749576,0.419979,لِيبْيَا
0.624846,1.020245,0.749833,أَفَادَتْ
0.506448,1.17,1.020245,مَصَادِرُ
