conf,end,start,word
0.996132,0.36,0.03,شَرْقَ
1.0,0.779904,0.36,لِيبْيَا
0.856359,1.005171,0.78,بَعْدَ
