conf,end,start,word
1.0,0.45,0.042264,إِلَى
1.0,0.751246,0.45,لِيبْيَا
0.872226,0.9,0.751246,عَنْ
0.710569,1.17,0.9,تَشْكِيلِ
