conf,end,start,word
1.0,0.42,0.03,فِي
1.0,0.78,0.42,لِيبْيَا
0.740427,0.960721,0.78,عَنْ
0.278536,1.168706,0.960721,مِصْرَ
