conf,end,start,word
0.659556,0.419846,0.276886,فِي
0.730568,0.718667,0.419846,لِيبْيَا
0.529239,1.169794,0.75,جَمِيعًا
