conf,end,start,word
0.961188,0.449624,0.286556,فِي
0.978563,0.748734,0.449624,لِيبْيَا
0.870456,0.87,0.749433,أَنَّ
0.675646,1.17,0.87,وَقْتَ
