conf,end,start,word
1.0,0.42,0.269815,فِي
1.0,0.75,0.42,لِيبْيَا
1.0,0.990089,0.75,عُمَرُ
0.996555,1.17,0.990089,ٱلْحَاسِي
