conf,end,start,word
0.990881,0.39,0.24,فِي
1.0,0.752033,0.39,لِيبْيَا
0.73169,1.165313,0.752033,وَٱلْأَزْمَةُ
