conf,end,start,word
0.646432,0.479974,0.03,تَجْرِي
1.0,0.78,0.480768,لِيبْيَا
0.739368,1.017378,0.78,وَمَا
