conf,end,start,word
0.992237,0.419839,0.244756,فِي
1.0,0.75,0.419839,لِيبْيَا
0.665148,0.99,0.75,قَدْ
