conf,end,start,word
0.537602,0.42,0.03,وَفِي
0.98542,0.75,0.421209,لِيبْيَا
0.768296,1.17,0.75,ٱلْمَبْعُوثُ
