conf,end,start,word
0.822813,0.419262,0.27162,فِي
0.901708,0.75,0.419262,لِيبْيَا
0.764286,1.080539,0.75,نَقْلًا
0.6818,1.14,1.080539,عَنْ
