conf,end,start,word
0.992308,0.449949,0.275105,فِي
1.0,0.75,0.449949,لِيبْيَا
0.954075,1.137047,0.75,ٱلْمَرْكَزِيُّ
