conf,end,start,word
0.991791,0.389964,0.243801,فِي
0.995727,0.719882,0.389964,لِيبْيَا
0.374635,1.092099,0.72,بِٱلْإِنَابَةِ
