conf,end,start,word
0.974769,0.449984,0.313495,فِي
0.998526,0.720643,0.449984,لِيبْيَا
0.944896,0.898969,0.720643,إِلَى
0.345742,1.167967,0.9,جَانِبِ
