conf,end,start,word
0.776253,0.349932,0.091903,إِلَى
1.0,0.78,0.349932,لِيبْيَا
0.578444,1.17,0.78,بَرْنَرْدْ
