conf,end,start,word
0.816263,0.449419,0.0,ٱشَّرْقِيَّةُ
0.998956,0.720122,0.449419,لِيبْيَا
0.989287,1.157643,0.720122,ٱتَّعْدِيلَاتُ
