conf,end,start,word
0.998082,0.419985,0.27001,فِي
0.99962,0.72,0.419985,لِيبْيَا
0.871591,0.9,0.72,إِلَى
0.337889,1.17,0.9,إِجْرَاءِ
