conf,end,start,word
0.788755,0.389307,0.274834,فِي
0.899733,0.659743,0.389307,لِيبْيَا
0.415954,1.11,0.9,مَا
