conf,end,start,word
0.996318,0.419931,0.245203,فِي
0.99926,0.690028,0.419931,لِيبْيَا
0.855887,1.14,0.690028,بِٱلْإِجْمَاعِ
