conf,end,start,word
0.965621,0.48,0.15,كُلُّ
0.965621,0.66,0.48,مَا
0.986041,1.167129,0.66,تُرِيدُهُ
