conf,end,start,word
0.997234,0.51,0.3,هَذَا
0.596898,0.780338,0.51,وَقَالَ
0.931214,0.99209,0.790376,ٱرَّئِيسُ
0.338705,1.17,0.99209,أُوبَامَا
