conf,end,start,word
0.765516,0.50006,0.001759,أَنَّ
0.998554,0.63,0.509955,مَا
0.951137,0.995653,0.63,سَمَّاهُ
0.255545,1.14,0.995653,ٱلْبَعْضُ
