conf,end,start,word
0.723464,0.48,0.270318,إِنَّ
0.945268,0.66,0.480064,مَا
0.841746,1.168793,0.66,يُنَفِّذُهُ
