conf,end,start,word
0.944827,0.659248,0.45,مَا
0.953932,1.001013,0.659248,عَلَيْهِ
