conf,end,start,word
0.534828,0.48,0.031044,عَادَةً
1.0,0.66,0.48,مَا
0.856459,1.020239,0.66,قَالُوا
0.540093,1.14,1.020239,إِنَّهُ
