conf,end,start,word
0.651178,0.51,0.03,تُدَوِّنُ
1.0,0.66,0.510664,مَا
0.986159,1.013412,0.66,يُشْبِهُ
