conf,end,start,word
0.97996,0.66,0.515274,مَا
0.760471,0.960176,0.66,قَالَهُ
