conf,end,start,word
0.41478,0.505523,0.03,إِنْقَاذُهَا
0.976799,0.63,0.505523,مَا
0.618588,1.049753,0.63,وَصَفَهُ
