conf,end,start,word
0.991778,0.539897,0.33,عَلَى
0.997174,0.66,0.539897,مَا
0.77983,1.14,0.66,وَصَفَهَا
