conf,end,start,word
0.881594,0.510047,0.03,تَعِزَّ
0.9792,0.66,0.510047,مَا
0.978987,1.047795,0.66,وَصَفَهَا
