conf,end,start,word
0.985563,0.510051,0.24,إِلَى
0.988036,0.63,0.510051,مَا
0.857084,0.987998,0.66,خَفِيَ
