conf,end,start,word
0.575682,0.48,0.15,فَإِنَّ
1.0,0.63,0.480783,مَا
0.995608,1.012592,0.63,يَشْهَدُهُ
0.603245,1.17,1.02,لُبْنَانُ
