conf,end,start,word
0.438384,0.51,0.355375,إِلَى
0.987576,0.63,0.51,مَا
1.0,0.960072,0.63,حَدَثَ
0.913188,1.139695,0.960072,هُوَ
