conf,end,start,word
0.885479,0.42,0.03,تَدْمِيرُ
0.999138,0.54,0.42,مَا
0.605681,0.88466,0.54,سَمَّاهَا
0.259658,1.08,0.88466,ٱلْإِرْهَابَ
