conf,end,start,word
0.429529,0.45,0.03,وَاجِهَةُ
1.0,0.63,0.45,مَا
0.988049,1.052525,0.63,سَمَّاهُ
