conf,end,start,word
0.889033,0.48,0.0,ٱسُّورِيُّ
0.913787,0.770515,0.48,مَاذَا
0.624892,0.946132,0.78,عَنْ
