conf,end,start,word
1.0,0.48,0.0,ٱسُّفُنُ
0.885354,0.991374,0.48,مَا
0.173038,1.17,0.991374,زَالَتْ
