conf,end,start,word
0.933469,0.480017,0.0,ٱلْجَيْشُ
0.995791,0.63,0.480017,مَا
0.631345,0.996137,0.63,دَعَاهُ
