conf,end,start,word
1.0,0.51001,0.032036,إِيرَانُ
0.981782,0.63,0.51001,مَا
0.97629,0.930142,0.66,زَالَتْ
