conf,end,start,word
0.999554,0.51,0.263827,عَلَى
1.0,0.63,0.51,مَا
0.631753,1.046595,0.63,وَصَفَهُ
