conf,end,start,word
0.614323,0.51,0.03,مَسِيرَةٌ
0.962935,0.629933,0.51,مَا
0.99566,1.11,0.629933,تَسَبَّبَ
