conf,end,start,word
0.867526,0.480393,0.15,صَوْبَ
0.871546,0.630029,0.480964,مَا
0.961495,1.134623,0.634033,وَصَفَهُ
