conf,end,start,word
0.452348,0.51,0.03,لِدَرَجَةِ
0.999203,0.66,0.51,مَا
0.982202,1.104653,0.66,وَصَفَتْهُ
