conf,end,start,word
1.0,0.53995,0.0,ٱدَّوْلَةِ
0.991016,0.66,0.54,مَا
0.972178,0.87,0.69,زَالَ
0.327427,1.17,0.87,مُتَمَسِّكًا
