conf,end,start,word
0.562425,0.51,0.0,ٱتَّخَذَ
0.952868,0.63,0.51526,مَا
0.727629,1.057269,0.630545,وَصَفَهَا
