conf,end,start,word
1.0,0.510068,0.24,إِذَا
0.998414,0.659985,0.510068,مَا
0.881513,1.04819,0.659985,حَاوَلَتْ
