conf,end,start,word
0.585346,0.54,0.36,إِنَّ
0.634696,0.632158,0.543929,مَا
0.921633,0.960134,0.66,سُرِّبَ
