conf,end,start,word
0.998381,0.78,0.39,مَا
0.284145,1.058816,0.81,يَتِمُّ
