conf,end,start,word
0.997902,0.540059,0.0,ٱلْهُجُومُ
0.887468,0.93,0.540059,مَا
