conf,end,start,word
0.513031,0.48,0.03,بَرْنَامَجُ
0.965615,0.69,0.509783,مَا
1.0,1.11,0.719922,خَفِيَ
