conf,end,start,word
0.999536,0.66,0.51,مَا
0.747663,1.03568,0.66,وَصَفَهُ
