conf,end,start,word
0.994017,0.51,0.03,قُوَّاتُ
1.0,0.66,0.51,مَا
0.984468,1.076183,0.66,يُعْرَفُ
