conf,end,start,word
0.676024,0.546533,0.06,بَشَرِيَّةٍ
0.535956,0.63,0.546533,مَا
1.0,1.11,0.630033,سَمَّاهَا
