conf,end,start,word
0.995501,0.45,0.040641,بَيْنَ
1.0,0.66,0.450135,مَا
0.973921,1.020526,0.66,كُشِفَ
0.959174,1.14,1.020526,عَنْهُ
