conf,end,start,word
0.514806,1.01145,0.63,دَفَعَتِ
0.256552,1.161239,1.01145,ٱثَّمَنَ
