conf,end,start,word
0.908649,0.482787,0.03,وَصَفَتْهُ
0.564609,0.63,0.482787,مَا
