conf,end,start,word
0.536919,0.48,0.03,وَصْفُ
0.996592,0.63,0.503846,مَا
0.999641,0.930648,0.63,جَرَى
