conf,end,start,word
1.0,0.480001,0.0,ٱلْجَيْشُ
0.999574,0.63,0.480001,مَا
0.986851,0.983548,0.63,سَمَّاهَا
0.084712,1.17,0.99,ٱسْتِيَاءً
