conf,end,start,word
0.995899,0.509486,0.18,لَكِنَّ
0.991462,0.66,0.51,مَا
0.822625,1.147232,0.66,تَتَعَرَّضُ
