conf,end,start,word
0.326743,0.486697,0.0,ٱلَّتِي
0.598195,1.076699,0.66,تُعَرِّضُ
0.511326,1.157343,1.076699,لَهُ
