conf,end,start,word
0.739357,0.48,0.043259,جَانِبِ
0.988167,0.6,0.480327,مَا
0.998916,1.00834,0.6,سَمَّاهُ
0.101568,1.17,1.02,عَلَيْهِ
