conf,end,start,word
0.961646,0.48,0.03,طَرَفِ
1.0,0.66,0.481151,مَا
0.673985,1.132161,0.66,سَمَّتْهُ
