conf,end,start,word
0.886534,0.63,0.48,مِمَّا
1.0,0.96,0.63,أَدَّى
0.997364,1.1397,0.96,إِلَى
