conf,end,start,word
0.961875,0.42,0.03,إِنَّ
1.0,0.69,0.48,مَا
0.901854,1.107967,0.69,سَمَّاهُ
