conf,end,start,word
0.953816,0.69,0.48,مَا
0.811764,1.111378,0.69,أَسْفَرَ
0.44089,1.17,1.111378,عَنْ
