conf,end,start,word
0.555973,0.389808,0.03,عَنْ
1.0,0.66,0.45,مَا
1.0,0.987599,0.66,وَرَدَ
0.454221,1.047073,0.987599,فِي
