conf,end,start,word
0.629517,0.66,0.51,مِمَّا
1.0,0.988076,0.66,أَدَّى
0.982974,1.160601,0.988076,إِلَى
