conf,end,start,word
0.974284,0.51,0.03,بِحَسَبِ
1.0,0.66,0.51,مَا
0.920117,1.030546,0.66,أَفَادَتْ
