conf,end,start,word
0.412692,0.354914,0.031822,بَدْءٌ
0.99038,0.51,0.354914,إِلَى
0.991684,0.63,0.51,مَا
1.0,1.11,0.63,سَمَّاهُ
