conf,end,start,word
0.763441,0.48,0.03,عَقْلِ
0.51324,0.60008,0.481447,مَا
0.639164,0.813082,0.601608,دُونَ
0.510023,1.168924,0.813082,ٱصِّفْرِ
