conf,end,start,word
0.750036,0.48,0.03,تَنْفِيذُ
1.0,0.63,0.48,مَا
0.973042,1.047877,0.63,سَمَّاهُ
