conf,end,start,word
0.556665,0.48,0.03,بِسَبَبِ
0.467088,0.63,0.48,مَا
0.432093,1.019934,0.63,وَصَفَهُ
