conf,end,start,word
0.954371,0.51,0.276583,إِلَى
0.979821,0.63,0.51,مَا
0.804237,1.047145,0.63,وَصَفَهَا
