conf,end,start,word
0.456157,0.537111,0.03,مُلْتَقًى
0.751565,1.098923,0.63,يَتَجَدَّدُ
