conf,end,start,word
0.740837,0.690304,0.48,مَا
0.893909,1.029913,0.690304,وَكَالَةُ
0.448911,1.17,1.029913,أَنْبَاءٍ
