conf,end,start,word
0.915935,0.510046,0.03,مُقَاتِلُو
0.997441,0.629991,0.512127,مَا
1.0,1.025303,0.629991,يُعْرَفُ
0.396885,1.17,1.025303,بِدَاعِشْ
