conf,end,start,word
0.370442,0.508779,0.33,إِنَّ
0.726238,0.63,0.508779,مَا
0.998217,1.03806,0.63,سَمَّاهُ
