conf,end,start,word
0.457686,0.6,0.24,ٱتَّهَمَ
1.0,0.871406,0.601886,ٱرَّئِيسُ
0.903384,1.164751,0.871406,ٱتُّونِسِيُّ
