conf,end,start,word
0.239453,0.622752,0.27,إِنَّمَا
0.69994,1.094475,0.63,وَصَفَتْهُ
