conf,end,start,word
0.995154,0.749956,0.39,مَا
0.987915,1.02,0.749956,لَمْ
