conf,end,start,word
1.0,0.54,0.331086,إِلَى
1.0,0.66,0.54,مَا
1.0,0.935319,0.66,بَعْدَ
0.499589,1.11,0.935319,ٱثَّوْرَةِ
