conf,end,start,word
0.586555,0.45,0.0,ٱحْتِرَامٌ
0.633531,0.63,0.457299,فِيمَا
0.999837,0.9,0.63,يَجْرِي
0.996504,0.991107,0.9,فِي
0.269661,1.14,0.991107,ٱلْيَمَنْ
