conf,end,start,word
0.954045,0.360403,0.0,أَوْ
0.387797,0.51,0.360403,فِي
