conf,end,start,word
0.449502,0.483729,0.03,يَتَحَمَّلُ
0.798688,0.63,0.483729,لِمَا
0.997338,1.14,0.63,سَمَّتْهَا
