conf,end,start,word
0.43499,0.511983,0.0,ٱلْإِسْرَائِيلِيَّةُ
0.947979,0.62993,0.513696,مَا
0.980622,0.990065,0.62993,قَالَتْ
