conf,end,start,word
0.434301,0.511192,0.0,ٱلْأَمْرِيكِيُّ
0.571153,0.63,0.522117,مَا
