conf,end,start,word
0.993486,0.63,0.45,مَا
0.969253,0.988175,0.63,أَسْفَرَ
0.806911,1.107358,0.99,عَنْ
