conf,end,start,word
0.60434,0.481335,0.0,أَمْرِيكِيٌّ
0.638741,0.63,0.481335,مَا
