conf,end,start,word
0.791185,0.69,0.45,مَا
0.260674,1.164513,0.69,يَجْعَلُهَا
