conf,end,start,word
0.881345,0.538455,0.0,ٱسْتِعَادَةُ
0.998779,0.659991,0.538455,مَا
0.831233,1.108102,0.659991,سَمَّاهَا
