conf,end,start,word
0.876517,0.54,0.0,ٱتَّالِيَةُ
0.565698,0.87,0.54,مَا
0.549674,1.14,0.87,زَالَ
