conf,end,start,word
0.986513,0.629988,0.51,مَا
0.973711,0.935599,0.629988,حَصَلَ
