conf,end,start,word
0.673176,0.45,0.03,إِنَّ
0.742606,0.66,0.453792,مَا
0.998085,0.989641,0.66,جَرَى
0.573129,1.135439,0.989641,فِي
