conf,end,start,word
0.992403,0.48,0.213777,عَلَى
1.0,0.6,0.48,مَا
0.828653,1.168498,0.6,سَمَّتْهَا
