conf,end,start,word
0.99474,0.63,0.48,مَا
0.989788,1.072869,0.63,سَمَّاهَا
