conf,end,start,word
0.333463,0.15,0.03,لِأَنَّهُ
1.0,0.51,0.17202,إِذَا
1.0,0.63,0.51,مَا
0.985551,1.109969,0.63,ٱسْتَمَرَّ
