conf,end,start,word
0.877284,0.48,0.0,ٱنْتَقَدَ
1.0,0.66,0.480341,مَا
0.640706,1.04767,0.66,تَقُومُونَ
0.855634,1.107311,1.04767,بِهِ
