conf,end,start,word
0.91683,0.539953,0.24,عَلِيٌّ
0.91616,0.629461,0.539953,مَا
0.367499,1.020374,0.629461,مُرَاسِلِي
0.307985,1.17,1.020374,ٱلْبَيْتِ
