conf,end,start,word
0.714592,0.508846,0.03,تُهَمٍ
0.767252,0.991438,0.508846,مَا
