conf,end,start,word
0.548442,0.48,0.03,كَيْفَ
0.961618,0.63,0.480046,مَا
0.955911,1.067047,0.66,زَالَتْ
