conf,end,start,word
1.0,0.33,0.03,لَهُ
0.964262,0.51,0.33,إِنَّ
0.989939,0.66,0.51,مَا
0.976062,1.160147,0.66,نَشَرَتْهُ
