conf,end,start,word
1.0,0.506665,0.21,نَعَمْ
0.659426,0.63,0.51,مَا
0.65446,1.077867,0.66,زَالَتْ
