conf,end,start,word
0.555528,0.629967,0.51,مَا
1.0,0.870021,0.629967,أَدَّى
0.998383,1.048312,0.870021,إِلَى
