conf,end,start,word
0.788304,0.51,0.347308,إِنَّ
0.98116,0.63,0.51,مَا
1.0,0.978109,0.630565,يَحْدُثُ
0.766067,1.03655,0.978109,فِي
