conf,end,start,word
1.0,0.509839,0.03,تَبَيَّنَ
0.984044,0.63,0.510163,مَا
0.984044,0.989924,0.63,دَعَتْهَا
