conf,end,start,word
0.989774,0.72,0.42,مَا
0.804896,1.107087,0.720065,ذَكَرَتْهُ
