conf,end,start,word
0.774829,0.63,0.510616,مَا
0.900508,1.059078,0.63,سَمَّتْهَا
