conf,end,start,word
0.488052,0.388048,0.0,ٱسُّودَانِيَّةُ
0.5537,0.51,0.388048,إِنَّ
0.907482,0.63,0.520721,مَا
0.98606,1.107981,0.63,وَصَفَتْهُ
