conf,end,start,word
0.986798,0.51,0.0,ٱسْتِخْدَامُ
1.0,0.66,0.510204,مَا
0.954678,1.03767,0.66,تُعْرَفُ
