conf,end,start,word
0.667849,0.48,0.03,إِنَّ
1.0,0.659972,0.48,مَا
0.991146,1.095835,0.66,تَشْهَدُهُ
