conf,end,start,word
0.349304,0.47946,0.0,ٱتَّهَمَ
0.988257,0.63,0.47946,مَا
0.879357,1.163586,0.63,وَصَفُوهُ
