conf,end,start,word
0.936684,0.51,0.0,ٱنَّشْرِ
0.956585,0.63,0.51,مَا
0.987432,1.11,0.63,وَصَفَهَا
