conf,end,start,word
0.849981,0.48,0.060965,دَعْمُ
1.0,0.63,0.48,مَا
0.966428,1.109451,0.63,وَصَفَتْهُ
