conf,end,start,word
0.926496,0.509827,0.03,حَسَبَ
0.997661,0.66,0.509827,مَا
0.956864,1.02,0.66,أَفَادَ
0.951063,1.139118,1.02,بِهِ
