conf,end,start,word
0.591893,0.51,0.003143,أَنَّ
1.0,0.66,0.515113,مَا
0.977754,1.005856,0.66,سَمَّاهُ
