conf,end,start,word
0.811668,0.48,0.03,بِشَأْنِ
1.0,0.63,0.48,مَا
0.723317,1.027817,0.63,سَمَّاهَا
