conf,end,start,word
1.0,0.39,0.030298,كُلُّ
0.99797,0.69,0.48,مَا
0.702004,1.122186,0.69,يُثِيرُ
