conf,end,start,word
0.997763,0.63,0.48,مَا
0.998328,0.960229,0.63,أَسْفَرَ
0.933493,1.099278,0.960229,عَنْ
