conf,end,start,word
0.398667,0.449034,0.0,ٱلْبَرْنَامَجُ
0.818175,0.66,0.459178,مَا
1.0,1.11,0.688246,خَفِيَ
