conf,end,start,word
0.821779,0.48,0.001427,أَنَّ
0.989926,0.66,0.480164,مَا
0.966527,1.163309,0.66,يَشْهَدُهُ
