conf,end,start,word
0.993119,0.689977,0.48,مَا
0.536563,1.14,0.689977,يَجْمَعُنَا
