conf,end,start,word
0.99924,0.749762,0.36,مَا
0.370221,1.169423,0.75,وَصَفَ
