conf,end,start,word
0.738109,0.480176,0.03,إِسْلَامِيَّةٌ
0.989932,0.63,0.480232,مَا
0.967315,0.87,0.63,قَالَ
0.399401,1.11,0.870174,إِنَّ
