conf,end,start,word
0.997665,0.51,0.3,إِلَى
0.998917,0.63,0.51,مَا
0.962361,0.878777,0.63,قَالَ
