conf,end,start,word
0.594638,0.51,0.03,لُجَّةِ
1.0,0.69,0.51,مَا
0.862495,1.142741,0.69,وَصَفَتْهُ
