conf,end,start,word
0.990657,0.66,0.48,مَا
0.992654,0.87,0.66,لَمْ
