conf,end,start,word
0.84998,0.48,0.030854,وَعَبْرَ
0.998263,0.63,0.48,مَا
0.735794,1.010547,0.63,سَمَّاهَا
