conf,end,start,word
0.996257,0.36,0.03,بِهَا
0.986741,0.63,0.39,مَا
0.409646,1.04806,0.63,يَجْعَلُهُ
