conf,end,start,word
0.555687,0.66,0.48,مَا
0.295458,1.078545,0.959056,تَحْتَ
