conf,end,start,word
0.44117,0.48,0.030664,كُورُونَا
0.973632,0.63,0.48,مَا
0.439191,0.964995,0.633583,يَعْنِي
