conf,end,start,word
0.749546,0.497994,0.03,بَرْنَامَجُ
0.996719,0.63,0.497994,مَا
0.993275,0.990401,0.66,خَفِيَ
