conf,end,start,word
0.266604,0.48,0.03,مَادَّةٌ
0.55003,0.689704,0.482129,مَا
0.548133,1.17,0.690466,دَعَتْهَا
