conf,end,start,word
0.770805,0.539409,0.03,مُنَاسَبَةُ
0.988964,0.63,0.54,مَا
0.74809,1.134526,0.63,تُسَمِّيهِ
