conf,end,start,word
0.484177,0.521916,0.03,حَافَظُوا
0.984467,0.66,0.521916,مَا
0.964333,1.116033,0.66,تَنَاقَلَتْهُ
