conf,end,start,word
0.992089,0.54,0.03,بَقَايَا
0.992491,0.629988,0.54,مَا
0.59928,1.03605,0.629988,يُعْرَفُ
