conf,end,start,word
0.97086,0.510412,0.3,بَسْ
0.914684,0.654168,0.510412,مَا
0.468279,1.051776,0.665788,لَاسِيَّمَا
