conf,end,start,word
1.0,0.510105,0.000264,ٱلْخَارِجِ
0.976564,0.629984,0.510105,مَا
0.944997,0.989608,0.629984,يُعَدُّ
