conf,end,start,word
0.99506,0.51,0.122008,وَجْهِ
0.997184,0.66,0.51,مَا
0.926994,1.11,0.66,سَمَّتْهُ
