conf,end,start,word
0.876968,0.48,0.03,تَنْفِيذُ
1.0,0.66,0.480177,مَا
0.838815,1.096209,0.66,سَمَّتْهَا
