conf,end,start,word
0.500473,0.638288,0.27,إِنَّمَا
0.576759,1.056633,0.66,يُمْكِنُ
