conf,end,start,word
0.993947,0.48,0.21,تَحْتَ
0.992527,0.63,0.48002,مَا
0.922427,0.992376,0.63,وَصَفَهُ
0.279796,1.17,0.992376,بِٱصَّمْتِ
