conf,end,start,word
0.811475,0.47978,0.060681,قُوَّةُ
0.977107,0.63,0.481031,مَا
0.990663,1.008924,0.63,يُعْرَفُ
