conf,end,start,word
0.25865,0.509989,0.0,ٱلْحُدَيْدَةِ
0.998144,0.659999,0.51,مَا
0.999783,1.016045,0.659999,أَوْقَعَ
0.364921,1.17,1.02,قَتْلَى
