conf,end,start,word
0.922637,0.65978,0.42,مَا
1.0,0.99,0.65978,أَدَّى
0.757494,1.17,0.99,أَيْضًا
