conf,end,start,word
0.75094,0.51,0.03,لِمُوَاجَهَةِ
1.0,0.66,0.51,مَا
0.998023,0.996604,0.66,سَمَّاهُ
0.223362,1.17,0.996604,ٱسِّيسِيُّ
