conf,end,start,word
0.983662,0.659979,0.51,مَا
0.915877,1.058673,0.659979,تَسَبَّبَ
0.287022,1.118672,1.058673,فِي
