conf,end,start,word
0.499257,0.509817,0.03,بَرْنَامَجُ
0.988637,0.63,0.510824,مَا
0.988845,0.960513,0.659811,خَفِيَ
