conf,end,start,word
1.0,0.482017,0.27,هَذَا
0.615363,0.875982,0.482017,وَاقِعٌ
