conf,end,start,word
0.981532,0.48,0.0,أَنَّ
1.0,0.63,0.48,مَا
1.0,0.75,0.63,لَا
1.0,1.080973,0.75,يَقِلُّ
0.986787,1.139687,1.080973,عَنْ
