conf,end,start,word
0.931069,0.51,0.06,صَالِحٌ
0.998172,0.66,0.510064,مَا
0.819523,0.995294,0.66,سَمَّاهَا
