conf,end,start,word
0.990374,0.69,0.39,مَا
0.998281,0.971965,0.69,حَدَثَ
0.810006,1.027072,0.971965,فِي
0.362234,1.17,1.027072,لِيبْيَا
