conf,end,start,word
0.325526,0.480158,0.0,ٱثَّانِيَةُ
0.969686,0.6,0.487469,مَا
0.986125,1.068242,0.600019,سَمَّتْهَا
