conf,end,start,word
0.80193,0.478164,0.0,ٱنْتِهَاكُ
0.940767,0.65946,0.490645,مَا
0.986475,1.054264,0.65946,سَمَّاهُ
