conf,end,start,word
0.998559,0.41995,0.0,أَنَّ
1.0,0.72,0.41995,مَجْلِسَ
1.0,0.988667,0.72,ٱلْأَمْنِ
0.191531,1.090681,0.994174,طَيِّبْ
