conf,end,start,word
0.535815,0.51,0.03,مَسْؤُولِيَّةُ
0.994589,0.63,0.51,مَا
1.0,0.98733,0.63,يَحْدُثُ
0.794932,1.048178,0.988178,فِي
0.668783,1.14,1.05,مِصْرَ
