conf,end,start,word
0.63637,0.509612,0.000784,ٱرَّئِيسُ
0.965106,0.66,0.511325,مَا
0.994658,1.016608,0.66,يُسَمَّى
