conf,end,start,word
0.468299,0.3,0.03,نَوْعًا
0.85337,0.629994,0.51,مَا
0.928163,0.899408,0.629994,أَدَّى
0.961016,1.070362,0.899408,إِلَى
