conf,end,start,word
0.951815,0.409172,0.000558,أَنَّ
0.630613,0.701509,0.420012,مَجْلِسَ
0.191665,1.08,0.701509,ٱسِّيَادَةِ
