conf,end,start,word
0.408174,0.411191,0.0,أَيَّامِ
0.98458,0.72,0.411191,مَجْلِسِ
1.0,0.956532,0.72,ٱلْأَمْنِ
0.873156,1.160204,0.956532,ٱدَّوْلِيِّ
