conf,end,start,word
0.676211,0.33,0.03,عَقْدُ
1.0,0.750005,0.36,مَجْلِسِ
0.99237,1.004944,0.750005,ٱلْأَمْنِ
0.249409,1.17,1.004944,ٱدَّوْلِيِّ
