conf,end,start,word
0.412476,0.389961,0.0,ٱلْعَرَبِيِّ
0.997092,0.78,0.390314,مَجْلِسَ
0.992279,1.03914,0.78,ٱلْأَمْنِ
