conf,end,start,word
0.927168,0.39,0.030337,إِلَى
0.657754,0.72,0.39,مَجْلِسِ
0.517822,1.14,0.720922,ٱلْأَنْفَاقِ
