conf,end,start,word
0.798903,0.36,0.030562,تُعْطِي
0.999786,0.78,0.360417,مَجْلِسَ
0.997422,1.015416,0.78,ٱلْأَمْنِ
0.167255,1.14,1.02,وَلَكِنْ
