conf,end,start,word
0.700987,0.386075,0.03,مَنَعُوا
1.0,0.810038,0.386075,مَجْلِسَ
0.970935,1.14,0.810038,وُزَرَاءٍ
