conf,end,start,word
0.937841,0.359411,0.03,حَتَّى
0.744358,0.78,0.359411,مَجْلِسُ
0.745183,1.17,0.781737,ٱلْوُزَرَاءِ
