conf,end,start,word
0.984081,0.36,0.211005,فِي
0.996407,0.75,0.36,مَجْلِسِ
1.0,1.135943,0.75,ٱنُّوَّابِ
