conf,end,start,word
1.0,0.39,0.03,عُضْوُ
0.992924,0.746978,0.39,مَجْلِسِ
0.522355,1.166331,0.955807,ٱشُّورَى
