conf,end,start,word
0.618702,0.389085,0.0,أَكَانَ
0.968462,0.75,0.39,مَجْلِسٌ
0.931372,1.16524,0.81,عَسْكَرِيٌّ
