conf,end,start,word
0.995187,0.389931,0.03,حَتَّى
1.0,0.78,0.389931,مَجْلِسُ
0.959567,1.124689,0.78,ٱلْأَمْنِ
