conf,end,start,word
0.889612,0.36,0.24,فِي
0.996977,0.72009,0.36,مَجْلِسِ
0.990937,1.07277,0.72009,ٱلْعُمُومِ
