conf,end,start,word
0.763809,0.42,0.03,وَفْقَ
0.97148,0.690057,0.420089,مَجْلِسِ
0.995535,0.957827,0.690057,ٱنُّوَّابِ
