conf,end,start,word
0.572834,0.412758,0.273952,فِي
1.0,0.72,0.412758,مَجْلِسِ
1.0,1.08,0.72,ٱشُّيُوخِ
