conf,end,start,word
0.978456,0.419271,0.03,فِي
1.0,0.72,0.419271,مَجْلِسِ
1.0,1.109647,0.72,ٱشُّيُوخِ
