conf,end,start,word
0.986044,0.389944,0.240295,فِي
0.997199,0.75,0.389944,مَجْلِسِ
1.0,1.109702,0.75,ٱنُّوَّابِ
