conf,end,start,word
0.995423,0.42,0.0,أَنَّ
1.0,0.720247,0.42,مَجْلِسَ
0.985291,1.103088,0.720247,ٱلْقَضَاءِ
