conf,end,start,word
0.393377,0.39,0.03,حِقْبَةُ
0.998296,0.779972,0.390561,مَجْلِسِ
0.999056,1.139851,0.81,خُبَرَاءٍ
