conf,end,start,word
0.980055,0.389713,0.030766,عَلَى
1.0,0.78,0.389713,مَجْلِسِ
0.800937,1.14,0.78,ٱشُّيُوخِ
