conf,end,start,word
0.994334,0.78096,0.300362,مَجْلِسُ
0.912124,1.139517,0.78096,أَعْيَانٍ
