conf,end,start,word
1.0,0.39,0.03,عُضْوُ
1.0,0.776121,0.39,مَجْلِسِ
0.399731,1.159735,0.976314,ٱنُّوَّابِ
