conf,end,start,word
0.737461,0.753338,0.3,مَجْلِسٌ
0.271739,1.16551,0.753338,وَدِفَاعًا
