conf,end,start,word
0.990764,0.38945,0.210742,مِنْ
1.0,0.750379,0.38945,مَجْلِسِ
0.974906,1.116815,0.750379,ٱنُّوَّابِ
