conf,end,start,word
0.83374,0.42,0.03,فَيْرُوسُ
0.990994,0.989592,0.449036,شَبَكَاتٍ
