conf,end,start,word
0.986748,0.359897,0.032775,كَانَ
1.0,0.81,0.360101,مَجْلِسُ
0.995731,1.041155,0.84,ٱلْأَمْنِ
