conf,end,start,word
0.836304,0.330029,0.03,يَجْرِي
0.993198,0.48,0.330029,فِي
1.0,0.69,0.48,مَجْلِسِ
1.0,1.11,0.69,ٱنُّوَّابِ
