conf,end,start,word
0.955888,0.33,0.0,أَقَرَّ
1.0,0.81,0.359659,مَجْلِسُ
0.985081,1.026008,0.81,ٱلْأَمْنِ
