conf,end,start,word
0.996887,0.389816,0.0,أَعْضَاءُ
0.993686,0.729628,0.39,مَجْلِسِ
0.327272,1.109369,0.729628,ٱسِّيَادَةِ
