conf,end,start,word
0.41281,0.384415,0.0,ٱلَّتِي
0.973081,0.75,0.395885,مَجْلِسُ
0.993617,1.06793,0.75,ٱنُّوَّابِ
