conf,end,start,word
0.826781,0.78,0.39,مَجْلِسُ
0.226308,1.168967,0.988795,ٱنُّوَّابِ
