conf,end,start,word
0.974654,0.75,0.374494,مَجْلِسُ
0.656865,1.101067,0.75,ٱنُّوَّابِ
