conf,end,start,word
0.835918,0.39,0.03,قَرَارُ
0.995911,0.69263,0.39,مَجْلِسِ
0.859324,1.16987,0.72,جَامِعَةٍ
