conf,end,start,word
0.982592,0.36,0.0,أَمِينُ
1.0,0.750014,0.389961,مَجْلِسِ
0.995755,0.999621,0.750014,ٱلْأَمْنِ
0.275994,1.17,0.999621,ٱدَّوْلِيِّ
