conf,end,start,word
0.995977,0.450039,0.03,عُضْوُ
0.829108,0.83083,0.450039,مَجْلِسِ
0.330036,1.137347,0.956462,ٱنُّوَّابِ
