conf,end,start,word
0.974795,0.750203,0.33,مَجْلِسُ
0.943025,1.17,0.750413,ٱتَّخْطِيطِ
