conf,end,start,word
0.997441,0.39,0.060519,رَئِيسُ
1.0,0.75,0.39,مَجْلِسِ
0.894309,1.0339,0.78,نُوَّابٍ
