conf,end,start,word
0.926315,0.356552,0.03,فَقَطْ
0.925609,0.419718,0.356552,فِي
1.0,0.72,0.419718,مَجْلِسِ
1.0,1.11,0.72,ٱلْعُمُومِ
