conf,end,start,word
0.571284,0.359777,0.0,ٱدُّوَلُ
0.588133,0.75,0.360288,وَمَجْلِسُ
1.0,1.096199,0.75,ٱتَّعَاوُنِ
