conf,end,start,word
0.943149,0.39,0.0,أَصْدَرَ
1.0,0.78,0.39,مَجْلِسُ
0.99552,0.997379,0.78,ٱلْأَمْنِ
0.684973,1.17,0.997379,ٱدَّوْلِيُّ
