conf,end,start,word
0.983819,0.42,0.03,رَئِيسُ
0.996388,0.72,0.420378,مَجْلِسِ
1.0,1.019777,0.72,ٱنُّوَّابِ
