conf,end,start,word
0.974557,0.39,0.03,رَئِيسُ
0.991625,0.75,0.39087,مَجْلِسِ
0.84165,1.169539,0.75,ٱلْٱتِّحَادِ
