conf,end,start,word
0.984963,0.39,0.18,دَعَا
1.0,0.72,0.390313,مَجْلِسُ
1.0,0.960132,0.72,ٱلْأَمْنِ
0.817167,1.167044,0.960132,ٱدَّوْلِيُّ
