conf,end,start,word
0.350431,0.321534,0.0,أَسْلِحَةٌ
0.992338,0.42,0.321534,فِي
1.0,0.69,0.42,مَجْلِسِ
1.0,0.992814,0.69,ٱنُّوَّابِ
0.806143,1.17,0.992814,ٱلِّيبِيِّ
