conf,end,start,word
0.954326,0.754124,0.36,مَجْلِسُ
0.617728,1.106379,0.754124,ٱلْٱتِّحَادِ
