conf,end,start,word
0.804393,0.39,0.03,صَوَّتَ
0.965288,0.75,0.402209,مَجْلِسُ
1.0,1.069494,0.75,ٱنُّوَّابِ
