conf,end,start,word
0.990423,0.36,0.03,رَئِيسُ
0.99541,0.78,0.360491,مَجْلِسِ
0.691537,1.17,0.87,ٱشُّورَى
