conf,end,start,word
0.984816,0.449989,0.0,أَبْلَغَ
0.999738,0.72,0.450925,مَجْلِسَ
0.980098,0.97735,0.72,ٱلْأَمْنِ
0.104979,1.17,0.97735,وَٱسَّلَامِ
