conf,end,start,word
0.865154,0.36,0.0,ٱخْتِصَاصُ
0.978835,0.75,0.390309,مَجْلِسِ
0.765398,1.15551,0.750378,مُنَظَّمَةٍ
