conf,end,start,word
0.745444,0.38653,0.0,ٱلَّتِي
0.99496,0.78,0.38653,مَجْلِسُ
1.0,1.137719,0.78,ٱتَّعَاوُنِ
