conf,end,start,word
1.0,0.39,0.0,أَمَامَ
1.0,0.780155,0.39,مَجْلِسِ
0.690686,0.99625,0.780155,ٱلْأُمَّةِ
0.240051,1.17,0.99625,ٱلْقَادِمِ
