conf,end,start,word
0.730636,0.45,0.0,ٱسِّتِّينَ
0.907819,0.72,0.45056,مَجْلِسَ
0.979452,1.109846,0.72,ٱلْوُزَرَاءِ
