conf,end,start,word
0.940623,0.42,0.03,صَوَّتَ
1.0,0.78,0.420262,مَجْلِسُ
0.994611,0.996864,0.78,ٱنُّوَّابِ
0.41314,1.17,0.996864,ٱلِّيبِيُّ
