conf,end,start,word
0.280349,0.36,0.0,أَعْضَاءُ
0.991761,0.81,0.372016,مَجْلِسِ
0.996593,1.17,0.81,ٱشُّيُوخِ
