conf,end,start,word
0.968219,0.42,0.03,عُضْوُ
1.0,0.751434,0.42,مَجْلِسِ
0.818357,1.14,0.751434,ٱلْأُمَنَاءِ
