conf,end,start,word
0.985688,0.39,0.03,قَرَّرَ
1.0,0.72,0.39,مَجْلِسُ
0.889059,0.995888,0.72,شُورَى
0.320559,1.17,0.995888,ٱثُّوَّارِ
