conf,end,start,word
0.554525,0.389601,0.03,لَجْنَةُ
0.995933,0.720038,0.39174,مَجْلِسِ
0.993664,1.14,0.720038,ٱدُّومَا
