conf,end,start,word
0.995124,0.960268,0.071583,مُحَافَظَةُ
0.520195,1.17,0.960268,صَعْدَةَ
