conf,end,start,word
0.789816,0.449837,0.0,ٱخْتِصَاصَيْ
0.482078,0.772685,0.449837,مَجْلِسَيْ
0.375431,1.093729,0.772685,مُنَظَّمَةٍ
