conf,end,start,word
0.565941,0.358874,0.06,دَعْمُ
0.339165,0.78,0.358874,مُحَافِظِ
0.265757,1.14,0.78,ٱشَّبَابِ
