conf,end,start,word
0.692487,0.360834,0.03,دِقَّةُ
0.977999,0.78,0.393661,مَجْلِسِ
0.933772,1.17,0.78,ٱدُّومَا
