conf,end,start,word
1.0,0.931416,0.21,مُحَافَظَةُ
0.914347,1.165976,0.931416,تَعِزَّ
