conf,end,start,word
0.931001,0.322244,0.03,مِنْ
1.0,0.81,0.322244,مُحَافَظَةِ
0.96107,1.169529,0.84,كَرْكُوكَ
