conf,end,start,word
0.997503,0.930083,0.030793,مُحَافَظَةُ
0.685099,1.17,0.930083,حَلَبَ
