conf,end,start,word
0.874685,0.972666,0.189275,مُحَافَظَةُ
0.327637,1.17,0.99,عِمْرَانَ
