conf,end,start,word
0.319624,0.321911,0.030704,نَعَمْ
0.760074,0.84,0.321911,مُحَافِظٌ
