conf,end,start,word
0.993072,0.901041,0.27,مُحَافَظَةُ
0.188311,1.14,0.901041,صَعْدَا
