conf,end,start,word
0.995765,0.3,0.03,فِي
0.990668,0.849284,0.3,مُحَافَظَةِ
0.398248,1.17,0.849284,ٱلْقُنَيْطِرَةِ
