conf,end,start,word
0.269961,0.268349,0.03,وَكَانَ
0.998513,0.84,0.268349,مُحَافَظَةُ
1.0,1.14,0.840045,أَبْيَنَ
