conf,end,start,word
0.991635,0.934048,0.099931,مُحَافَظَةُ
0.20423,1.139585,0.934048,حَلَبَ
