conf,end,start,word
0.826974,0.298342,0.03,إِلَى
1.0,0.87,0.298342,مُحَافَظَةِ
1.0,1.169603,0.87,مَأْرِبَ
