conf,end,start,word
0.860198,0.870601,0.069215,مُحَافَظَةُ
0.650428,1.164816,0.870601,ٱرَّقَّةِ
