conf,end,start,word
0.399631,0.780057,0.3,مُحَافَظَةُ
0.773085,1.135567,0.780057,ٱلْبَصْرَةِ
