conf,end,start,word
0.981398,0.329799,0.03,فِي
0.993013,0.87,0.329799,مُحَافَظَةِ
1.0,1.17,0.87021,ٱلْأَنْبَارِ
