conf,end,start,word
0.99465,0.24,0.03,فِي
0.96241,0.899863,0.24,مُحَافَظَةِ
0.992316,1.17,0.901136,أَبْيَنَ
