conf,end,start,word
0.91994,0.269561,0.03,فِي
1.0,0.866602,0.269561,مُحَافَظَةِ
0.353053,1.17,0.87,ٱلْبَيْضَاءِ
