conf,end,start,word
0.515231,0.234558,0.06,فِي
0.965609,0.963056,0.234558,مُحَافَظَةِ
0.293331,1.14,0.963056,إِدْلِبَ
