conf,end,start,word
0.985684,0.3,0.031165,فِي
0.99129,0.870036,0.3,مُحَافَظَةِ
0.576226,1.17,0.870236,كِينْيَا
