conf,end,start,word
0.99527,0.3,0.03,فِي
0.901292,0.838211,0.3,مُحَافَظَةِ
0.315091,1.168821,0.84,صَعْدَةَ
