conf,end,start,word
0.390442,0.329246,0.03,وَكِيلُ
0.548952,0.780341,0.329885,مُحَافَظَةٍ
