conf,end,start,word
0.697943,0.237819,0.03,بَيْنَ
0.959264,0.93004,0.237819,مُحَافَظَةِ
0.550586,1.17,0.93004,كَرْكُوكَ
