conf,end,start,word
0.999282,0.900084,0.227595,مُحَافَظَةُ
0.342216,1.17,0.900084,ٱلْأَنْبَارِ
