conf,end,start,word
0.997145,0.21,0.03,فِي
0.619212,0.922035,0.21,مُحَافَظَتَيْ
0.888326,1.17,0.922035,أَبْيَنَ
