conf,end,start,word
0.981454,0.27,0.030498,فِي
1.0,0.841027,0.27,مُحَافَظَةِ
0.808116,1.166173,0.841027,ٱنَّجَفِ
