conf,end,start,word
0.568469,0.21,0.03,فِي
1.0,0.900612,0.222822,مُحَافَظَةِ
0.616156,1.14,0.900612,حَلَبَ
