conf,end,start,word
0.997027,0.329967,0.03,فِي
1.0,0.84,0.329967,مُحَافَظَةِ
0.874798,1.17,0.96,ٱلْأَنْبَارِ
