conf,end,start,word
0.953242,0.209955,0.03,فِي
1.0,0.924326,0.209955,مُحَافَظَةِ
0.427661,1.17,0.93,حَلَبَ
