conf,end,start,word
0.99208,0.930496,0.030513,مُحَافَظَةُ
0.321498,1.17,0.930496,هَاطَايْ
