conf,end,start,word
0.992166,0.299971,0.03,فِي
0.993181,0.9,0.299971,مُحَافَظَةِ
1.0,1.17,0.9,تَعِزَّ
