conf,end,start,word
0.985037,0.327318,0.03,مَعَ
0.638074,0.808994,0.327318,مُحَافَظَةِ
0.7699,1.079193,0.808994,مَأْرِبَ
