conf,end,start,word
0.786029,0.268534,0.03,فِي
1.0,0.870344,0.268534,مُحَافَظَةِ
0.522002,1.14,0.870344,دَمَارٍ
