conf,end,start,word
0.80533,0.230876,0.03,مِنْ
1.0,0.930019,0.230876,مُحَافَظَةِ
0.944698,1.14,0.930019,تَعِزَّ
