conf,end,start,word
0.991795,0.930084,0.035409,مُحَافَظَةُ
0.966967,1.17,0.930084,لَحْجٍ
