conf,end,start,word
0.976913,0.32989,0.037723,فِي
1.0,0.87,0.32989,مُحَافَظَةِ
0.995381,1.14,0.87,ٱلْجَوْفِ
