conf,end,start,word
0.920411,0.269946,0.03,فِي
1.0,0.897561,0.269946,مُحَافَظَةِ
0.866216,1.14,0.9,إِدْلِبَ
