conf,end,start,word
1.0,0.3,0.03,فِي
0.994787,0.869161,0.3,مُحَافَظَةِ
0.856673,1.17,0.870183,ٱلْجَوْفِ
