conf,end,start,word
0.451564,0.297789,0.049696,فِي
1.0,0.9,0.297789,مُحَافَظَةِ
0.978114,1.17,0.9,دِيَالَى
