conf,end,start,word
0.918191,0.328321,0.03,فِي
0.951699,0.930747,0.328321,مُحَافَظَةِ
0.251225,1.17,0.96,ٱلْأَنۢبَارِ
