conf,end,start,word
0.9975,0.900032,0.059703,مُحَافَظَةُ
0.283361,1.168611,0.900032,حَلَبَ
