conf,end,start,word
0.88702,0.29958,0.034604,فِي
1.0,0.900091,0.29958,مُحَافَظَةِ
0.634578,1.17,0.900091,صَنْعَاءَ
