conf,end,start,word
0.99073,0.299989,0.06,فِي
0.858236,0.874945,0.3,مُحَافَظَةِ
0.378664,1.17,0.874945,هَاطَايْ
