conf,end,start,word
0.393846,0.329223,0.03,بِهِ
0.852394,0.81,0.329223,مُحَافَظَةُ
0.929815,1.17,0.81,ٱضَّالِعِ
