conf,end,start,word
1.0,0.27,0.03,فِي
0.863018,0.930379,0.27,مُحَافَظَةِ
0.483762,1.14,0.930379,نَيْنَوَى
