conf,end,start,word
0.996276,0.3,0.06,فِي
1.0,0.840172,0.3,مُحَافَظَةِ
0.954236,1.17,0.840172,ٱضَّالِعِ
