conf,end,start,word
0.901749,0.299783,0.035597,فِي
0.914243,0.84,0.299783,مُحَافَظَةِ
0.759218,1.14,0.84,ٱلْجَوْفِ
