conf,end,start,word
0.828424,0.930211,0.032731,مُحَافَظَةُ
0.450442,1.17,0.930211,صَعْدَةَ
