conf,end,start,word
0.881203,0.298961,0.0,ٱلَّتِي
0.905705,0.868956,0.298961,مُحَافَظَةُ
0.527935,1.17,0.870388,نَيْنَوَى
