conf,end,start,word
0.503956,0.903129,0.211975,مُحَافَظَةُ
0.912735,1.17,0.914405,نَيْنَوَى
