conf,end,start,word
0.492677,0.289902,0.0,أَرْبَعَةُ
0.983534,0.891387,0.289902,مُحَافَظَةِ
0.312812,1.14,0.9,ٱلْأَنْبَارِ
