conf,end,start,word
0.995043,0.27,0.03,فِي
0.992405,0.868228,0.27,مُحَافَظَةِ
0.485543,1.168348,0.87,نَيْنَوَى
