conf,end,start,word
1.0,0.960428,0.03,مُحَافَظَةُ
0.893845,1.168345,0.960428,تَعِزَّ
