conf,end,start,word
0.980551,0.27,0.03,فِي
1.0,0.900279,0.27,مُحَافَظَةِ
0.535629,1.17,0.900279,ٱلْمَهْرَةِ
