conf,end,start,word
0.989319,0.24,0.03,فِي
1.0,0.900168,0.24,مُحَافَظَةِ
0.987806,1.169657,0.900168,تَعِزَّ
