conf,end,start,word
0.605047,0.33,0.184834,فِي
0.845868,0.840062,0.33,مُحَافَظَةِ
0.809489,1.14,0.840062,ٱلْحُدَيْدَةِ
