conf,end,start,word
1.0,0.3,0.03,فِي
0.972465,0.870619,0.3,مُحَافَظَةِ
0.506622,1.168991,0.871085,ٱلْجَوْفِ
