conf,end,start,word
0.501303,0.329749,0.032515,فِي
1.0,0.840287,0.329749,مُحَافَظَةِ
0.975616,1.17,0.840287,ٱسُّوَيْدَاءِ
