conf,end,start,word
0.997013,0.3,0.03,فِي
0.965334,0.84,0.3,مُحَافَظَةِ
0.270438,1.138945,0.84373,صَلَاحٍ
