conf,end,start,word
0.864303,0.316481,0.03,مِنْ
0.995811,0.869577,0.316481,مُحَافَظَةِ
0.613722,1.17,0.87,شَبْوَةَ
