conf,end,start,word
1.0,0.36,0.0,ٱشَّيْخُ
1.0,0.780005,0.39,مُحَمَّدُ
0.999242,0.9,0.780005,بْنُ
0.908442,1.049014,0.9,عَبْدِ
0.826875,1.17,1.05,ٱلَّهِ
