conf,end,start,word
0.354271,0.358618,0.03,مُضَادَّةٌ
0.978204,0.75,0.364921,مُحَمَّدُ
1.0,0.87,0.75,بْنُ
1.0,1.17,0.9,زَايِدْ
