conf,end,start,word
0.598562,0.269587,0.03,فَكَانَ
0.993612,0.839982,0.269587,مُحَمَّدٌ
0.562865,1.17,0.84,عُبَيْدْ
