conf,end,start,word
0.993372,0.750674,0.36,مُحَمَّدٌ
0.807291,1.107499,0.750674,نَعِيمْ
