conf,end,start,word
1.0,0.84,0.308205,مُحَمَّدُ
1.0,0.990748,0.84,بْنُ
0.960292,1.17,0.990748,سَلْمَانَ
