conf,end,start,word
0.376471,0.385136,0.0,صُومَالِيٌّ
1.0,0.75,0.385136,مُحَمَّدٌ
1.0,0.87,0.75,عَبْدُ
0.987865,0.99,0.87,ٱلَّهِ
0.606815,1.166839,0.99,صَالِحْ
