conf,end,start,word
0.498213,0.352487,0.0,ٱصِّينِيُّ
0.856879,0.75,0.352487,مُحَمَّدٌ
0.849005,1.058675,0.75,ٱشْتِيَّهْ
