conf,end,start,word
0.696447,0.3,0.03,شَيْخٌ
1.0,0.81,0.3,مُحَمَّدُ
0.995056,0.965782,0.81,بْنُ
0.26518,1.07244,0.965782,عَلِيٍّ
