conf,end,start,word
0.988756,0.750073,0.332186,مُحَمَّدٌ
0.93011,0.959892,0.750161,نَصْرُ
0.929784,1.095506,0.962311,ٱلَّهِ
