conf,end,start,word
0.867172,0.389359,0.0,ٱلْيَمَنِيُّ
1.0,0.750009,0.389359,مُحَمَّدٌ
0.795268,1.17,0.750009,ٱلْحَضْرِيُّ
