conf,end,start,word
0.855292,0.449481,0.0,ٱلْفِلَسْطِينِيُّ
0.995002,0.72,0.449481,مُحَمَّدٌ
0.995002,1.078868,0.72,ٱشْتِيَّهْ
