conf,end,start,word
0.957917,0.39004,0.133544,إِلَى
0.988319,0.71936,0.39004,مُحَمَّدٍ
0.342739,1.17,0.96,ٱسُّنُوسِيِّ
