conf,end,start,word
0.47309,0.383529,0.07558,إِلَى
0.922737,0.778429,0.383529,مُحَمَّدِ
0.95465,1.108667,0.778429,رَمَضَانَ
