conf,end,start,word
0.761821,0.3,0.03,سَيِّدٌ
0.984978,0.78,0.323205,مُحَمَّدٌ
0.940031,1.16674,0.78,عَبَّاسْ
