conf,end,start,word
0.995562,0.3,0.0,ٱشَّيْخُ
1.0,0.81,0.3,مُحَمَّدُ
0.998648,0.993039,0.81,بْنُ
0.223006,1.08,0.993039,عَلِيٍّ
