conf,end,start,word
0.98985,0.809556,0.042154,لِمُحَمَّدٍ
0.951129,1.144086,0.81,جَوَادْ
