conf,end,start,word
0.998242,0.389971,0.0,ٱلْإِيرَانِيُّ
1.0,0.72,0.389971,مُحَمَّدٌ
1.0,1.020322,0.72,جَوَادْ
0.990597,1.14,1.020322,ظَرِيفْ
