conf,end,start,word
0.978786,0.36,0.0,ٱسَّابِقُ
1.0,0.810009,0.360115,مُحَمَّدٌ
0.996025,0.989952,0.810009,وَلَدُ
0.466418,1.079701,0.989952,عَبْدٍ
