conf,end,start,word
0.640215,0.42,0.0,ٱلْمَحْكَمَةُ
1.0,0.72005,0.42,مُحَمَّدٌ
0.640598,1.051498,0.72005,ٱلْخِلَافِيُّ
0.353492,1.17,1.051498,نَعَمْ
