conf,end,start,word
0.713428,0.329622,0.03,لُبَانُ
1.0,0.785764,0.329622,مُحَمَّدٌ
0.481912,1.021252,0.785764,نَعَمْ
