conf,end,start,word
0.751625,0.3,0.03,مَعَ
0.962089,0.821943,0.33,مُحَمَّدِ
0.662277,1.14,0.838283,رَمَضَانَ
