conf,end,start,word
0.994283,0.779203,0.390512,مُحَمَّدٌ
0.324258,1.14,0.78,ٱشُّرَفَاءُ
