conf,end,start,word
0.988471,0.81,0.340363,مُحَمَّدٌ
0.152087,1.109345,0.81,ٱلْحَمِيدُ
