conf,end,start,word
0.928112,0.389646,0.03,وَضَعَتْ
1.0,0.75,0.389646,مُحَمَّدٌ
0.989718,1.14,0.75,نَعِيمْ
