conf,end,start,word
0.958618,0.360006,0.03,طَالِبَانُ
0.999668,0.780748,0.360006,مُحَمَّدٌ
0.682707,1.000606,0.780748,نَعِيمُ
0.121004,1.17,1.000606,ٱشَّايِفْ
