conf,end,start,word
0.988678,0.75,0.359595,مُحَمَّدٌ
0.659382,1.069339,0.750019,أَشْرَفْ
