conf,end,start,word
1.0,0.42,0.0,ٱشَّيْخُ
1.0,0.78,0.42,مُحَمَّدُ
1.0,0.9,0.78,بْنُ
0.998129,1.012014,0.9,عَبْدِ
0.347308,1.169201,1.049201,ٱلَّهِ
