conf,end,start,word
0.992405,0.844658,0.033818,مُحَمَّدٌ
0.428904,1.152943,0.844658,جَوَادْ
