conf,end,start,word
0.414675,0.416669,0.0,ٱلْفَوْضَى
0.992031,0.750885,0.416669,مُحَمَّدٌ
0.566872,1.024222,0.758393,نَعَمْ
