conf,end,start,word
0.982747,0.39,0.0,ٱشَّيْخُ
1.0,0.75,0.39,مُحَمَّدُ
1.0,0.9,0.75,بْنُ
0.861798,1.004611,0.9,عَبْدِ
0.312627,1.17,1.004611,ٱرَّحْمَانِ
