conf,end,start,word
0.383917,0.36,0.0,ٱسِّرِّيَّةُ
1.0,0.81,0.36,مُحَمَّدٌ
0.936768,0.990872,0.81,عَبْدُ
0.292464,1.17,0.990872,ٱسَّلَامِ
