conf,end,start,word
0.489045,0.389985,0.03,مِصْرِيٌّ
1.0,0.78,0.389985,مُحَمَّدٌ
0.978188,0.99,0.78,عَبْدُ
0.485604,1.17,0.99,ٱلْعَزِيزِ
