conf,end,start,word
0.90374,0.375287,0.03,مَعَ
0.979569,0.808929,0.375287,مُحَمَّدِ
0.385244,1.17,0.808929,رَمَضَانَ
