conf,end,start,word
0.978754,0.359933,0.031235,لِيبْيَا
1.0,0.750023,0.359933,مُحَمَّدٌ
0.743142,1.092774,0.750023,ٱلْغَنُّوشِيُّ
