conf,end,start,word
0.902602,0.359987,0.03,بْنُ
1.0,0.780041,0.359987,مُحَمَّدٍ
0.832723,1.14,0.780041,ٱلْعُكَيْلِيُّ
