conf,end,start,word
1.0,0.390018,0.03,طَالِبَانُ
0.996573,0.751352,0.390018,مُحَمَّدٌ
0.732631,1.107587,0.751352,نَعِيمْ
