conf,end,start,word
1.0,0.840109,0.308724,مُحَمَّدٌ
0.444818,1.14,0.840109,ٱلْأَصْلُ
