conf,end,start,word
0.9955,0.39,0.0,ٱشَّيْخُ
1.0,0.75,0.42,مُحَمَّدُ
1.0,0.87,0.75,بْنُ
0.998458,0.991286,0.87,عَبْدِ
0.657189,1.17,0.991286,ٱرَّحْمَانِ
