conf,end,start,word
0.985454,0.389975,0.15,قَالَ
1.0,0.75,0.389975,مُحَمَّدٌ
0.337957,1.079949,0.75,ٱلْقُبَاطِيُّ
