conf,end,start,word
0.970595,0.39,0.03,لِنَّبِيِّ
1.0,0.69,0.39,مُحَمَّدٍ
0.9427,0.87,0.69,صَلَّى
1.0,1.019882,0.87,ٱلَّهُ
0.937281,1.139561,1.019882,عَلَيْهِ
