conf,end,start,word
0.756759,0.27,0.0,أَخُو
1.0,0.87,0.270087,مُحَمَّدٍ
0.774425,1.168294,0.93,مُرْسِي
