conf,end,start,word
0.843527,0.39,0.180077,مَعَ
0.904033,0.741544,0.39,مُحَمَّدِ
0.612523,1.11,0.75,رَمَضَانَ
