conf,end,start,word
0.471913,0.33,0.04174,أَخِي
0.983954,0.750509,0.331459,مُحَمَّدُ
0.90211,1.106912,0.750509,ٱلْحَسَنِ
