conf,end,start,word
0.537354,0.81,0.086527,مُحَمَّدٌ
0.497798,1.14,0.810082,ٱغْتِيَالٌ
