conf,end,start,word
1.0,0.39,0.0,ٱشَّيْخُ
1.0,0.78,0.39,مُحَمَّدُ
1.0,0.930171,0.78,بْنُ
0.953873,1.05304,0.930171,عَبْدِ
0.812745,1.17,1.05304,ٱلَّهِ
