conf,end,start,word
0.948889,0.32998,0.0,ٱشَّهِيدُ
1.0,0.810577,0.32998,مُحَمَّدٌ
0.902949,1.11,0.810577,نَمِرْ
