conf,end,start,word
0.535031,0.390508,0.03,فَرَجُ
0.972373,0.75,0.390508,مُحَمَّدٍ
0.51003,1.17,1.05,مُرْسِي
