conf,end,start,word
0.830586,0.358407,0.0,ٱشَّهِيدُ
1.0,0.810711,0.358407,مُحَمَّدٌ
0.28231,1.17,0.810711,ٱطَّيَرَانُ
