conf,end,start,word
1.0,0.841053,0.3,مُحَمَّدٌ
0.629444,1.052365,0.841053,جَوَادْ
0.569465,1.17,1.052365,ظَرِيفْ
