conf,end,start,word
1.0,0.752802,0.330556,مُحَمَّدٌ
0.708484,1.065108,0.752802,ٱطَّاهِرُ
