conf,end,start,word
0.437603,0.360033,0.030944,تَسِيرُ
0.993289,0.752791,0.364144,مُحَمَّدٌ
0.184384,1.17,0.752791,ٱلْقُدُّوسِيُّ
