conf,end,start,word
1.0,0.36,0.0,أَكَّدَ
1.0,0.78,0.36,مُحَمَّدُ
1.0,0.939934,0.78,بْنُ
0.346429,1.063718,0.939934,عَلِيٍّ
