conf,end,start,word
0.839533,0.78,0.12,لِمُحَمَّدٍ
0.989729,0.964898,0.78,عَبْدِ
0.302881,1.094839,0.964898,ٱلَّهِ
