conf,end,start,word
0.964142,0.389716,0.03,صَرَاحَةً
1.0,0.750154,0.389716,مُحَمَّدٌ
0.581513,1.17,0.750154,ٱسَّعْدِيُّ
