conf,end,start,word
0.904523,0.388887,0.124189,إِلَى
0.971266,0.75632,0.388887,مُحَمَّدِ
0.295578,1.167895,0.75632,رَمَضَانَ
