conf,end,start,word
0.966722,0.360019,0.0,ٱلِّيبِيَّةُ
0.998803,0.728782,0.360019,مُحَمَّدٌ
0.216503,1.108077,0.728782,ٱلْقِبْلِيُّ
