conf,end,start,word
0.997927,0.894382,0.044475,مُحَمَّدٌ
0.292943,1.17,0.9,عُبَيْدْ
