conf,end,start,word
0.996419,0.330035,0.03,فِي
0.733943,0.807991,0.330035,مَدِينَةِ
0.210749,1.08,0.81,بُوسْطُنْ
