conf,end,start,word
0.516559,0.385655,0.215101,فِي
0.998228,0.78,0.385655,مَدِينَةِ
1.0,1.11,0.78,دُومَا
