conf,end,start,word
0.361611,0.361207,0.03,جَنُوبًا
0.599686,1.076168,0.361207,مَدِينَتَيْ
