conf,end,start,word
0.865209,0.360026,0.03,شَهِدَتْ
0.972135,0.75,0.360026,مَدِينَةُ
