conf,end,start,word
0.947165,0.36,0.184354,فِي
1.0,0.78,0.36,مَدِينَةِ
1.0,1.108574,0.78,إِبَّ
