conf,end,start,word
0.566305,0.305038,0.03,كَامِلٌ
0.728042,0.78,0.308715,لِمَدِينَةِ
0.401624,1.17,0.78,ٱلْقُنَيْطِرَةِ
