conf,end,start,word
0.865663,0.38749,0.21,فِي
1.0,0.78,0.38749,مَدِينَةِ
0.980247,1.02427,0.78,ٱشَّيْخِ
0.509279,1.14,1.02427,زُوَيْدٍ
