conf,end,start,word
0.914475,0.389225,0.21,فِي
1.0,0.779773,0.389225,مَدِينَةِ
0.446145,1.14,0.78,مَضَايَا
