conf,end,start,word
0.936686,0.24,0.0,ٱلْيَوْمَ
0.99936,0.389995,0.24,فِي
1.0,0.78,0.389995,مَدِينَةِ
0.610753,1.11,0.78,ٱصُّخَيْرَاتِ
