conf,end,start,word
0.976116,0.29977,0.03,إِلَى
1.0,0.87,0.29977,مَدِينَةِ
0.997251,1.14,0.87,عَدَنْ
