conf,end,start,word
0.937186,0.389659,0.18,فِي
0.999501,0.78,0.389659,مَدِينَةِ
0.530893,1.17,0.78,كَرْمَانَ
