conf,end,start,word
0.982862,0.389931,0.210241,فِي
1.0,0.78,0.389931,مَدِينَةِ
1.0,1.11,0.78,سِرْتَ
