conf,end,start,word
0.960441,0.359479,0.03,عَلَى
1.0,0.78,0.359479,مَدِينَةِ
0.8719,1.064831,0.78,دُومَا
