conf,end,start,word
0.998831,0.804582,0.331909,مَدِينَةٌ
0.157896,1.14,0.81,مُضَادَّةٌ
