conf,end,start,word
0.859723,0.27,0.0,ٱلْيَوْمَ
0.997054,0.419948,0.27,فِي
1.0,0.78,0.419948,مَدِينَةِ
0.625887,0.93,0.78,بُورْ
1.0,1.17,0.952447,سُودَانَ
