conf,end,start,word
0.280785,0.327942,0.034547,فِي
0.951581,0.78,0.327942,مَدِينَةِ
0.986519,1.11,0.78,مَأْرِبَ
