conf,end,start,word
0.957971,0.419572,0.240876,فِي
0.999576,0.750672,0.419572,مَدِينَةِ
0.442299,1.14,0.750672,ٱصَّلَاةِ
