conf,end,start,word
0.962375,0.36,0.18882,فِي
0.991416,0.75,0.36,مَدِينَةِ
0.426511,1.14,0.75,أُوتْرِيخْتْ
