conf,end,start,word
0.980514,0.899905,0.280914,مَدِينَةُ
0.645787,1.17,0.9,سِرْتَ
