conf,end,start,word
0.991073,0.299901,0.03,إِلَى
0.975774,0.78,0.299901,مَدِينَةِ
0.608139,1.077,0.78,بَنْغَازِي
