conf,end,start,word
0.983718,0.33,0.032407,فِي
0.998833,0.861675,0.33,مَدِينَةِ
0.371367,1.17,0.87,مَارِدِينْ
