conf,end,start,word
0.69319,0.78,0.001311,ٱلْمَدِينَةُ
0.230694,1.021464,0.78,كُرْدٌ
