conf,end,start,word
0.980384,0.419813,0.221206,عَنْ
1.0,0.75,0.419813,مَدِينَةِ
1.0,1.166315,0.75,كَرْكُوكَ
