conf,end,start,word
0.8005,0.384363,0.032236,فِي
1.0,0.78,0.384363,مَدِينَةِ
0.872444,1.17,0.78,ٱصُّخَيْرَاتِ
