conf,end,start,word
0.970581,0.355806,0.033196,مِنْ
1.0,0.78,0.355806,مَدِينَةِ
1.0,1.14,0.78,تَعِزَّ
