conf,end,start,word
0.919602,0.358983,0.03,فِي
1.0,0.81,0.358983,مَدِينَةِ
0.82794,1.17,0.81,صِرْوَاحٍ
