conf,end,start,word
0.321947,0.36,0.03,فِي
1.0,0.81,0.372962,مَدِينَةِ
0.980644,1.11,0.81,مَأْرِبَ
