conf,end,start,word
0.967566,0.41933,0.245815,فِي
1.0,0.75,0.41933,مَدِينَةِ
1.0,1.14,0.75,ٱلْقُدْسِ
