conf,end,start,word
0.991546,0.27,0.03,فِي
1.0,0.866591,0.27,مَدِينَةِ
0.916495,1.14,0.87,مَا
