conf,end,start,word
0.63931,0.38679,0.214921,فِي
0.993999,0.78,0.38679,مَدِينَةِ
1.0,1.139539,0.78,ٱرَّمَادِي
