conf,end,start,word
0.911251,0.33,0.0342,إِلَى
0.955848,0.78,0.33,مَدِينَةِ
0.642509,1.129526,0.78,قَلْعَةٍ
