conf,end,start,word
0.991678,0.419744,0.039902,فِي
1.0,0.78,0.419744,مَدِينَةِ
1.0,1.14,0.78,ٱلْخَلِيلِ
