conf,end,start,word
0.971187,0.810343,0.365986,مَدِينَةُ
0.268761,1.113226,0.84,جِسْرٍ
