conf,end,start,word
0.884175,0.419928,0.271021,فِي
1.0,0.75,0.419928,مَدِينَةِ
0.562045,1.14,0.75,ٱسْطَنْبُولْ
