conf,end,start,word
0.974449,0.419304,0.150775,إِلَى
0.992034,0.719881,0.419304,مَدِينَةِ
0.982791,1.08,0.72,صُورَ
