conf,end,start,word
0.957651,0.359802,0.064491,فِي
1.0,0.84,0.359802,مَدِينَةِ
0.99441,1.17,0.84,نَمْرُودَ
