conf,end,start,word
0.978754,0.36,0.242002,فِي
1.0,0.75,0.36,مَدِينَةِ
0.950161,1.088142,0.75,دُومَا
