conf,end,start,word
1.0,0.33,0.03,إِلَى
1.0,0.81,0.33,مَدِينَةِ
0.927517,0.996497,0.81,بَيْتِ
0.434507,1.17,0.996497,ٱلْقَصِيدِ
