conf,end,start,word
0.776446,0.41995,0.301597,فِي
0.997544,0.75002,0.41995,مَدِينَةِ
0.129769,1.14,0.75002,ٱسْتِمْرَارِهَا
