conf,end,start,word
1.0,0.36,0.06,فِي
1.0,0.780011,0.36,مَدِينَةِ
0.535428,1.090778,0.780011,غَزَّةَ
