conf,end,start,word
0.603445,0.355037,0.03,فِي
1.0,0.809124,0.355037,مَدِينَةِ
0.125579,1.14,0.81,مَانْشِسْتَرْ
