conf,end,start,word
0.861024,0.417106,0.240158,فِي
1.0,0.75,0.417106,مَدِينَةِ
0.629177,1.14,0.75,إِسْطَنْبُولَ
