conf,end,start,word
0.997287,0.39,0.030481,مُحِيطِ
0.998206,0.779896,0.39,مَدِينَةِ
0.668497,1.17,0.78,ٱلْقُنَيْطِرَةِ
