conf,end,start,word
0.342413,0.36,0.0,آخِرُ
0.998554,0.809868,0.360036,مَدِينَةِ
0.967648,1.14,0.81,ٱلْمُكَلَّا
