conf,end,start,word
0.978093,0.3,0.03,فِي
1.0,0.809928,0.3,مَدِينَةِ
0.918468,1.078104,0.81,رَأْسٍ
