conf,end,start,word
0.971143,0.41974,0.241817,فِي
1.0,0.75,0.41974,مَدِينَةِ
1.0,1.139031,0.75,ٱلْفَلُّوجَةِ
