conf,end,start,word
0.972826,0.750777,0.36129,مَدِينَةُ
0.837803,1.169383,0.750777,ٱلْحُدَيْدَةِ
