conf,end,start,word
0.980561,0.359753,0.03,فِي
1.0,0.81,0.359753,مَدِينَةِ
1.0,1.079765,0.81,عَدَنْ
