conf,end,start,word
0.941216,0.389562,0.0,ٱشَّرْقِيَّةِ
0.52271,0.780286,0.39,مَدِينَتُهُ
0.860879,1.11,0.81,قَلَقٌ
