conf,end,start,word
0.974446,0.329706,0.031114,إِلَى
1.0,0.81,0.329706,مَدِينَةِ
1.0,1.14,0.81,مِيُونِخْ
