conf,end,start,word
1.0,0.33,0.03,عَلَى
0.973625,0.809949,0.33,مَدِينَةِ
0.441965,1.127352,0.81,جُبْرَانَ
