conf,end,start,word
0.676672,0.386962,0.21,فِي
0.991234,0.78,0.386962,مَدِينَةِ
0.991234,1.14,0.78,هِيُوسْتُنْ
