conf,end,start,word
0.991547,0.359893,0.03,فِي
1.0,0.81,0.359893,مَدِينَةِ
0.780875,1.138856,0.81,بَنْغَازِي
