conf,end,start,word
0.168598,0.33,0.03,مَرْكَزُ
0.785154,1.113669,0.371614,مَدِينَتِهِ
