conf,end,start,word
0.980083,0.870274,0.27,مَدِينَةُ
0.945953,1.17,0.870274,ٱرَّقَّةِ
