conf,end,start,word
0.966912,0.359581,0.03,فِي
1.0,0.80997,0.359581,مَدِينَةِ
0.992391,1.135626,0.81,هِيُوسْتُنْ
