conf,end,start,word
0.459108,0.36,0.03,خِلَالَ
1.0,0.78,0.360296,مَدِينَةِ
0.987723,1.166369,0.78,ٱلْخَلِيلِ
