conf,end,start,word
0.926402,0.418387,0.210269,فِي
1.0,0.78,0.418387,مَدِينَةِ
1.0,1.139753,0.78,ٱلْمَوْصِلِ
