conf,end,start,word
0.415484,0.390837,0.218563,فِي
1.0,0.75,0.390837,مَدِينَةِ
0.553179,1.169421,0.75,ٱسْطَنْبُولْ
