conf,end,start,word
0.992281,0.36,0.06,نَقَلَ
0.69881,0.750011,0.36,مُرَاسِلُ
0.976759,1.066299,0.750011,ٱلْجَزِيرَهْ
