conf,end,start,word
0.964779,0.39,0.065419,عَلَى
0.995844,0.75,0.39,مَدِينَةِ
1.0,1.14,0.750125,ٱرَّقَّةِ
