conf,end,start,word
0.999293,0.36,0.03,نَقَلَ
0.6771,0.750075,0.36,مُرَاسِلُ
0.995771,1.080352,0.759728,ٱلْجَزِيرَهْ
