conf,end,start,word
0.869526,0.36,0.03,قَالَ
0.627406,0.803848,0.360207,مُرَاسِلُو
1.0,1.166223,0.803848,ٱلْجَزِيرَهْ
