conf,end,start,word
1.0,0.36,0.0,أَفَادَ
0.993075,0.78,0.36,مُرَاسِلُ
1.0,1.109457,0.78,ٱلْجَزِيرَهْ
0.36387,1.168477,1.109457,فِي
