conf,end,start,word
0.971312,0.36,0.12,قَالَ
0.930627,0.809252,0.360362,مُرَاسِلُو
1.0,1.139319,0.809252,ٱلْجَزِيرَهْ
