conf,end,start,word
0.821492,0.359896,0.030707,نَقَلَ
0.701493,0.78,0.359896,مُرَاسِلُ
0.995212,1.167992,0.78,ٱلْجَزِيرَهْ
