conf,end,start,word
1.0,0.36,0.0,أَفَادَ
1.0,0.78,0.36,مُرَاسِلُ
0.997036,1.098647,0.78,ٱلْجَزِيرَهْ
0.335385,1.168641,1.108641,فِي
