conf,end,start,word
0.624089,0.32828,0.03,وَقَالَ
0.538659,0.840197,0.32828,مُرَاسِلُ
0.984444,1.14,0.854059,ٱلْجَزِيرَهْ
