conf,end,start,word
1.0,0.39,0.0,أَفَادَ
0.991574,0.809749,0.39,مُرَاسِلُ
0.990804,1.100961,0.809749,ٱلْجَزِيرَهْ
