conf,end,start,word
0.984726,0.329985,0.0,أَفَادَ
0.985962,0.81,0.329985,مُرَاسِلُ
1.0,1.151685,0.81,ٱلْجَزِيرَهْ
