conf,end,start,word
0.946599,0.419113,0.18,طَالَمَا
1.0,0.75,0.419113,مُرَاسِلُ
0.990547,1.071488,0.75,ٱلْجَزِيرَهْ
