conf,end,start,word
0.692688,0.329546,0.03,نَقَلَ
0.651735,0.84,0.329546,مُرَاسِلُ
0.995114,1.169658,0.850499,ٱلْجَزِيرَهْ
