conf,end,start,word
0.997944,0.359922,0.09,قَالَ
0.53459,0.802386,0.36,مُرَاسِلُو
0.993085,1.164721,0.802386,ٱلْجَزِيرَهْ
