conf,end,start,word
0.616574,0.389922,0.03,قَالَ
0.594576,0.802992,0.399246,مُرَاسِلُو
0.999118,1.099109,0.802992,ٱلْجَزِيرَهْ
