conf,end,start,word
0.996438,0.33,0.03,نَقَلَ
0.873392,0.78034,0.36,مُرَاسِلُ
0.992295,1.154858,0.783828,ٱلْجَزِيرَهْ
