conf,end,start,word
0.493751,0.388584,0.15,قَالَ
0.896054,0.778379,0.39529,مُرَاسِلُو
1.0,1.132223,0.778379,ٱلْجَزِيرَهْ
