conf,end,start,word
0.95344,0.36,0.12,قَالَ
0.551244,0.78,0.36027,مُرَاسِلُو
0.993329,1.123485,0.78,ٱلْجَزِيرَهْ
