conf,end,start,word
0.89621,0.36,0.0,أَفَادَ
0.553447,0.78,0.36,مُرَاسِلُ
0.997897,1.154853,0.793425,ٱلْجَزِيرَهْ
