conf,end,start,word
0.946306,0.36,0.12,قَالَ
0.612981,0.773323,0.362271,مُرَاسِلُو
1.0,1.074567,0.773323,ٱلْجَزِيرَهْ
