conf,end,start,word
0.517676,0.831399,0.361254,مُرَاسِلُو
1.0,1.152209,0.831399,ٱلْجَزِيرَهْ
