conf,end,start,word
0.928334,0.3,0.03,نَقَلَ
0.939638,0.81,0.329087,مُرَاسِلُ
0.996261,1.169386,0.811818,ٱلْجَزِيرَهْ
