conf,end,start,word
0.871779,0.33,0.03,ذَكَرَ
0.520228,0.860955,0.336727,مُرَاسِلُو
0.995824,1.167172,0.860955,ٱلْجَزِيرَهْ
