conf,end,start,word
0.299867,0.359815,0.03,نَقَلَةُ
0.897056,0.808306,0.359815,مُرَاسِلُو
0.998878,1.169391,0.808306,ٱلْجَزِيرَهْ
