conf,end,start,word
0.991466,0.33,0.0,أَفَادَ
0.998447,0.78,0.36,مُرَاسِلُ
0.995382,1.113854,0.780047,ٱلْجَزِيرَهْ
