conf,end,start,word
0.892105,0.36,0.0,أَفَادَ
0.994404,0.779896,0.360695,مُرَاسِلُ
0.996542,1.131386,0.78,ٱلْجَزِيرَهْ
