conf,end,start,word
0.906759,0.36,0.09,قَالَ
0.571972,0.81,0.365447,مُرَاسِلُو
0.996556,1.159333,0.81,ٱلْجَزِيرَهْ
