conf,end,start,word
0.400558,0.39,0.0,ٱلْقِلَّةُ
0.62038,0.773921,0.392729,مُرَاسِلُو
0.997543,1.077293,0.773921,ٱلْجَزِيرَهْ
