conf,end,start,word
0.941057,0.39,0.030445,نَقَلَ
0.955629,0.72,0.391663,مُرَاسِلُ
0.996744,1.072497,0.721335,ٱلْجَزِيرَهْ
