conf,end,start,word
0.886228,0.329057,0.03,قَالَتْ
1.0,0.81,0.329057,مَصَادِرُ
0.89957,1.160074,0.81,مُطَّلِعَةٌ
