conf,end,start,word
0.460429,0.326722,0.03,قَالَتْ
1.0,0.84,0.326722,مَصَادِرُ
0.983189,1.05,0.84,مِنْ
0.858808,1.17,1.05,دَاخِلِ
