conf,end,start,word
0.992138,0.329983,0.030983,عَنْ
0.997584,0.78,0.329983,مَصَادِرَ
0.61667,1.17,0.78,تُرْكِيَّةٍ
