conf,end,start,word
0.99779,0.359971,0.03,عَنْ
1.0,0.78,0.359971,مَصَادِرَ
0.993384,1.136559,0.78,أَمْنِيَّةٍ
