conf,end,start,word
0.995986,0.329989,0.0,أَكَّدَتْ
1.0,0.84,0.329989,مَصَادِرُ
0.866378,0.999726,0.84,أَنَّ
