conf,end,start,word
0.814977,0.389422,0.213178,عَنْ
1.0,0.78,0.389422,مَصَادِرَ
0.998401,1.078083,0.78,أَمْنِيَّةٍ
