conf,end,start,word
0.974806,0.750018,0.0,ٱلْمَصَادِرُ
0.994739,0.902882,0.750018,أَنَّ
