conf,end,start,word
0.911419,0.329867,0.03,قَالَتْ
1.0,0.83881,0.329867,مَصَادِرُ
0.379992,1.17,0.87,مَيْدَانٍ
