conf,end,start,word
0.968836,0.33,0.03,قَالَتْ
0.99228,0.842164,0.33,مَصَادِرُ
0.709985,1.14,0.842164,مَيْدَانٍ
