conf,end,start,word
0.907803,0.848614,0.24,مَصَادِرُ
0.341725,1.14,0.848614,أَنَّكَ
