conf,end,start,word
0.850861,0.36,0.031174,ذَكَرَتْ
1.0,0.809865,0.36,مَصَادِرُ
0.494965,1.076005,0.84,طِبِّيَّةٌ
