conf,end,start,word
0.556764,0.788355,0.331356,مَصَادِرُ
0.605729,1.14,0.788355,ٱلْمَيْدَانِيَّةُ
