conf,end,start,word
0.998834,0.810089,0.3,مَصَادِرُ
0.716945,1.034749,0.810089,لِيبِيَّةٌ
0.181847,1.17,1.034749,لِيبِيَّةٌ
