conf,end,start,word
0.929916,0.359837,0.143037,عَنْ
1.0,0.75,0.359837,مَصَادِرَ
0.945561,1.139814,0.75,عَسْكَرِيَّةٍ
