conf,end,start,word
0.733649,0.396082,0.0,أَنَّ
0.409532,0.781882,0.396082,نَصَادِرَ
0.813343,0.900001,0.781882,فِي
0.500322,1.16927,0.900001,ٱشُّرْطَةِ
