conf,end,start,word
0.944972,0.329457,0.03,قَالَتْ
1.0,0.840012,0.329457,مَصَادِرُ
0.996426,0.962338,0.840012,فِي
0.064632,1.17,0.962338,ٱسُّودَانِ
