conf,end,start,word
1.0,0.33,0.0,أَكَّدَتْ
1.0,0.840675,0.33,مَصَادِرُ
0.777394,1.002095,0.840675,مِنْ
