conf,end,start,word
0.998348,0.33,0.03,قَالَتْ
1.0,0.84,0.33,مَصَادِرُ
0.985932,0.930671,0.84,فِي
0.103573,1.16886,0.930671,ٱشَّرْقِ
