conf,end,start,word
0.381095,0.320206,0.0,ٱلْآنَ
0.972368,0.81,0.328814,مَصَادِرُ
0.529877,1.139656,0.84,طِبِّيَّةٌ
