conf,end,start,word
0.964387,0.33,0.09,قَالَتْ
0.834685,0.728359,0.33,مَصَادِرُ
0.139283,1.077937,0.75,مَحَلِّيَّةٌ
