conf,end,start,word
0.999496,0.329987,0.03,نَعَمْ
0.994252,0.81,0.329989,مَصَادِرُ
0.797926,0.991563,0.810025,أَنَّ
0.137687,1.17,0.991563,ٱسِّيسِيَّ
