conf,end,start,word
0.852969,0.356355,0.032237,عَنْ
1.0,0.81,0.356355,مَصَادِرَ
0.965218,0.9,0.81,فِي
0.127682,1.17,0.9,ٱلْمُعَارَضَةِ
