conf,end,start,word
0.804604,0.357703,0.031878,عَنْ
0.939514,0.832531,0.357703,مَصَادِرَ
