conf,end,start,word
0.747647,1.006678,0.512268,قُوَّ
