conf,end,start,word
0.988851,0.359887,0.040832,عَنْ
1.0,0.78,0.359887,مَصَادِرَ
0.993072,1.083099,0.78,أَمْنِيَّةٍ
