conf,end,start,word
0.961711,0.843001,0.274211,مَصَادِرُ
0.58098,1.14,0.843001,إِسْرَائِيلَ
