conf,end,start,word
0.99814,0.389978,0.141558,عَنْ
1.0,0.78,0.389978,مَصَادِرَ
0.995265,1.168797,0.78,مَحَلِّيَّةٍ
