conf,end,start,word
0.976875,0.329446,0.03,عَنْ
1.0,0.780041,0.329446,مَصَادِرِ
0.433343,1.158321,0.780041,قُوَّتِهَا
