conf,end,start,word
0.843983,0.839751,0.3,مَصَادِرُ
0.196014,1.164603,0.87,صَيْفٍ
