conf,end,start,word
0.994862,0.78023,0.33,مَصَادِرُ
0.761706,1.036619,0.78023,أَمْنِيَّةٌ
