conf,end,start,word
0.996006,0.36,0.03,قَالَتْ
1.0,0.809233,0.36,مَصَادِرُ
0.681573,1.083135,0.81,تَابِعَةٌ
0.312163,1.17,1.083135,لَهَا
