conf,end,start,word
0.340931,0.359265,0.078262,عَنْ
0.951111,0.84,0.75,فِي
0.683309,1.088733,0.84,ٱلْخَارِجِ
