conf,end,start,word
1.0,0.36,0.06,قَالَتْ
1.0,0.779957,0.36,مَصَادِرُ
0.902351,0.900052,0.78,فِي
0.138398,1.17,0.900052,مُحَافَظَةٍ
