conf,end,start,word
0.683285,0.306773,0.0,أَنَّ
0.894411,0.84,0.306773,مَصَادِرَ
0.865572,1.17,0.84,رَسْمِيَّةً
