conf,end,start,word
1.0,0.36,0.09,قَالَتْ
0.997735,0.779586,0.36,مَصَادِرُ
0.862063,1.098944,0.81,طِبِّيَّةٌ
