conf,end,start,word
0.993872,0.329294,0.03,عَنْ
0.999581,0.81,0.329294,مَصَادِرَ
0.962971,0.930036,0.81,فِي
0.122946,1.14,0.930036,ٱلْقُصَيْرِ
