conf,end,start,word
0.996042,0.810057,0.304467,مَصَادِرُ
0.907083,1.058429,0.810057,أَمْنِيَّةٌ
