conf,end,start,word
0.98644,0.3,0.03,عَنْ
1.0,0.84,0.328662,مَصَادِرَ
0.934346,0.992698,0.84,فِي
0.434017,1.17,0.992698,غَزَّةَ
