conf,end,start,word
0.707579,0.359299,0.0,أَكَّدَتْ
1.0,0.81,0.359299,مَصَادِرُ
0.753853,1.069844,0.81,لِيبِيَّةٌ
