conf,end,start,word
0.984623,0.33,0.03,قَالَتْ
1.0,0.810026,0.33,مَصَادِرُ
0.995306,0.959734,0.810026,فِي
0.101301,1.158051,0.96,مِصْرَ
