conf,end,start,word
0.595499,0.389312,0.141455,عَنْ
0.995569,0.78,0.389312,مَصَادِرَ
1.0,1.137666,0.78,عَسْكَرِيَّةٍ
