conf,end,start,word
0.953355,0.389514,0.098478,عَنْ
0.992407,0.72,0.389514,مَصَادِرَ
1.0,1.109462,0.72,قَضَائِيَّةٍ
