conf,end,start,word
0.775149,0.389933,0.03,وَقَالَتْ
1.0,0.78,0.389933,مَصَادِرُ
0.992326,0.87036,0.78,فِي
0.970191,1.17,0.87036,ٱلْمُعَارَضَةِ
