conf,end,start,word
0.99036,0.299962,0.033288,عَنْ
0.93749,0.809964,0.299962,مَصَادِرَ
