conf,end,start,word
0.981149,0.479949,0.03,عَشْرٌ
0.998319,0.72,0.48,مِنْ
0.612542,1.14,0.72,مُنْتَسِبِي
