conf,end,start,word
0.781938,0.48,0.03,كَافِيَةٌ
1.0,0.660051,0.48,مِنَ
0.931721,1.075957,0.660051,ٱلْحُكُومَةِ
