conf,end,start,word
0.82831,0.48,0.0,ٱلْأَنْفَاقِ
0.957971,0.63,0.48,مِنْ
0.987105,1.079374,0.631183,قَنَاةِ
