conf,end,start,word
0.970763,0.33,0.03,وَقَالَتْ
1.0,0.810062,0.33,مَصَادِرُ
0.986863,1.164807,0.810062,مَحَلِّيَّةٌ
