conf,end,start,word
0.878626,0.329932,0.0,أَكَّدَتْ
1.0,0.78,0.329932,مَصَادِرُ
0.563266,0.974721,0.78,لِيبِيَّةٌ
0.635288,1.146671,0.974721,لِيبِيَّةٌ
