conf,end,start,word
1.0,0.480005,0.0,ٱثِّقَةَ
0.999321,0.63,0.480005,مِنْ
0.999321,0.935093,0.63,رَئِيسٍ
0.380676,1.17,0.935093,لِلْبِلَادِ
