conf,end,start,word
0.997832,0.51055,0.011344,ٱلْيَوْمَ
0.876085,0.599379,0.51055,مِنْ
0.375385,1.169378,0.599379,جَلْسَةِ
