conf,end,start,word
0.974865,0.54,0.0,ٱلْأَهَالِي
0.986715,0.63,0.54,مِنْ
0.882237,1.001876,0.66,زِيَارَةِ
