conf,end,start,word
0.792912,0.509902,0.03,جَرْحَى
0.943833,0.66,0.51,مِنْ
0.720664,1.103555,0.661485,قَبَائِلَ
