conf,end,start,word
0.71596,0.48,0.0,ٱلْمُتَّحِدَةِ
0.92281,0.599978,0.48,مِنِ
0.848927,1.012136,0.600065,ٱسْتِمْرَارِ
