conf,end,start,word
1.0,0.51,0.03,لِوَفْدٍ
0.996296,0.690596,0.51,مِنَ
0.576909,1.13471,0.690596,ٱلْحُكُومَةِ
