conf,end,start,word
0.693446,0.509561,0.03,وَبَرِّيٍّ
0.530661,0.649425,0.509561,مِنْ
0.534493,1.107945,0.649425,مِيلِيشِيَاتٍ
