conf,end,start,word
0.130899,0.477489,0.03,دُسْتَانَ
0.994843,0.66,0.477489,مِنَ
0.830832,1.14,0.660079,ٱلْمُوَازَنَةِ
