conf,end,start,word
0.689683,0.505257,0.03,مُسَلَّحًا
0.877272,0.652945,0.505257,مِنْ
0.779334,0.96,0.659188,مِيلِيشْيَا
0.629469,1.17,0.96,ٱلْحُوثِيِّ
