conf,end,start,word
0.961785,0.698936,0.48,مِنْ
0.74102,1.071655,0.698936,مِينَاءٍ
