conf,end,start,word
0.923098,0.479939,0.248583,لَكُمْ
0.9945,0.63,0.479939,مِنَ
1.0,1.17,0.630238,ٱلْجَزِيرَهْ
