conf,end,start,word
0.625577,0.42,0.03,سُحِبَتْ
0.984433,0.66,0.42,مِنْ
0.69917,1.17,0.72,أَغْلَبِ
