conf,end,start,word
0.528248,0.535915,0.0,أَنَّهُمَا
0.995083,0.63,0.535915,مِنْ
0.997882,0.960145,0.63,تَنْظِيمِ
0.986289,1.14,0.960145,ٱدَّوْلَةِ
