conf,end,start,word
0.719717,0.48,0.0,ٱلَّلِي
1.0,0.630013,0.48,مِنْ
0.96363,1.050635,0.630013,مَدِينَةِ
