conf,end,start,word
0.997276,0.66,0.48,مِنْ
0.994199,1.019978,0.66,خِلَالِ
0.462822,1.139844,1.02,مَا
