conf,end,start,word
0.972269,0.689434,0.48,مِنْ
0.763641,1.107485,0.69,حَاجَةٍ
