conf,end,start,word
0.960733,0.45,0.03,مَزِيدٌ
1.0,0.69,0.452356,مِنَ
0.996025,1.17,0.69,ٱلْقُرَى
