conf,end,start,word
0.938058,0.688794,0.45,بَيْنَ
0.57316,1.14,0.688794,مُخَالَفَةٍ
