conf,end,start,word
0.987034,0.24,0.03,مَعَ
0.999195,0.51,0.24,كُلٍّ
0.998587,0.659056,0.51,مِنْ
0.950974,1.05538,0.66,تَنْظِيمِ
