conf,end,start,word
1.0,0.51,0.03,جَدِيدَةٌ
0.987875,0.630284,0.51,مِنَ
0.822526,1.104554,0.630284,ٱلْمُرَاسِلِينَ
