conf,end,start,word
0.424266,0.449934,0.0,ٱلْجَدِيدَةِ
0.999649,0.66,0.449934,مِنْ
0.988495,1.169128,0.66,بَرْنَامَجِ
