conf,end,start,word
0.338629,0.538078,0.09,رَقَابَةٌ
1.0,0.66,0.538078,مِنْ
1.0,0.960154,0.66,طِرَازِ
0.344861,1.169282,0.960154,بُويِنْغْ
