conf,end,start,word
0.418516,0.45,0.0,أُنْفِقَ
1.0,0.63304,0.45014,مِنْ
0.820479,0.87,0.63304,أَجْلِ
0.986237,1.17,0.87,تَبْرِيرِ
