conf,end,start,word
0.995702,0.509804,0.03,عَدَدًا
1.0,0.66,0.509804,مِنَ
0.997377,1.169725,0.66,ٱلْمَدَنِيِّينَ
