conf,end,start,word
0.433809,0.477084,0.03,مِئَةٌ
0.999636,0.66,0.477084,مِنَ
0.979706,1.14,0.66,ٱلْمُحْتَجِّينَ
