conf,end,start,word
0.910337,0.48,0.0,ٱلْعِشْرِينَ
0.999136,0.629909,0.48,مِنْ
0.505241,1.124768,0.629909,مُسَلَّحِينَ
