conf,end,start,word
0.999335,0.69,0.48,مِنْ
0.891862,1.061639,0.69,مُؤَيِّدِي
