conf,end,start,word
0.756902,0.68672,0.513516,مِنْ
0.346214,1.14,0.96,سِيَاسِيَّةٍ
