conf,end,start,word
0.772368,0.51,0.03,وَجَرْحَى
0.999748,0.660005,0.51,مِنَ
0.585222,1.045828,0.660005,ٱلْجُنُودِ
