conf,end,start,word
0.998437,0.68981,0.45,مِنْ
0.992126,1.11,0.69,قِبَلِ
