conf,end,start,word
0.975835,0.48,0.03,وَعَدَدٌ
1.0,0.69001,0.48,مِنْ
0.532426,1.08,0.69001,مُعَالَجَةِ
