conf,end,start,word
0.980988,0.509424,0.031936,عَدَدًا
1.0,0.66,0.509424,مِنَ
1.0,1.14,0.66,ٱلْجَرْحَى
