conf,end,start,word
0.966868,0.48,0.03,إِلَيْنَا
0.999602,0.630092,0.48,مِنْ
0.976732,1.003585,0.630092,مَحْكَمَةِ
