conf,end,start,word
0.494744,0.63015,0.450734,مِنَ
0.915003,1.078599,0.644472,ٱلْمَجْلِسِ
