conf,end,start,word
1.0,0.45,0.0,أَنَّ
0.993113,0.659948,0.45,مَنْ
0.599877,0.9835,0.659948,نَفَّذَ
