conf,end,start,word
0.419709,0.39,0.03,بِٱلْقُرْبِ
0.892282,0.629993,0.527664,مِنَ
0.877698,1.112114,0.629993,ٱلْعَاصِمَةِ
