conf,end,start,word
0.999415,0.479989,0.21,كُلٌّ
1.0,0.630017,0.479989,مِنَ
0.998793,0.901066,0.630017,ٱرَّئِيسِ
0.168256,1.17,0.901066,ٱلْأَفْغَانِيِّ
