conf,end,start,word
0.951768,0.47931,0.0,ٱتَّاسِعِ
1.0,0.66,0.481249,مِنْ
1.0,1.10967,0.66,مَارِسَ
