conf,end,start,word
0.874817,0.536214,0.03,عَشَرَةٌ
0.93045,0.66,0.536214,مِنْ
0.598959,0.990072,0.66,جُنُودِ
0.375803,1.17,0.990072,ٱنِّظَامِ
