conf,end,start,word
0.672055,0.505209,0.06,ثَانِيًا
0.837793,0.62864,0.51,مِنْ
0.608448,1.14,0.63,مُحَادَثَاتٍ
