conf,end,start,word
0.481785,0.48,0.001349,ٱنَّارِ
1.0,0.66,0.48,مِنْ
1.0,1.019887,0.66,قِبَلِ
