conf,end,start,word
0.999825,0.51,0.0,ٱلْأَزْمَةِ
0.97473,0.629385,0.51,مِنْ
0.517669,0.978541,0.63,حُكُومَةِ
