conf,end,start,word
0.585973,0.45,0.030236,عَدَدٌ
0.986959,0.66,0.450072,مِنَ
0.68531,1.079235,0.66,ٱلْبُوذِيِّينَ
