conf,end,start,word
1.0,0.51,0.0,ٱلْأُولَى
0.970598,0.636055,0.51,مِنْ
0.276821,1.139021,0.636055,إِتِّفَاقِيَّاتٍ
