conf,end,start,word
0.715059,0.539638,0.001114,ٱسَّادِسَةِ
0.990107,0.629843,0.539638,مِنْ
0.7697,1.108816,0.629843,مَسِيرَاتِ
