conf,end,start,word
0.835391,0.476508,0.03,عَدَدًا
0.999567,0.66,0.476508,مِنْ
0.457025,1.133428,0.66,مُنْتَسِبِي
