conf,end,start,word
0.672947,0.51,0.12,قَادِمَةٌ
1.0,0.6599,0.51,مِنْ
0.99668,0.956281,0.66,مَطَارِ
