conf,end,start,word
0.525984,0.48,0.03711,كَثِيرٌ
1.0,0.69002,0.51,مِنَ
0.762194,1.079781,0.69002,ٱلْبُلْدَانِ
