conf,end,start,word
0.516796,0.45,0.03,إِطْلَاقًا
1.0,0.719911,0.45,مِنْ
0.992938,1.129987,0.72,مَدِينَةِ
