conf,end,start,word
0.994244,0.54,0.03,وَأَكْثَرُ
1.0,0.641311,0.54,مِنْ
0.622977,0.996267,0.66,أَلْفٍ
0.264596,1.16683,1.049271,ألف
