conf,end,start,word
0.988166,0.48,0.037176,كِلَا
1.0,0.689887,0.48,مِنْ
0.983676,0.968876,0.69,قَائِدِ
