conf,end,start,word
0.486924,0.51,0.0,ٱصِّينِيِّينَ
0.995462,0.659854,0.51,مِنْ
0.962422,0.986296,0.66,دَاخِلِ
