conf,end,start,word
0.86083,0.50684,0.03,عَدَدًا
1.0,0.660025,0.50684,مِنَ
0.998918,1.17,0.660025,ٱطَّائِرَاتِ
