conf,end,start,word
0.963194,0.51,0.03,هَاتِفِيًّا
1.0,0.66,0.51,مِنْ
1.0,0.930632,0.66,وَزِيرِ
0.941036,1.14,0.930632,ٱدِّفَاعِ
