conf,end,start,word
0.975054,0.718131,0.45,مِنْ
0.973559,1.109729,0.718131,مِينَاءٍ
