conf,end,start,word
0.812781,0.531465,0.03,عَدَدًا
1.0,0.69,0.531465,مِنَ
0.906381,1.148375,0.69,ٱلْمَنَاطِقِ
