conf,end,start,word
0.998471,0.659986,0.48,مِنْ
0.942164,1.10959,0.659986,تَشْكِيلِهَا
