conf,end,start,word
0.866916,0.479346,0.03,لَحِقَتْ
0.756363,0.659936,0.48,بِمَا
0.431851,1.098771,0.659936,وَصَفَهَا
