conf,end,start,word
0.926809,0.50991,0.03,وَعِشْرِينَ
0.999482,0.66,0.50991,مِنَ
0.989586,0.989139,0.66,ٱلْجَيْشِ
