conf,end,start,word
0.958556,0.48,0.104915,وَفْدٌ
0.999623,0.630098,0.481491,مِنَ
0.845834,1.17,0.630098,ٱلْمَجْمُوعَةِ
