conf,end,start,word
1.0,0.66,0.45,مِنْ
0.429219,0.937073,0.66,جِهَةٍ
0.354742,1.17,1.02,ثَانِيَةٍ
