conf,end,start,word
0.997221,0.54,0.0,ٱشَّمَالِ
0.995645,0.629998,0.54,مِنْ
0.995488,0.988002,0.629998,مَدِينَةِ
0.245577,1.17,0.99,ٱلْقُصَيْرِ
