conf,end,start,word
1.0,0.66,0.48,مِنْ
0.439286,1.007719,0.66,جِهَتِهِ
0.194246,1.14,1.007719,ثَانِيَةً
