conf,end,start,word
0.972957,0.48,0.03,وَغَيْرُهَا
1.0,0.629861,0.48,مِنْ
0.995364,0.960272,0.63,مُدُنِ
0.947307,1.17,0.960272,ٱلْبِلَادِ
