conf,end,start,word
0.89985,0.689974,0.42,مِنْ
0.37288,0.995857,0.69,جِهَةٍ
