conf,end,start,word
0.5683,0.541083,0.03,وَٱتِّهَامُ
0.558209,1.031648,0.625066,مُنْشَأَةٍ
