conf,end,start,word
0.961256,0.318077,0.03,حَوَالَيْ
0.880615,0.54,0.329236,سَاعَةٍ
0.986539,0.63,0.54008,مِنَ
1.0,1.11,0.63,ٱلْآنِ
