conf,end,start,word
0.672016,0.273959,0.033649,لَا
0.602359,0.78,0.273959,تُؤْمِنُ
