conf,end,start,word
1.0,0.51,0.005846,أَكْثَرُ
1.0,0.63,0.51,مِنْ
0.530136,1.026991,0.63,خَمْسَةِ
0.280781,1.169649,1.049649,أَشْهُرٍ
