conf,end,start,word
0.900876,0.48,0.0,ٱثْنَيْنِ
1.0,0.6,0.48,مِنْ
0.998932,0.930323,0.6,قُوَّاتِ
0.932246,1.17,0.930323,ٱتَّحَالُفِ
