conf,end,start,word
0.877274,0.51,0.03,عِدَّةِ
0.553937,1.156215,0.559375,مُحَافَظَاتٍ
