conf,end,start,word
0.807862,0.51,0.0,ٱلْعَسْكَرِيَّةِ
0.941894,0.63,0.51,مِنْ
0.79037,1.016695,0.63,جَزِيرَةِ
0.378793,1.17,1.02,سِينَاءَ
