conf,end,start,word
0.99729,0.62836,0.48,مِنْ
0.38881,1.004998,0.63,نَاحِيَةٍ
0.226041,1.14,1.02,أُخْرَى
