conf,end,start,word
0.795425,0.48,0.0,أُطْلِقَ
0.999403,0.66,0.486141,مِنْ
0.998175,1.081217,0.66,قِطَاعِ
0.732611,1.17,1.081217,غَزَّةَ
