conf,end,start,word
0.917945,0.480077,0.03,كُلٌّ
0.988112,0.69,0.480077,مِنْ
1.0,1.009024,0.69,مِصْرَ
0.400385,1.17,1.02,وَتُونِسَ
