conf,end,start,word
0.650143,0.51,0.0,ٱلْحَدِّ
1.0,0.629751,0.51,مِنْ
0.985582,0.959164,0.63,إِنْتِشَارِ
0.437531,1.14,0.96,ٱسِّلَاحِ
