conf,end,start,word
0.637262,0.479923,0.03,مِائَةٍ
0.998632,0.629949,0.479923,مِنْ
0.475194,1.146215,0.629949,مُعْتَقَلِينَ
