conf,end,start,word
0.962024,0.686971,0.45,مِنْ
0.838867,1.124759,0.686971,مُعَاهَدَةِ
