conf,end,start,word
0.844134,0.239921,0.031429,عَلَى
1.0,0.48,0.239921,كُلٍّ
1.0,0.63,0.48,مِنْ
1.0,1.016667,0.63,إِيرَانَ
