conf,end,start,word
0.997349,0.663578,0.48,مِنْ
0.81971,1.09916,0.663578,أَجْلِ
