conf,end,start,word
1.0,0.54,0.03,فَرْدِيَّةٌ
0.819994,0.627248,0.54,مِنْ
0.622367,0.93,0.629934,رَئِيسٍ
