conf,end,start,word
0.997195,0.45,0.03,نَادٍ
0.990602,0.749968,0.450085,مِنْ
