conf,end,start,word
0.706974,0.510015,0.03,خَلِيجِيَّةٍ
0.999638,0.63,0.510104,مِنْ
0.999638,0.93,0.63,خِلَالِ
0.928652,1.14,0.93,ٱلْحِوَارِ
