conf,end,start,word
0.67059,0.504343,0.081408,عَشَرَةٍ
0.999321,0.689429,0.504343,مِنْ
0.757139,0.992199,0.69,قُوَّاتِ
