conf,end,start,word
0.969934,0.630079,0.48,مِنَ
0.964743,1.148423,0.630079,ٱلْمُقَرَّرِ
