conf,end,start,word
0.909252,0.508774,0.03,عَشَرَةٌ
1.0,0.659503,0.508774,مِنْ
0.850152,1.14,0.66,مُقَاتِلِينَ
