conf,end,start,word
0.448105,0.45,0.03,تَغْطِيَةٌ
0.998631,0.66,0.45,مِنْ
0.999786,0.989762,0.66,أَمِيرِ
0.665349,1.17,0.99,دَوْلَةِ
