conf,end,start,word
1.0,0.66,0.51,مِنْ
0.830123,0.945696,0.66,جِهَةٍ
0.38906,1.08,0.96,أُخْرَى
