conf,end,start,word
1.0,0.51,0.03,سُؤَالٌ
0.991722,0.69,0.51,مِنْ
0.688024,1.168854,0.69,مُرَاسِلٍ
