conf,end,start,word
0.808604,0.6,0.54,مِنْ
0.795917,0.959703,0.6,جِهَتِهَا
0.736006,1.17,0.96,قَالَتْ
