conf,end,start,word
0.997726,0.72,0.42,مِنْ
0.918271,1.17,0.720074,إِقْرَارِ
