conf,end,start,word
0.979302,0.48,0.031489,عَدَدٌ
1.0,0.69,0.480621,مِنْ
0.998146,0.961098,0.69,أَعْضَاءِ
0.351305,1.17,0.961098,ٱلْوَفْدِ
