conf,end,start,word
0.994282,0.51,0.03,قَادِمَةٌ
0.999896,0.63,0.51,مِنْ
0.945134,0.981507,0.63,مَطَارِ
0.130812,1.14,0.99,بَغْدَادَ
