conf,end,start,word
0.963665,0.48,0.03,تِسْعَةٌ
1.0,0.68992,0.48,مِنْ
0.659003,1.109699,0.69,مُسَلَّحِينَ
