conf,end,start,word
0.928221,0.51,0.24,وَذَلِكَ
1.0,0.63,0.511672,مِنْ
0.960071,0.87,0.63,أَجْلِ
0.998935,1.169843,0.87,دَفْعِ
