conf,end,start,word
0.34593,0.537181,0.03,عَشَرَةٌ
0.993052,0.630017,0.537181,مِنَ
0.670342,0.953535,0.630017,ٱلْقُوَى
0.37205,1.17,0.96,ٱثَّوْرِيَّةِ
