conf,end,start,word
0.979684,0.63,0.54,مِنْ
0.980281,0.963158,0.63,جَانِبِهِ
