conf,end,start,word
0.53407,0.33,0.031261,إِلَى
0.994891,0.840314,0.330885,مِنْطَقَةِ
0.4539,1.138556,0.840314,ٱلْقُصَيْرِ
