conf,end,start,word
0.981716,0.780002,0.341587,مِنْطَقَةُ
0.062214,1.17,0.780002,ٱلْمُعَاصَرَةِ
