conf,end,start,word
0.985581,0.509737,0.061759,لِيبْيَا
0.989143,0.629909,0.51,مِنْ
0.378646,1.0504,0.63,حُدُودِنَا
