conf,end,start,word
0.566325,0.638161,0.51,مِنْ
0.332223,1.102784,0.638161,ثَلَاثَةِ
