conf,end,start,word
0.861084,0.45,0.03,قَلَّلَ
0.995045,0.63,0.450064,مِنَ
0.586135,1.063499,0.630026,ٱثِّقَةِ
