conf,end,start,word
0.630427,0.510191,0.0,ٱنْتَظَرَ
0.974664,0.659989,0.510191,مِنَ
0.903071,1.066563,0.659989,ٱلْأَطْرَافِ
