conf,end,start,word
0.888279,0.359781,0.180298,فِي
0.970755,0.81,0.359809,مِنْطَقَةِ
0.310116,1.17,0.81,سَلْمَى
