conf,end,start,word
0.698321,0.720226,0.373987,مِنْطَقَةُ
0.393117,0.867282,0.75,زِيٍّ
0.400619,1.17,0.87,قَانُونِيًّا
