conf,end,start,word
0.996439,0.36,0.064949,فِي
1.0,0.78,0.36,مِنْطَقَةِ
1.0,1.016547,0.78,تَلِّ
0.548589,1.167093,1.018546,أَبِيبَ
