conf,end,start,word
0.99684,0.840059,0.030708,مِنْطَقَةُ
0.471296,1.165107,0.840059,غَرْبٍ
