conf,end,start,word
0.697547,0.319604,0.18,مِنْ
0.998288,0.782687,0.319604,مِنْطَقَةِ
0.230476,1.137704,0.782687,ٱلْقُصَيْرِ
