conf,end,start,word
0.688779,0.325895,0.03,فِي
0.747337,0.810516,0.325895,مِنْطَقَةِ
0.352233,1.160763,0.84,صِرَاعٍ
