conf,end,start,word
0.987495,0.33,0.030622,فِي
0.979929,0.810213,0.33,مِنْطَقَةِ
0.657849,1.139051,0.810213,ٱلْخَلِيجِ
