conf,end,start,word
1.0,0.3,0.030485,فِي
0.928765,0.870462,0.3,مِنْطَقَةِ
0.612795,1.135783,0.870462,ٱلْخَلِيجِ
