conf,end,start,word
0.638472,0.297957,0.060136,فِي
0.81269,0.812235,0.297957,مِنْطَقَةِ
0.104086,1.17,0.812235,ٱطَّعَامِ
