conf,end,start,word
0.581425,0.349917,0.057051,فِي
1.0,0.78013,0.349917,مِنْطَقَةِ
0.218031,1.17,0.78013,ٱلْبُوكِيسْ
