conf,end,start,word
0.980458,0.329903,0.03,فِي
0.988296,0.81119,0.329903,مِنْطَقَةِ
0.292801,1.14,0.81119,ٱلْحَسَكَةِ
