conf,end,start,word
0.706807,0.27,0.030119,فِي
0.999727,0.869274,0.3,مِنْطَقَةٍ
0.212911,1.14,0.87,حُرَّةٍ
