conf,end,start,word
0.949164,0.329416,0.03,فِي
1.0,0.81057,0.329416,مِنْطَقَةِ
0.420506,1.17,0.81057,ٱلْعُنْفِ
