conf,end,start,word
0.996777,0.239979,0.03,عَلَى
0.998875,0.864442,0.239979,مِنْطَقَةٍ
0.125636,1.17,0.87,مَدَنِيَّةٍ
