conf,end,start,word
0.855398,0.41788,0.03,فِي
0.87493,0.796179,0.41788,مِنْطَقَةٍ
0.413886,1.14,0.87,عَازِلَةٍ
