conf,end,start,word
0.962436,0.33,0.12107,فِي
1.0,0.840112,0.33,مِنْطَقَةِ
0.823352,1.17,0.840112,ٱدُّولَابِ
