conf,end,start,word
0.996182,0.329969,0.15,فِي
1.0,0.81,0.329969,مِنْطَقَةِ
0.967234,1.17,0.81,عِرْسَالَ
