conf,end,start,word
0.996834,0.29923,0.03,فِي
0.974408,0.845552,0.3,مِنْطَقَةٍ
