conf,end,start,word
0.998944,0.33,0.031694,إِلَى
1.0,0.810017,0.33,مِنْطَقَةِ
0.388813,1.168993,0.810017,ٱلْبَحْرِ
