conf,end,start,word
0.9974,0.329893,0.03,فِي
0.995371,0.857223,0.329953,مِنْطَقَةٍ
