conf,end,start,word
0.994479,0.841404,0.300342,مِنْطَقَةُ
0.121825,1.169499,0.841404,ٱلْحُدُودِ
