conf,end,start,word
0.874825,0.299088,0.03,قُرْبَ
0.984944,0.87,0.299088,مِنْطَقَةِ
0.956246,1.17,0.87,جِسْرٍ
