conf,end,start,word
0.950748,0.3,0.030966,فِي
1.0,0.869984,0.3,مِنْطَقَةٍ
0.390284,1.169818,0.87,قَرِيبَةٍ
