conf,end,start,word
0.997797,0.33,0.035286,فِي
1.0,0.810143,0.33,مِنْطَقَةِ
0.436575,1.17,0.810143,ٱلْبَلْقَانِ
