conf,end,start,word
0.996909,0.84002,0.292993,مِنْطَقَةُ
0.979639,1.169133,0.84002,ٱلْقُصَيْرِ
