conf,end,start,word
0.683877,0.359689,0.030613,فِي
0.921878,0.750103,0.36,مِنْطَقَةِ
0.45315,1.14,0.750103,ٱلْعُيُونِ
