conf,end,start,word
0.612089,0.36,0.24,فِي
0.610188,0.817607,0.36,مِنْطَقَةِ
0.33805,1.17,0.817607,ٱلْعَازِلَةِ
