conf,end,start,word
0.997642,0.389979,0.215972,فِي
1.0,0.81,0.389979,مِنْطَقَةِ
1.0,0.989924,0.81,أَبُو
0.747811,1.17,0.99,سَلِيمٍ
