conf,end,start,word
0.516641,0.299798,0.15037,فِي
0.988503,0.87,0.299798,مِنْطَقَةِ
1.0,1.17,0.87,عِمْرَانَ
