conf,end,start,word
0.995844,0.780316,0.340685,مِنْطَقَةُ
0.83258,1.17,0.780316,ٱلْمَرْجِ
