conf,end,start,word
0.899557,0.805451,0.300511,مِنْطَقَةٌ
0.127697,1.079998,0.81,يُوجَدُ
