conf,end,start,word
0.825225,0.329691,0.178962,فِي
0.989526,0.772607,0.329691,مِنْطَقَةٍ
