conf,end,start,word
0.551529,0.287185,0.03,مِنْ
1.0,0.837447,0.287185,مِنْطَقَةٍ
0.247094,1.17,0.84,جُغْرَافِيَّةٍ
