conf,end,start,word
0.99556,0.329985,0.161787,فِي
0.756559,0.81,0.329985,مِنْطَقَتَيْ
0.861752,1.17,0.81,كِرِيتِرْ
