conf,end,start,word
0.97913,0.33,0.032507,فِي
0.977066,0.796663,0.33,مِنْطَقَةِ
0.323899,1.16945,0.810494,طَوَالٍ
