conf,end,start,word
0.543296,0.387198,0.0,ٱلَّتِي
0.902233,0.78,0.387198,مِنْطَقَةٌ
0.500146,1.169108,0.78,مَكْشُوفَةٌ
