conf,end,start,word
0.991791,0.27,0.0,أَيُّ
0.99184,0.84004,0.300028,مِنْطَقَةٍ
