conf,end,start,word
1.0,0.329772,0.03,فِي
0.608256,0.84,0.33,مِنْطَقَةٍ
0.307608,1.169521,0.844277,مُهِمَّةٍ
