conf,end,start,word
0.837191,0.358488,0.24,فِي
0.777877,0.779725,0.358488,مِنْطَقَةٍ
0.410677,1.17,0.810165,وَصَعْبَةٍ
