conf,end,start,word
0.999419,0.269995,0.03,فِي
0.994013,0.89799,0.269995,مِنْطَقَةِ
0.211106,1.1685,0.9,شَمَالٍ
