conf,end,start,word
0.998667,0.299987,0.03,فِي
1.0,0.839827,0.299987,مِنْطَقَةِ
0.527482,1.17,0.84,جِبَالٍ
