conf,end,start,word
0.633463,0.358671,0.033762,وَفِي
0.927803,0.803539,0.358671,مِنْطَقَةِ
0.504914,1.139725,0.81,صَافِرٍ
