conf,end,start,word
0.325181,0.387392,0.0,ٱلْعَالَمِ
0.709732,0.839443,0.387392,مِنْطَقَةَ
0.908408,1.084242,0.84,تَلٍّ
