conf,end,start,word
0.970246,0.317339,0.03,عَلَى
0.587342,0.822548,0.33,مِنْطَقَةٍ
