conf,end,start,word
0.578906,0.240649,0.03,فِي
0.931532,0.840308,0.27,مِنْطَقَةٍ
