conf,end,start,word
0.961433,0.389861,0.003723,أَنَّ
0.995553,0.780732,0.389934,مِنْطَقَةَ
0.22158,1.169053,0.780732,ٱلْحَمْزَةِ
