conf,end,start,word
1.0,0.3,0.03,فِي
0.978898,0.811204,0.3,مِنْطَقَةِ
0.866897,1.166747,0.811204,ٱشَّيْخِ
