conf,end,start,word
0.992591,0.870762,0.049499,مِنْطَقَةُ
0.313568,1.17,0.870762,ٱلْجَوْلَانِ
