conf,end,start,word
0.882028,0.329008,0.034084,فِي
0.956199,0.832797,0.329008,مِنْطَقَةٍ
0.460314,1.152912,0.84,شَاسِعَةٍ
