conf,end,start,word
0.99208,0.33,0.032364,فِي
1.0,0.783755,0.33,مِنْطَقَةِ
0.433745,1.132152,0.783755,ٱرَّمَادِي
