conf,end,start,word
0.644606,0.894911,0.24,مِنْطَقَتَيْ
0.4149,1.14,0.894911,لَدَى
