conf,end,start,word
0.938136,0.3296,0.210095,فِي
0.985173,0.835808,0.3296,مِنْطَقَةِ
0.627693,1.14,0.84,عِرْسَالَ
