conf,end,start,word
0.629643,0.385185,0.0,ٱعْتَبَرُوا
0.996258,0.840603,0.385185,مِنْطَقَةَ
0.651088,1.169813,0.840603,ٱلْبُرَيْقَةِ
