conf,end,start,word
0.979042,0.389671,0.251297,فِي
1.0,0.78,0.389671,مِنْطَقَةِ
0.995384,1.14,0.78,ٱلْخَلِيجِ
