conf,end,start,word
0.721659,0.272479,0.031015,فِي
0.940482,0.81,0.272479,ٱلْمِنْطَقَةِ
