conf,end,start,word
1.0,0.33,0.03,فِي
0.791588,0.81,0.33,مِنْطَقَةِ
0.984809,0.989131,0.81,بَابِ
0.178676,1.14,0.99,ٱشَّمْسِ
