conf,end,start,word
0.731541,0.236432,0.03,صَالِحٍ
0.995435,0.360068,0.236432,فِي
0.998592,0.78,0.360068,مِنْطَقَةِ
0.153754,1.139837,0.78,فِرْجِينْيَا
