conf,end,start,word
0.998691,0.389468,0.03,عَلَى
0.982291,0.810076,0.38996,مِنْطَقَةِ
0.948016,1.085331,0.810076,ٱشَّرْقِ
