conf,end,start,word
0.987811,0.329931,0.15,فِي
0.997733,0.835571,0.329973,مِنْطَقَةِ
0.384982,1.11,0.84,ٱسَّاحِلِ
