conf,end,start,word
0.989421,0.328716,0.03,فِي
0.948214,0.815641,0.329878,مِنْطَقَةٍ
