conf,end,start,word
0.509307,0.354003,0.03,فِي
0.863599,0.899076,0.354003,مِنْطَقَةٍ
