conf,end,start,word
0.402849,0.297303,0.03,لَا
0.997814,0.854044,0.297303,مِنْطَقَةَ
0.606961,1.17,0.87,أَزْوَادٍ
