conf,end,start,word
0.965946,0.298852,0.03,فِي
0.793365,0.75,0.299433,مِنْطَقَةٍ
