conf,end,start,word
0.524123,0.383177,0.003387,أَفْهَمُ
0.911017,0.84069,0.383177,مِنْطَقَةَ
0.744237,1.045738,0.84069,أَبُو
0.295513,1.17,1.05,غُرَيْبٍ
