conf,end,start,word
1.0,0.35992,0.09,فِي
0.99733,0.811743,0.36,مِنْطَقَةِ
0.236579,1.14,0.811743,ٱلْمَرْأَةِ
