conf,end,start,word
0.99635,0.329952,0.03,فِي
0.846962,0.839964,0.329952,مِنْطَقَةٍ
0.32588,1.17,0.848399,خَشْيَةَ
