conf,end,start,word
0.982587,0.845526,0.000761,ٱلْمِنْطَقَةُ
0.336285,1.14,0.870472,سْكُودْ
