conf,end,start,word
0.783749,0.299278,0.031575,فِي
0.7911,0.78,0.299278,مِنْطَقَةِ
0.594649,1.17,0.9,عَيْنٍ
