conf,end,start,word
0.665184,0.351714,0.03,فِي
1.0,0.81,0.351714,مِنْطَقَةِ
0.546792,1.17,0.81,فَرْدَا
