conf,end,start,word
0.882719,0.359701,0.031368,فِي
0.94133,0.81,0.359701,مِنْطَقَةٍ
