conf,end,start,word
1.0,0.33,0.030267,إِلَى
0.999331,0.836821,0.33,مِنْطَقَةٍ
0.230706,1.14,0.84,قَانُونِيٍّ
