conf,end,start,word
0.875869,0.358716,0.035011,فِي
0.938046,0.781717,0.358716,مِنْطَقَةِ
0.14736,1.17,0.781717,ٱلْمَدْفُونَةِ
