conf,end,start,word
0.99333,0.389073,0.24,فِي
0.934542,0.78,0.389884,مِنْطَقَةٍ
