conf,end,start,word
0.84887,0.387116,0.180753,فِي
0.996947,0.81834,0.387116,مِنْطَقَةٍ
