conf,end,start,word
0.911552,0.360017,0.03,ضَرْبُ
0.997371,0.81,0.360017,مِنْطَقَةٍ
