conf,end,start,word
1.0,0.300004,0.03,فِي
0.98031,0.84,0.300004,مِنْطَقَةِ
0.372216,1.042574,0.84,مُورِكْ
