conf,end,start,word
0.998377,0.299984,0.03,إِلَى
1.0,0.87,0.299984,مِنْطَقَةٍ
0.883323,1.169006,0.87,قَرِيبَةٍ
