conf,end,start,word
0.991473,0.359903,0.03,فِي
0.994925,0.78,0.359903,مِنْطَقَةِ
0.23089,1.17,1.05,يُونُسَ
