conf,end,start,word
0.996573,0.36,0.06,قُرْبَ
1.0,0.81,0.360035,مِنْطَقَةِ
0.549119,1.169152,0.81,ٱسَّاحِلِ
