conf,end,start,word
0.978981,0.359866,0.18,فِي
0.982572,0.809172,0.359866,مِنْطَقَةِ
0.206243,1.14,0.810782,صَرْوَةٍ
