conf,end,start,word
0.932595,0.3294,0.09,فِي
0.943496,0.839621,0.33,مِنْطَقَةٍ
0.191128,1.11,0.84,مُعَيَّنَةٍ
