conf,end,start,word
0.890792,0.782246,0.346934,مِنْطَقَةُ
0.350792,1.139616,0.782246,ٱلْكِسْوَةِ
