conf,end,start,word
0.756565,0.844254,0.375399,مِنْطَقَةُ
0.358074,1.17,0.87,سِينَاءَ
