conf,end,start,word
0.94996,0.36,0.270218,فِي
0.751444,0.811107,0.36,مِنْطَقَةِ
0.664031,1.121009,0.811107,ٱلْخَلِيجِ
