conf,end,start,word
0.879752,0.810072,0.347983,مِنْطَقَةُ
0.167697,1.137908,0.810072,ٱلْمِزَّةِ
