conf,end,start,word
0.82022,0.327748,0.03,فِي
0.990606,0.75,0.327748,مِنْطَقَةٍ
