conf,end,start,word
0.763609,0.35826,0.211347,فِي
1.0,0.81,0.35826,مِنْطَقَةِ
0.826107,1.04896,0.81,وَادِي
0.288651,1.17,1.05,عَرَبَةَ
