conf,end,start,word
0.879586,0.359327,0.243389,فِي
1.0,0.80798,0.359327,مِنْطَقَةِ
0.544559,1.169288,0.81,ٱلْقُصَيْرِ
