conf,end,start,word
0.998571,0.299985,0.03,فِي
0.990179,0.82915,0.299985,مِنْطَقَةٍ
