conf,end,start,word
0.998728,0.781527,0.33085,مِنْطَقَةُ
0.038878,1.14,0.781527,ٱلْمُعَاصِرِ
