conf,end,start,word
0.550433,0.261462,0.0,ٱلْجَيْشِ
0.985295,0.389363,0.261462,فِي
0.960835,0.783495,0.389861,مِنْطَقَةِ
0.208468,1.113853,0.783495,ٱلْمَلَّاحِ
