conf,end,start,word
0.583546,0.327629,0.038423,فِي
0.693239,0.821062,0.327629,مِنْطَقَةٍ
