conf,end,start,word
0.821311,0.415649,0.180112,فِي
0.99407,0.752933,0.415649,مِنْطَقَةِ
0.59505,1.17,0.752933,ٱلْفَاسِدِينَ
