conf,end,start,word
0.996861,0.329954,0.06,عَلَى
0.993169,0.839955,0.329954,مِنْطَقَةٍ
0.249572,1.09491,0.84,غَيْرِ
