conf,end,start,word
0.956176,0.750168,0.363742,مِنْطَقَةُ
0.753303,1.169686,0.750168,ٱلْخَاسِرِ
