conf,end,start,word
0.993317,0.36,0.03,عَلَى
0.923656,0.811007,0.36,مِنْطَقَةِ
0.163785,1.167981,1.107981,بَلْ
