conf,end,start,word
0.981129,0.389812,0.198404,فِي
0.993076,0.779836,0.389812,مِنْطَقَةِ
0.996063,1.17,0.780172,كِرِيتِرْ
