conf,end,start,word
0.328361,0.3,0.0,إِتِّفَاقُ
0.879525,0.840014,0.304855,مِنْطَقَةِ
0.19583,1.169433,0.843038,خَفْضٍ
