conf,end,start,word
0.970996,0.36,0.032031,فِي
0.966512,0.811937,0.36,مِنْطَقَةِ
0.364584,1.16762,0.811937,ٱسَّلْمَانِيِّ
