conf,end,start,word
1.0,0.3,0.03,فِي
1.0,0.810296,0.3,مِنْطَقَةِ
0.174388,1.12249,0.937162,غَزَّةَ
