conf,end,start,word
0.998848,0.323812,0.03,عَلَى
0.791648,0.837971,0.33,مِنْطَقَةٍ
0.35663,1.17,0.84,حُدُودِيَّةٍ
