conf,end,start,word
0.64533,0.840016,0.031305,بِمِنْطَقَةِ
0.213545,1.14,0.840016,عَسْكَرٍ
