conf,end,start,word
0.879175,0.326926,0.048951,فِي
0.705391,0.801235,0.326926,مِنْطَقَةٍ
