conf,end,start,word
0.954425,0.329767,0.03,فِي
0.574035,0.87,0.329767,مِنْطَقَتَيْ
