conf,end,start,word
0.968489,0.330065,0.03,شَهِدَتْ
0.820743,0.770539,0.330065,مِنْطَقَةُ
0.200947,1.17,0.782171,كِرِيتِرْ
