conf,end,start,word
0.854097,0.388775,0.03,كِرِيفِي
0.980731,0.78,0.389759,مِنْطَقَةِ
0.991643,1.169779,0.78,ٱلْقَلَمُونِ
