conf,end,start,word
0.985536,0.359992,0.031,إِلَى
0.984983,0.780482,0.359992,مِنْطَقَةِ
0.320667,1.137827,0.780482,ٱلْحُولَةِ
