conf,end,start,word
0.988296,0.35971,0.21,فِي
0.981294,0.81,0.35971,مِنْطَقَةِ
0.877619,1.161775,0.81,أَرْحَبَ
