conf,end,start,word
0.965456,0.329459,0.066547,فِي
1.0,0.87,0.329459,مِنْطَقَةٍ
