conf,end,start,word
1.0,0.359979,0.06,فِي
0.99401,0.811315,0.36,مِنْطَقَةِ
0.671745,1.14,0.811315,ٱلْبُرَيْقَةِ
