conf,end,start,word
0.851727,0.359,0.041529,فِي
0.850389,0.780501,0.36,مِنْطَقَةِ
0.459051,1.17,0.780501,ٱلْمَعْزُولَةِ
