conf,end,start,word
0.794807,0.359746,0.070315,فِي
1.0,0.75,0.359746,مِنْطَقَةِ
1.0,1.10985,0.75,ٱشَّرْقِ
