conf,end,start,word
0.991022,0.299938,0.09,فِي
0.746382,0.84,0.299938,مِنْطَقَتَيْ
0.498444,1.11,0.84,كِرِيتِرْ
