conf,end,start,word
0.713653,0.32992,0.214968,فِي
0.71349,0.870013,0.32992,مِنْطَقَتَيِ
0.220015,1.17,0.870013,ٱسِّنِّ
