conf,end,start,word
0.762721,0.21,0.03,مَا
0.995498,0.329852,0.21,فِي
0.995099,0.84,0.329852,مِنْطَقَةِ
0.313455,1.17,0.87,ٱلْبَلْقَانِ
