conf,end,start,word
0.602875,0.324526,0.031212,فِي
1.0,0.81,0.324526,مِنْطَقَةِ
0.562301,1.109799,0.81,حِمْصَ
