conf,end,start,word
0.974203,0.359233,0.21,فِي
0.955232,0.811166,0.35987,مِنْطَقَةِ
0.34202,1.108297,0.811166,ٱلْحَسَكَةِ
