conf,end,start,word
0.52063,0.36,0.03,عَرَضَتْ
0.508967,0.743527,0.36,مَوَاقِعُ
0.481001,1.055087,0.767837,تَنْظِيمِ
0.520886,1.17,1.055087,دَاعِشْ
