conf,end,start,word
0.923881,0.81,0.330137,مَوَاقِعُ
0.867092,1.168229,0.81,مُهِمَّةٌ
