conf,end,start,word
0.902574,0.328997,0.052572,فِي
1.0,0.829527,0.328997,مِنْطَقَةِ
0.187169,1.17,0.829527,ٱثَّرْثَارِ
