conf,end,start,word
0.998538,0.33,0.06,عَنْ
0.97806,0.836007,0.33,مَوَاقِعِ
0.263413,1.17,0.96,ٱلْأَنْفَاقِ
