conf,end,start,word
0.570194,0.328237,0.03,بِعِدَّةِ
0.897346,0.84,0.328237,مَوَاقِعَ
