conf,end,start,word
0.864525,0.900187,0.212793,مَوَاقِعُ
0.220184,1.17,0.900187,لِثُّوَّارِ
