conf,end,start,word
0.995539,0.389936,0.03,إِلَى
1.0,0.78,0.389936,مَوَاقِعَ
0.982578,1.107171,0.78,مُخْتَلِفَةٍ
