conf,end,start,word
0.921127,0.33,0.0,أَنَّ
0.973087,0.85213,0.33,مَوَاقِعَ
0.287789,1.17,0.87,تَابِعَةً
