conf,end,start,word
0.358487,0.33,0.0,أَضَافَتْ
0.982521,0.811153,0.330117,مَوَاقِعُ
0.383981,1.17,0.811153,لِمُسَلَّحِينَ
