conf,end,start,word
0.825954,0.780317,0.03,وَلِمَوَاقِعِ
0.542387,1.162383,0.780317,تَنْظِيمٍ
