conf,end,start,word
0.496146,0.36,0.03,تَسْتَهْدِفُ
0.908899,0.810002,0.361518,مَوَاقِعَ
0.178076,1.14,0.810002,لِتَنْظِيمِ
