conf,end,start,word
1.0,0.33,0.03,عَلَى
0.549467,0.842252,0.33,مَوَاقِعَ
0.296883,1.10435,0.842252,كَانَ
