conf,end,start,word
0.615974,0.328828,0.0,ٱلَّتِي
0.903843,0.839757,0.330246,مَوَاقِعُ
0.983462,1.169548,0.87,جَدِيدَةٌ
