conf,end,start,word
0.994102,0.78,0.300109,مَوَاقِعُ
0.490732,1.08004,0.81,دَاخِلَ
0.185682,1.17,1.08004,مِصْرَ
