conf,end,start,word
1.0,0.33,0.03,عَلَى
0.989412,0.821369,0.33,مَوَاقِعَ
0.305581,1.053195,0.84,طَيِّبْ
