conf,end,start,word
1.0,0.3,0.03,عَلَى
1.0,0.810773,0.3,مَوَاقِعَ
0.871755,0.988423,0.810773,فِي
0.411271,1.169439,0.989719,سُورْيَا
