conf,end,start,word
1.0,0.33,0.09,عَلَى
0.789813,0.839827,0.33,مَوَاقِعَ
0.207432,1.168851,0.84,تَسْتَطِيعُ
