conf,end,start,word
0.918052,0.81,0.03,مَوَاقِعُ
0.862322,1.168672,0.810402,لِتَنْظِيمِ
