conf,end,start,word
1.0,0.36,0.030291,عَلَى
1.0,0.780307,0.36,مَوَاقِعَ
0.961271,0.930757,0.780307,فِي
0.152347,1.17,0.930757,مُحَافَظَةِ
