conf,end,start,word
0.651928,0.299999,0.03,قَصَفَتْ
0.597058,0.87,0.299999,مَوَاقِعَ
0.959404,1.016549,0.87,فِي
0.102824,1.17,1.02,ٱلْيَمَنْ
