conf,end,start,word
1.0,0.419825,0.031741,عَلَى
0.987749,0.769939,0.42,مَوَاقِعِ
0.305007,1.109799,0.78,ٱلْمِيلِيشْيَا
