conf,end,start,word
0.509457,0.328509,0.0,أَيَّةُ
1.0,0.81,0.328509,مَوَاقِعَ
0.992763,1.151925,0.81,تَابِعَةٍ
