conf,end,start,word
0.614235,0.45,0.063249,عِلْمٌ
0.761189,0.78,0.45,وَاقِعٌ
0.779014,1.139887,0.78,عَسْكَرِيٌّ
