conf,end,start,word
0.987876,0.329866,0.03,عَلَى
1.0,0.841118,0.329866,مَوَاقِعَ
0.212816,1.17,0.841118,وَنَقُولُ
