conf,end,start,word
0.952621,0.870019,0.27,مَوَاقِعُ
0.380002,1.17,0.870019,لِتَنْظِيمِ
