conf,end,start,word
0.989207,0.3,0.03,عَلَى
1.0,0.840308,0.3,مَوَاقِعَ
0.889662,1.166343,0.840308,لِحِزْبٍ
