conf,end,start,word
1.0,0.33,0.03,عَلَى
1.0,0.81052,0.33,مَوَاقِعِ
0.76885,1.050423,0.81052,حِزْبِ
0.537134,1.17,1.050423,ٱلَّهِ
