conf,end,start,word
0.987153,0.87,0.224568,مَوَاقِعُ
0.844648,1.17,0.870045,جَدِيدَةٌ
