conf,end,start,word
0.905272,0.347368,0.033419,مِنْ
1.0,0.810148,0.347368,مَوَاقِعَ
0.973257,1.14,0.810148,لَهُمْ
