conf,end,start,word
0.996501,0.839482,0.27,مَوَاقِعُ
0.7484,0.997205,0.84,مَا
