conf,end,start,word
0.852192,0.340885,0.038584,عَلَى
1.0,0.81,0.340885,مَوَاقِعَ
0.816581,1.17,0.81,لِلْحُوثِيِّينَ
