conf,end,start,word
1.0,0.33,0.06,عَلَى
1.0,0.810059,0.33,مَوَاقِعَ
0.979859,1.164027,0.810059,تَابِعَةٍ
