conf,end,start,word
0.97258,0.36,0.0,أَكْبَرُ
1.0,0.8101,0.36017,مَوَاقِعِ
0.97666,1.113338,0.8101,ٱنِّظَامِ
