conf,end,start,word
0.44566,0.35937,0.0,أَمْسِ
0.689319,0.781766,0.35937,مَوَاقِعَ
0.100133,1.17,0.791773,لِلْمُعَارَضَةِ
