conf,end,start,word
0.767666,0.327486,0.0,أَيْضًا
0.999071,0.81,0.327486,مَوَاقِعُ
0.557964,1.14,0.81,مُتَقَدِّمَةٌ
