conf,end,start,word
0.403482,0.40494,0.03,دَوْلَةِ
1.0,0.780007,0.40494,مَوَاقِعِ
0.998018,1.104712,0.780007,ٱتَّوَاصُلِ
