conf,end,start,word
0.467742,0.475146,0.03,حِمًى
0.353405,0.87,0.475146,وَاقِعٌ
0.247887,1.166511,0.883045,تَمَامًا
