conf,end,start,word
1.0,0.38993,0.03,عَلَى
0.9376,0.809957,0.39,مَوَاقِعَ
0.784368,1.169178,0.811104,وَاسِعَةٍ
