conf,end,start,word
0.300607,0.389703,0.0,أَوْلَتْ
0.999715,0.78,0.389703,مَوَاقِعُ
0.999715,1.108041,0.78,إِخْبَارِيَّةٌ
