conf,end,start,word
0.952227,0.38863,0.030424,عَلَى
1.0,0.78,0.38863,مَوَاقِعِ
0.874889,1.100289,0.78,مِيلِيشْيَا
