conf,end,start,word
0.655262,0.810019,0.000706,ٱلْمَوَاقِعُ
0.359354,1.14,0.810019,إِخْبَارِيَّةٌ
