conf,end,start,word
0.802696,0.328297,0.03,فِي
0.965844,0.838929,0.328297,مَوَاقِعَ
0.146955,1.17,0.84,لِثُّوَّارِ
