conf,end,start,word
0.968026,0.329955,0.03,يَوْمَ
1.0,0.81003,0.329955,مَوَاقِعَ
0.997645,1.17,0.81003,لِلْحُوثِيِّينَ
