conf,end,start,word
0.996037,0.36,0.15,عَلَى
1.0,0.78,0.36,مَوَاقِعَ
1.0,1.021221,0.78,لِحِزْبِ
0.930964,1.14,1.021221,ٱلَّهِ
