conf,end,start,word
0.751926,0.33,0.03,تَأْتِي
1.0,0.839438,0.330268,مَوَاقِعُ
0.339398,1.14,0.84,جَدِيدَةٌ
