conf,end,start,word
0.752482,0.417738,0.27,فِي
1.0,0.75,0.417738,مَوَاقِعِ
1.0,1.161231,0.75,ٱتَّوَاصُلِ
