conf,end,start,word
0.895763,0.33,0.03,عِدَّةُ
0.995964,0.84,0.33,مَوَاقِعَ
0.560929,1.13921,0.84,كَانَتْ
