conf,end,start,word
0.812392,0.449946,0.031909,تَمَّ
0.520269,0.87,0.449946,وَاقِعَةٌ
