conf,end,start,word
0.548238,0.328514,0.03,طَالَتْ
0.976668,0.804054,0.328514,مَوَاقِعُ
0.356438,1.14,0.84,إِخْبَارِيَّةٌ
