conf,end,start,word
0.971891,0.269766,0.03,فِي
1.0,0.895614,0.269766,مَوَاقِعَ
0.237822,1.160792,0.9,لَمْ
