conf,end,start,word
0.991317,0.269925,0.03,عَلَى
0.987077,0.870182,0.269925,مَوَاقِعَ
0.430521,1.17,0.9,جَدِيدَةٍ
