conf,end,start,word
0.856325,0.359258,0.032895,عِدَّةُ
0.966047,0.781964,0.359258,مَوَاقِعَ
0.79699,0.988026,0.781964,مِنْ
