conf,end,start,word
0.425185,0.419785,0.03,عُبُورُ
0.996952,0.72,0.425349,نَحْوِ
