conf,end,start,word
1.0,0.3,0.0,أَوْ
0.999233,0.780415,0.3,مَوَاقِعُ
0.977703,1.101615,0.780415,عَفْوً
