conf,end,start,word
0.743367,0.212972,0.03,مِنْ
0.937156,0.42,0.212972,أَنَّ
1.0,0.72,0.421348,نَحْوَ
