conf,end,start,word
0.804793,0.42,0.0,أَصَابَتْ
0.999543,0.72,0.420327,نَحْوَ
0.77744,1.076289,0.72,عِشْرِينَ
0.228411,1.167942,1.077942,سَنَةً
