conf,end,start,word
0.925906,0.42,0.03,وَأُصِيبَ
1.0,0.723532,0.45,نَحْوُ
0.76495,1.013771,0.723532,عِشْرِينَ
0.223274,1.13769,1.013771,أَلْفًا
