conf,end,start,word
0.963369,0.36,0.03,عَامٍ
1.0,0.779429,0.36,نَحْوَ
0.678044,1.139739,0.81,مَلْيُونِ
