conf,end,start,word
0.177065,0.446227,0.0,ٱلْبَنَّا
0.997203,0.72,0.446227,نَحْوَ
0.482824,1.111551,0.75,خَمْسَةِ
