conf,end,start,word
0.569879,0.42,0.03,عَسْكَرِيَّةٌ
0.999916,0.75,0.420494,نَحْوَ
0.908045,1.056154,0.75,مَطَارِ
