conf,end,start,word
0.271835,0.386367,0.03,عَلَاقَةٌ
1.0,0.780908,0.386367,نَحْوَ
0.803829,1.082085,0.780908,مَزِيدٍ
0.633533,1.14,1.082085,مِنْ
