conf,end,start,word
0.995427,0.39,0.03,قُتِلَ
1.0,0.75,0.39,نَحْوُ
0.497474,1.071677,0.75,مِائَةٍ
