conf,end,start,word
1.0,0.815522,0.360939,نَحْوَ
0.438843,1.164169,0.815522,ٱذَّهَابِ
