conf,end,start,word
0.583513,0.48,0.03,تَقَدُّمٌ
1.0,0.719961,0.487451,نَحْوَ
0.99449,1.05348,0.72,مَدِينَةِ
