conf,end,start,word
0.417126,0.428328,0.03,فَإِنَّ
1.0,0.75,0.428328,نَحْوَ
0.307909,1.050218,0.75,خَمْسَةِ
