conf,end,start,word
0.273554,0.15,0.0,أَيْ
0.991252,0.72,0.42,نَحْوَ
0.95167,1.167232,0.749724,ثُلُثَيْ
