conf,end,start,word
0.937105,0.449753,0.03,قُدُمًا
0.99284,0.72,0.449753,نَحْوَ
0.934013,1.107982,0.72,ٱتَّصْوِيتِ
