conf,end,start,word
0.830753,0.44999,0.03,مُعَانَاةُ
0.999732,0.72,0.45,نَحْوِ
0.473101,1.0127,0.775086,أَلْفِ
