conf,end,start,word
0.818938,0.42,0.03,وَٱلَّتِي
1.0,0.75034,0.42,نَحْوَ
0.466941,1.167667,0.75034,ٱتَّطْبِيعِ
