conf,end,start,word
1.0,0.720281,0.420167,نَحْوَ
0.978879,1.020638,0.720574,مَلْيُونِ
0.868341,1.14,1.020638,نَسَمَةٍ
