conf,end,start,word
0.896845,0.42,0.03,وَأُصِيبَ
1.0,0.75,0.42,نَحْوُ
0.80322,1.080548,0.75,عِشْرِينَ
0.302886,1.17,1.080548,أَلْفًا
