conf,end,start,word
0.954282,0.42,0.03,قُتِلَ
1.0,0.721704,0.42,نَحْوُ
0.778086,1.072687,0.721704,عِشْرِينَ
0.280793,1.17,1.08,أَلْفًا
