conf,end,start,word
0.406584,0.389734,0.0,ٱلْقَوَائِمِ
0.994812,0.690002,0.39,نَحْوَ
0.67234,1.05151,0.72,خَمْسَةِ
0.216311,1.17,1.05151,آلَافٍ
