conf,end,start,word
0.779573,0.42,0.030669,ضَمُّ
1.0,0.690375,0.420069,نَحْوِ
0.93356,1.02339,0.690803,مَلْيُونِ
0.639102,1.17,1.02339,نَسَمَةٍ
