conf,end,start,word
1.0,0.720012,0.36,نَحْوَ
0.779814,1.050865,0.720012,ٱمْتِلَاكِ
0.339344,1.17,1.050865,سِلَاحٍ
