conf,end,start,word
0.769319,0.39,0.03,وَأُصِيبَ
1.0,0.690875,0.391354,نَحْوُ
0.639871,0.997147,0.690875,مِئَةٍ
0.264768,1.17,0.997147,بِٱلْمِئَةِ
