conf,end,start,word
0.693281,0.45,0.03,وُصُولُ
1.0,0.72,0.450778,نَحْوِ
0.705489,1.059134,0.75,خَمْسَةِ
