conf,end,start,word
0.814855,0.419916,0.03,شَارَكَتْ
0.982788,0.72,0.420241,نَحْوَ
