conf,end,start,word
0.917857,0.78,0.420297,نَحْوَ
0.67802,1.109543,0.81,رِيفِ
