conf,end,start,word
0.797167,0.436463,0.03,بِأَنَّ
0.998767,0.75,0.436463,نَحْوَ
