conf,end,start,word
0.703203,0.45,0.029667,أَنَّ
0.997361,0.72,0.458652,نَحْوَ
0.65018,1.024634,0.72,سِتِّينَ
0.283849,1.109354,1.024634,سَنَةً
