conf,end,start,word
0.406828,0.45,0.0,أَمْرِيكِيَّةٌ
1.0,0.66,0.450072,نَحْوَ
0.719341,1.018667,0.69,ثَمَانِيَةِ
0.382997,1.17,1.020112,أَشْهُرٍ
