conf,end,start,word
0.995424,0.269927,0.03,نَرَى
1.0,0.48,0.269927,عَلَى
1.0,0.69,0.48,نَحْوِ
0.49239,1.07803,0.72,أَرْبَعِينَ
0.436292,1.168972,1.078972,أَلْفًا
