conf,end,start,word
0.782917,0.48,0.03,مَقْتَلُ
1.0,0.740657,0.48,نَحْوِ
0.592821,1.066665,0.75,عِشْرِينَ
0.262227,1.168552,1.076948,سَنَةً
