conf,end,start,word
0.675079,0.416161,0.03,بَعْدِي
1.0,0.86994,0.416161,نَحْوَ
