conf,end,start,word
0.972847,0.45,0.03,قَدَّمُوا
1.0,0.715138,0.45,نَحْوَ
0.599225,1.048185,0.721897,شَهْرَيْنِ
