conf,end,start,word
0.920644,0.416621,0.03,إِنَّ
0.998411,0.78,0.416621,نَحْوَ
