conf,end,start,word
0.765298,0.42,0.03,بِأَنَّ
0.999866,0.724998,0.42415,نَحْوَ
0.579539,1.079148,0.724998,عِشْرِينَ
0.231159,1.17,1.08,أَلْفًا
