conf,end,start,word
0.997235,0.449801,0.0,أَنَّ
1.0,0.75,0.449801,نَحْوَ
