conf,end,start,word
1.0,0.78164,0.36,نَحْوَ
0.534616,1.139368,0.78164,عَشَرَةِ
