conf,end,start,word
0.72114,0.42,0.06,ضَغْطٌ
1.0,0.720023,0.450579,نَحْوَ
0.985511,1.091759,0.720023,ٱذَّهَابِ
