conf,end,start,word
0.936364,0.75,0.432376,نَحْوَ
0.73471,1.052557,0.75,سِتِّينَ
0.457502,1.17,1.052557,عَامًا
