conf,end,start,word
0.644141,0.449966,0.031534,مِمَّا
1.0,0.749559,0.449966,نَحْوَ
0.982531,1.17,0.75,تِسْعَةِ
