conf,end,start,word
1.0,0.45,0.03,وَأُصِيبَ
1.0,0.72,0.45,نَحْوُ
0.700493,1.047283,0.72,سِتِّينَ
0.333086,1.138905,1.048905,سَنَةً
