conf,end,start,word
0.996083,0.36,0.03,قُتِلَ
1.0,0.738389,0.42,نَحْوُ
0.537786,1.136173,0.75,سِتِّينَ
