conf,end,start,word
0.738898,0.331538,0.0,ٱلْجَزِيرَةِ
0.874346,0.448017,0.331538,إِلَى
0.99948,0.72,0.448017,نَحْوِ
0.638722,1.021973,0.72,سِتِّينَ
0.416874,1.14,1.021973,عَامًا
