conf,end,start,word
0.312448,0.36,0.03,جُرِحَ
1.0,0.75,0.390051,نَحْوُ
0.732896,1.052607,0.75,عِشْرِينَ
0.341019,1.17,1.052607,عَامًا
