conf,end,start,word
0.56972,0.183797,0.03,مِنْ
0.999487,0.48,0.183797,بَيْنِ
1.0,0.72,0.480015,نَحْوِ
