conf,end,start,word
0.759499,0.42,0.03,تَعَرَّضَ
1.0,0.719852,0.45,نَحْوُ
0.54267,1.139643,0.72,مِائَةٍ
