conf,end,start,word
0.581796,0.42,0.00262,أَنَّ
1.0,0.72,0.429276,نَحْوَ
0.679653,1.125254,0.75,خَمْسَةِ
