conf,end,start,word
0.626613,0.36,0.03,حَلَبَ
0.985185,0.78,0.418029,نَحْوَ
0.732543,1.05505,0.81,خَمْسَةِ
0.286545,1.17,1.05505,آلَافٍ
