conf,end,start,word
0.796973,0.420388,0.03,جُثَثُ
0.989704,0.72,0.45,نَحْوِ
