conf,end,start,word
1.0,0.45,0.0,ٱلْحُوثِيِّ
1.0,0.720325,0.45,نَحْوَ
0.800156,1.050875,0.720325,عَشَرَةِ
0.240176,1.17,1.050875,آلَافٍ
