conf,end,start,word
0.508411,0.18,0.03,عَلَى
0.998581,0.45,0.18,بُعْدِ
1.0,0.72,0.45,نَحْوِ
0.525371,1.005286,0.72,مِائَةِ
0.173619,1.136994,1.046994,أَلْفٍ
