conf,end,start,word
0.275805,0.448009,0.03,مَرَرْنَا
1.0,0.75,0.448009,نَحْوَ
0.948906,1.022178,0.750249,مَلْيُونِ
0.684671,1.14,1.022178,نَسَمَةٍ
