conf,end,start,word
0.656944,0.45,0.03,إِسْرَائِيلِيَّةٌ
1.0,0.723218,0.45,نَحْوَ
0.760653,1.169757,0.723218,عِشْرِينَ
