conf,end,start,word
1.0,0.45,0.03,قُتِلَ
1.0,0.69,0.45,نَحْوُ
0.972152,1.025473,0.72,خَمْسَةَ
0.219528,1.1392,1.0492,عَشَرَ
