conf,end,start,word
0.441381,0.476485,0.0,ٱلْمُصِيبَةُ
1.0,0.72,0.476485,نَحْوَ
0.871474,1.055328,0.75,خَمْسِينَ
0.2159,1.17,1.055328,عَامًا
