conf,end,start,word
0.736934,0.449931,0.0,أَنَّ
0.998317,0.69,0.45055,نَحْوَ
