conf,end,start,word
0.627541,0.42,0.03,وَأُصِيبَ
0.996834,0.72,0.42,نَحْوُ
0.772112,1.079351,0.72,عِشْرِينَ
