conf,end,start,word
0.655203,0.411871,0.0,أَنَّ
0.9998,0.75,0.411871,نَحْوَ
0.573808,1.139809,0.75,مِائَةٍ
