conf,end,start,word
0.969436,0.45,0.03,قَتَلَتْ
0.995887,0.706495,0.45,نَحْوَ
