conf,end,start,word
0.939097,0.3,0.03,قُتِلَ
1.0,0.723564,0.42,نَحْوُ
0.732836,1.077182,0.723564,عَشَرَةِ
