conf,end,start,word
0.811916,0.45,0.03,وَٱلْفُوعَةِ
1.0,0.72,0.45,نَحْوَ
0.608164,1.016816,0.72,سِتَّةِ
0.512239,1.14,1.02,أَشْهُرٍ
