conf,end,start,word
0.925982,0.45,0.03,وَإِصَابَةُ
1.0,0.69,0.451619,نَحْوِ
0.897646,1.137836,0.72,خَمْسِينَ
