conf,end,start,word
0.535001,0.446582,0.0,ٱلْحَالِ
0.987699,0.72,0.446582,نَحْوَ
0.538017,1.17,0.75,ثَلَاثِينَ
