conf,end,start,word
0.695911,0.39,0.03,وَأُصِيبَ
0.999555,0.75,0.39,نَحْوُ
0.688288,1.065712,0.75,مِائَةٍ
