conf,end,start,word
0.435123,0.36,0.03,جَرَتْ
1.0,0.78,0.360653,نَحْوَ
0.335713,1.168955,0.78,عِشْرِينَ
