conf,end,start,word
0.988366,0.48,0.03,عَائِلَةٌ
0.983671,0.692917,0.48,نَحْوَ
0.795566,1.063854,0.72,خَمْسِينَ
