conf,end,start,word
0.728581,0.448774,0.03,وَإِصَابَةُ
1.0,0.72,0.448774,نَحْوِ
0.74104,1.096934,0.72,عِشْرِينَ
