conf,end,start,word
0.833587,0.39,0.03,وَأُصِيبَ
1.0,0.75,0.390055,نَحْوُ
0.610156,1.073703,0.78,خَمْسَةِ
