conf,end,start,word
0.867402,0.389754,0.0,ٱسَّائِدِ
0.993062,0.75,0.389754,نَحْوَ
0.77643,1.080311,0.75,خَمْسِينَ
0.362587,1.169867,1.080311,سَنَةً
