conf,end,start,word
0.983332,0.801545,0.330242,نَحْوَ
0.327361,1.14,0.84,خَمْسِمِائَةٍ
