conf,end,start,word
0.90759,0.479484,0.03,سَرَطَانٌ
0.987976,0.702037,0.479484,نَحْوَ
0.55442,1.095719,0.72,خَمْسِينَ
