conf,end,start,word
0.691345,0.45,0.0,أَنَا
0.999765,0.721708,0.45,نَحْوَ
0.747663,1.069358,0.721708,عِشْرِينَ
0.247342,1.169679,1.079679,أَلْفًا
