conf,end,start,word
0.645343,0.39,0.03,خَلَّفَ
1.0,0.75,0.39097,نَحْوَ
0.776006,1.022476,0.75,سِتَّةِ
0.639859,1.14,1.022476,أَشْهُرٍ
