conf,end,start,word
0.985204,0.42,0.031399,مُنْذُ
1.0,0.75,0.449556,نَحْوِ
