conf,end,start,word
1.0,0.45,0.03,وَأُصِيبَ
1.0,0.723224,0.45,نَحْوُ
0.753685,1.076292,0.723224,عِشْرِينَ
