conf,end,start,word
0.398035,0.469621,0.03,قُدُمًا
0.999404,0.779969,0.469621,نَحْوَ
0.909992,1.077005,0.78,مِنْطَقَةِ
