conf,end,start,word
0.60888,0.449901,0.0,أَنَّ
0.997982,0.72,0.45,نَحْوَ
0.704419,1.139301,0.75,خَمْسَةِ
