conf,end,start,word
0.781513,0.419224,0.03,فَإِلَى
1.0,0.75,0.419224,نَحْوِ
0.691491,1.17,0.78,ثَمَانِينَ
