conf,end,start,word
0.218501,0.42,0.0,أَنَّهُ
0.998395,0.75,0.429212,نَحْوَ
0.624883,1.152199,0.75,سَبْعَةِ
