conf,end,start,word
0.477054,0.39,0.0,ٱلْمُرُورِ
1.0,0.712292,0.404957,نَحْوَ
0.601817,1.011271,0.72,سَاحَةِ
