conf,end,start,word
0.772121,0.45,0.0,أُصِيبَ
0.999427,0.69,0.45,نَحْوُ
0.701395,1.03332,0.69,عِشْرِينَ
0.23041,1.17,1.05,عَامًا
