conf,end,start,word
0.896765,0.72,0.229426,نَحْوَ
0.726072,1.162433,0.75,سَبْعَةِ
