conf,end,start,word
0.826757,0.359979,0.03,حَمَاةَ
1.0,0.81,0.359979,نَحْوَ
0.633579,1.14,0.84,خَمْسَةِ
