conf,end,start,word
0.961222,0.44979,0.019662,أَنَّ
0.993267,0.75,0.45,نَحْوَ
1.0,0.990242,0.75,رُبْعِ
0.775938,1.17,0.990242,سَاعَةٍ
