conf,end,start,word
0.629096,0.42,0.03,وَأُصِيبَ
1.0,0.75,0.424646,نَحْوُ
0.711291,1.108642,0.75,مِائَةٍ
