conf,end,start,word
0.240184,0.45,0.03,وَحَرَكَةٌ
0.999011,0.719717,0.451059,نَحْوَ
0.505517,1.11,0.75,حَيٍّ
