conf,end,start,word
0.871079,0.33,0.03,وَعَلَى
0.985392,0.74998,0.364746,نَحْوِ
0.274006,1.14,0.75,مِئَتَيْنِ
