conf,end,start,word
0.337969,0.418722,0.0,أَنَّ
0.933275,0.75,0.42,نَحْوَ
