conf,end,start,word
0.498346,0.4493,0.03,يَخُوضُوا
0.999501,0.748563,0.4493,نَحْوَ
0.781668,1.109185,0.78,أَلْفٍ
