conf,end,start,word
0.998418,0.69,0.45,نَحْوَ
0.546817,1.068571,0.72,خَمْسِينَ
0.182149,1.168981,1.078981,أَلْفًا
