conf,end,start,word
1.0,0.45,0.03,قُتِلَ
1.0,0.72,0.45,نَحْوُ
0.831231,1.072473,0.75,ثَلَاثِينَ
0.225855,1.16976,1.07976,سَنَةً
