conf,end,start,word
0.977283,0.419233,0.03,قُتِلُوا
0.960029,0.750584,0.419233,وَأُصِيبَ
0.718684,1.105578,0.752697,رَابِعَةٌ
