conf,end,start,word
0.974036,0.42,0.061788,مَعَ
1.0,0.83916,0.420646,نَحْوِ
