conf,end,start,word
0.95687,0.779492,0.407353,نَحْوَ
0.912828,1.056665,0.78,مَدِينَةِ
0.421383,1.14,1.056665,تَعِزَّ
