conf,end,start,word
0.263466,0.450011,0.03,فِقْهَهُمْ
0.993303,0.727166,0.450011,نَحْوَ
0.4072,0.989662,0.727166,ٱدُّوَلِ
