conf,end,start,word
0.296905,0.35273,0.0,ٱلْبَيَانُ
1.0,0.78,0.35273,وَأُصِيبَ
0.999664,1.016714,0.78,نَحْوُ
