conf,end,start,word
0.726244,0.358963,0.03,مَدَنِيٌّ
1.0,0.78,0.358963,وَأُصِيبَ
0.993292,1.077501,0.81,خَمْسَةٌ
