conf,end,start,word
0.992196,0.449245,0.03,قُتِلُوا
1.0,0.81,0.449245,وَأُصِيبَ
0.272333,1.037458,0.81,عِدَّةٌ
