conf,end,start,word
0.723882,0.353385,0.03,قُتِلُوا
1.0,0.839922,0.353385,وَأُصِيبَ
0.956825,1.17,0.84,عَشَرَاتٌ
