conf,end,start,word
0.991262,0.36,0.0,أَشْخَاصٌ
0.998546,0.78,0.360525,وَأُصِيبَ
0.510249,1.17,0.78,ٱثْنَانِ
