conf,end,start,word
0.999488,0.81,0.210994,وَأُصِيبَ
0.222104,1.169771,0.810114,أَرْبَعَةٌ
