conf,end,start,word
0.856382,0.433586,0.049267,هُوَ
0.791776,0.871992,0.434195,أُصِيبَ
