conf,end,start,word
0.997878,0.81,0.330437,وَأُصِيبَ
0.148722,1.128733,0.81,وَالِدَا
