conf,end,start,word
1.0,0.75001,0.316342,وَأُصِيبَ
0.999134,1.021508,0.75001,أَكْثَرُ
0.743692,1.079366,1.021508,مِنْ
0.209337,1.17,1.08,مَرَّةٍ
