conf,end,start,word
1.0,0.78,0.33,وَأُصِيبَ
0.999465,1.018644,0.78,أَكْثَرُ
0.651476,1.077009,1.018644,مِنْ
