conf,end,start,word
0.913522,0.840157,0.045142,وَأُصِيبَ
0.696364,1.14,0.840157,ٱلْعَشَرَاتُ
