conf,end,start,word
1.0,0.39,0.03,قُتِلُوا
1.0,0.750846,0.39,وَأُصِيبَ
0.601377,1.064911,0.750846,أَحَدٌ
