conf,end,start,word
0.962154,0.389935,0.03,قُتِلَ
1.0,0.78,0.389935,وَأُصِيبَ
0.816206,1.103277,0.81,سَبْعَةٌ
