conf,end,start,word
0.999161,0.633701,0.0,ٱزَّعِيمُ
0.309801,0.995028,0.633701,ٱشَّعْبُ
