conf,end,start,word
0.849142,0.895316,0.402777,أُصِيبَ
0.247141,1.17,0.929704,ثَلَاثَةٌ
