conf,end,start,word
0.884989,0.385673,0.03,شَخْصًا
1.0,0.810168,0.385673,وَأُصِيبَ
0.954515,1.100504,0.810168,أَثْنَاءَ
