conf,end,start,word
0.97869,0.36,0.03,قُتِلَ
1.0,0.81,0.361279,وَأُصِيبَ
0.783365,1.151418,0.84,آخَرُونَ
