conf,end,start,word
0.513,0.48,0.03,هُوَ
0.50248,0.989464,0.480277,أُصِيبَ
