conf,end,start,word
0.971295,0.33,0.03,قُتِلَ
1.0,0.75,0.33038,وَأُصِيبَ
0.954533,1.106054,0.78,خَمْسَةٌ
