conf,end,start,word
0.909553,0.415818,0.03,قُتِلُوا
1.0,0.780451,0.415818,وَأُصِيبَ
0.942771,1.053528,0.780451,أَرْبَعَةُ
0.416348,1.17,1.053528,أَشْهُرٍ
