conf,end,start,word
0.99497,0.785469,0.3,وَأُصِيبَ
0.388196,1.169452,0.785469,ٱثَّالِثَةُ
