conf,end,start,word
0.574704,0.84,0.004221,ٱلْعَصِيبَةِ
0.828027,1.169139,0.84,شَخْصٌ
