conf,end,start,word
0.880514,0.36,0.03,قُتِلَ
1.0,0.81,0.363585,وَأُصِيبَ
0.497978,1.080653,0.84,ثَلَاثُونَ
