conf,end,start,word
0.836814,0.33136,0.03,فَهُمْ
0.923747,0.81,0.332186,وَأُصِيبَ
0.286774,1.14,0.9,ٱلْعَشَرَاتُ
