conf,end,start,word
0.875939,0.326728,0.06,قُتِلُوا
1.0,0.78,0.326728,وَأُصِيبَ
0.91379,1.064857,0.81,خَمْسَةٌ
