conf,end,start,word
0.462903,0.45,0.03,فَعَلُوا
0.724922,0.758593,0.452046,أُصِيبَ
0.429805,0.99,0.758593,ٱثْنَا
0.465793,1.17,0.99,عَشَرَ
