conf,end,start,word
0.794338,0.419054,0.03,قُتِلُوا
0.998823,0.81,0.419054,وَأُصِيبَ
