conf,end,start,word
0.991674,0.359561,0.03,قُتِلُوا
1.0,0.78,0.359561,وَأُصِيبَ
1.0,1.035233,0.78,أَكْثَرُ
0.723388,1.088352,1.035233,مِنْ
0.278577,1.17,1.088352,مَرَّةٍ
