conf,end,start,word
0.99778,0.75,0.39,وَأُصِيبَ
1.0,0.998483,0.75,نَحْوُ
0.147977,1.17,0.998483,ٱسَّلَامِ
