conf,end,start,word
0.972318,0.389804,0.03,تُرْكِيًّا
1.0,0.78,0.389804,وَأُصِيبَ
0.919249,1.093881,0.84,خَمْسَةٌ
