conf,end,start,word
0.995572,0.389873,0.03,قُتِلُوا
1.0,0.78,0.389873,وَأُصِيبَ
1.0,1.021214,0.78,أَكْثَرُ
0.751723,1.079449,1.021214,مِنْ
0.201255,1.17,1.08,مَرَّةٍ
