conf,end,start,word
0.951182,0.33,0.03,قُتِلَ
1.0,0.78,0.331465,وَأُصِيبَ
0.818484,1.062992,0.78,أَرْبَعَةٌ
