conf,end,start,word
0.364246,0.389487,0.03,بَيَانٌ
1.0,0.81,0.389487,وَأُصِيبَ
0.993625,1.150663,0.81,سَبْعَةٌ
