conf,end,start,word
0.994391,0.87,0.30124,وَأُصِيبَ
0.490035,1.13908,0.87,عِدَّةٌ
