conf,end,start,word
0.493181,0.383295,0.03,قُتِلُوا
0.567685,0.758393,0.383295,وَأُصِيبَ
0.577235,1.14,0.758393,ٱثْنَانِ
