conf,end,start,word
0.269198,0.33,0.03,فَهَلْ
1.0,0.78,0.359541,وَأُصِيبَ
1.0,1.000226,0.78,نَحْوُ
0.294849,1.17,1.000226,ٱسَّلَامِ
