conf,end,start,word
0.99848,0.78,0.300538,وَأُصِيبَ
0.996437,1.003025,0.78,نَحْوُ
0.116794,1.17,1.003025,ٱلْجَنُوبِ
