conf,end,start,word
0.997441,0.81,0.27308,وَأُصِيبَ
0.902988,1.057717,0.84,خَمْسَةُ
0.336729,1.17,1.057717,أَشْهُرٍ
