conf,end,start,word
1.0,0.780065,0.36,وَأُصِيبَ
0.957518,1.169067,0.780065,عَشَرَاتٌ
