conf,end,start,word
0.565279,0.33,0.0,أَشْخَاصٌ
1.0,0.75,0.391665,وَأُصِيبَ
0.998068,1.023802,0.78,خَمْسَةُ
0.477257,1.14,1.023802,أَشْهُرٍ
