conf,end,start,word
0.897222,0.387176,0.03,قُتِلُوا
1.0,0.81,0.387176,وَأُصِيبَ
0.506648,1.150158,0.84,آخَرُ
