conf,end,start,word
0.472966,0.359889,0.03,صُلْحًا
1.0,0.78,0.359889,وَأُصِيبَ
1.0,1.168944,0.81,آخَرُونَ
