conf,end,start,word
0.388624,0.412423,0.03,فِينَا
1.0,0.78,0.412423,وَأُصِيبَ
0.989716,1.06783,0.81,خَمْسَةٌ
