conf,end,start,word
0.538475,0.81,0.282408,وَأُصِيبَ
0.374417,1.169735,0.81,عَشَرَاتٌ
