conf,end,start,word
0.49393,0.29743,0.138416,لَا
0.995797,0.87,0.29743,وَأُصِيبَ
