conf,end,start,word
0.849138,0.33,0.03,صَالِحٌ
1.0,0.81,0.330827,وَأُصِيبَ
0.693865,1.109839,0.84,ثَلَاثُونَ
