conf,end,start,word
0.706439,0.419224,0.03,تَلَوْ
1.0,0.78,0.419224,وَأُصِيبَ
0.986705,1.108495,0.78,عَشَرَاتٌ
