conf,end,start,word
0.986784,0.38962,0.03,قُتِلُوا
1.0,0.78,0.38962,وَأُصِيبَ
0.989753,1.169639,0.81,آخَرُونَ
