conf,end,start,word
0.8536,0.355672,0.03,قُتِلُوا
1.0,0.835345,0.355672,وَأُصِيبَ
0.844827,1.14,0.84,سَبْعَةٌ
