conf,end,start,word
0.795859,0.780013,0.36,وَأُصِيبَ
0.698283,1.02189,0.780053,أَحَدُ
0.257297,1.17,1.02189,أَسْبَابٍ
