conf,end,start,word
0.975319,0.418206,0.03,قُتِلُوا
0.966548,0.809549,0.418206,وَأُصِيبَ
