conf,end,start,word
0.937502,0.840026,0.338846,وَأُصِيبَ
0.39752,1.14,0.87,أَحَدٌ
