conf,end,start,word
1.0,0.78,0.3,وَأُصِيبَ
0.996097,1.072332,0.78,أَكْثَرُ
0.603956,1.130796,1.072332,مِنْ
