conf,end,start,word
0.991953,0.81,0.27,وَذَلِكَ
0.996239,1.063863,0.810048,بَعْدَ
