conf,end,start,word
1.0,0.78,0.33,وَذَلِكَ
0.995109,0.971284,0.78,فِي
0.168937,1.17,0.971284,جَلْسَةٍ
