conf,end,start,word
0.996428,0.750009,0.33,وَذَلِكَ
0.249796,1.14,0.750009,بِتَسْجِيلِ
