conf,end,start,word
0.579071,0.749796,0.33,وَذَلِكَ
0.977225,0.812101,0.749796,فِي
0.881021,0.96229,0.812101,ٱلْيَوْمِ
0.707882,1.14,0.96229,ٱتَّالِي
