conf,end,start,word
1.0,0.7795,0.36,وَذَلِكَ
0.991689,1.107342,0.810504,خِلَالَ
