conf,end,start,word
0.696936,0.39,0.03,وُزَرَاءَ
0.965903,0.750392,0.39,وَذَلِكَ
0.945677,0.869766,0.750392,فِي
