conf,end,start,word
0.878072,0.78,0.39,وَذَلِكَ
0.996093,1.007428,0.78,بَعْدَ
