conf,end,start,word
1.0,0.81,0.33,وَذَلِكَ
0.994676,1.002153,0.81,بَعْدَ
0.434845,1.17,1.002153,ٱلْفَاصِلِ
