conf,end,start,word
0.788121,0.420429,0.03,مُسْتَشْفًى
0.972196,0.75,0.420429,وَذَلِكَ
1.0,0.960123,0.75,بَعْدَ
