conf,end,start,word
0.991274,0.751423,0.36,وَذَلِكَ
0.711852,0.840036,0.751423,مِنْ
0.268406,1.109495,0.840036,جَرَائِمَ
