conf,end,start,word
1.0,0.781044,0.36,وَذَلِكَ
0.94684,1.132061,0.810581,خِلَالَ
