conf,end,start,word
0.889076,0.78,0.36,وَذَلِكَ
1.0,1.020125,0.78,بَعْدَ
0.989137,1.169851,1.020125,يَوْمٍ
