conf,end,start,word
1.0,0.840583,0.27,وَذَلِكَ
0.262425,1.068463,0.840583,بَعْدَ
