conf,end,start,word
0.925968,0.36,0.03,تَعِزَّ
0.997188,0.78,0.36,وَذَلِكَ
0.984632,1.002128,0.78,بَعْدَ
0.291732,1.17,1.002128,ٱلْفَاصِلِ
