conf,end,start,word
0.985675,0.749524,0.36,وَذَلِكَ
0.977921,1.078909,0.78,خِلَالَ
