conf,end,start,word
0.851184,0.36,0.03,مُدُنٍ
0.999629,0.78,0.360889,وَذَلِكَ
0.989604,1.007132,0.78,إِثْرَ
