conf,end,start,word
0.997427,0.75,0.348863,وَذَلِكَ
0.995863,0.990608,0.750021,بَعْدَ
0.566449,1.17,0.990608,ٱثَّوْرَةِ
