conf,end,start,word
0.997558,0.78,0.36,وَذَلِكَ
0.995228,0.93,0.78,فِي
0.264005,1.138121,0.93,مِصْرَ
