conf,end,start,word
0.783204,0.330004,0.0,ٱلْبِلَادِ
0.999001,0.81,0.330004,وَذَلِكَ
0.51797,1.167119,0.81,بِحَسَبِ
