conf,end,start,word
1.0,0.870045,0.27,وَذَلِكَ
0.979003,1.134363,0.870045,بَعْدَ
