conf,end,start,word
0.986639,0.78,0.3,وَذَلِكَ
0.78088,1.022892,0.78,فِيمَا
0.533975,1.17,1.022892,يَتَعَلَّقُ
