conf,end,start,word
0.999867,0.80958,0.36,وَذَلِكَ
0.75717,1.034831,0.84,دُونَ
