conf,end,start,word
0.996725,0.873024,0.27,وَذَلِكَ
0.620354,1.135357,0.873024,إِثْرَ
