conf,end,start,word
1.0,0.780021,0.282895,وَذَلِكَ
0.956483,1.14,0.780021,وِفْقًا
