conf,end,start,word
1.0,0.78,0.39,وَذَلِكَ
1.0,1.073479,0.81,رَدًّا
0.89091,1.16456,1.07456,عَلَى
