conf,end,start,word
0.998128,0.810004,0.27,وَذَلِكَ
0.12475,1.17,0.810004,وَصَلَتْ
