conf,end,start,word
1.0,0.78,0.33,وَذَلِكَ
0.998194,0.994662,0.78,بَعْدَ
0.473282,1.17,0.994662,ٱثَّوْرَةِ
