conf,end,start,word
0.998514,0.84,0.33,وَذَلِكَ
0.976015,0.991582,0.84,فِي
0.190975,1.14,0.991582,حِوَارٍ
