conf,end,start,word
0.998334,0.810129,0.3,وَذَلِكَ
0.174431,1.042103,0.810129,بَعْدَ
