conf,end,start,word
0.880716,0.750063,0.39,وَذَلِكَ
0.734847,0.889262,0.750063,إِثْرَ
0.140922,1.075619,0.889262,أَثَرِهِ
