conf,end,start,word
0.982522,0.870012,0.24,وَذَلِكَ
0.428003,1.14,0.870012,ٱسْتِنَادًا
