conf,end,start,word
0.688568,0.72,0.45,وَذَلِكَ
0.998541,0.980169,0.720024,بَعْدَ
0.389133,1.17,0.99,ٱثَّوْرَةِ
