conf,end,start,word
0.993388,0.93,0.24,وَذَلِكَ
0.494801,1.138573,0.99,مَا
