conf,end,start,word
1.0,0.78,0.36,وَذَلِكَ
1.0,1.02045,0.78,بَعْدَ
0.901607,1.169564,1.02045,يَوْمٍ
