conf,end,start,word
0.983831,0.839466,0.33,وَذَلِكَ
0.925064,1.096062,0.840367,أَثْنَاءَ
