conf,end,start,word
0.999206,0.81,0.36,وَذَلِكَ
0.878449,1.094131,0.84,إِثْرَ
