conf,end,start,word
0.998822,0.809604,0.36,وَذَلِكَ
0.941608,1.152101,0.84,خِلَالَ
