conf,end,start,word
0.914061,0.3,0.03,حَلَبَ
0.999387,0.78,0.33,وَذَلِكَ
0.993112,1.064447,0.78,بَعْدَ
