conf,end,start,word
0.609576,0.78,0.393798,ذَلِكَ
0.945986,1.098381,0.84,بَعْدَ
