conf,end,start,word
1.0,0.84,0.33,وَذَلِكَ
0.990307,0.991847,0.84,فِي
0.481825,1.169216,0.991847,جِنِيفْ
