conf,end,start,word
0.998689,0.810166,0.3,وَذَلِكَ
0.445669,0.968697,0.810166,مَا
