conf,end,start,word
0.295816,0.41779,0.0,ٱتَّعْلِيمِ
0.999186,0.78,0.41779,وَذَلِكَ
0.99902,1.05254,0.809987,رَغْمَ
