conf,end,start,word
1.0,0.839899,0.300222,وَذَلِكَ
0.944252,1.055694,0.84,بَعْدَ
