conf,end,start,word
0.997501,0.87,0.27,وَذَلِكَ
0.733688,1.129954,0.93,بَعْدَ
