conf,end,start,word
0.979804,0.781324,0.36,وَذَلِكَ
0.864461,1.034149,0.781324,إِثْرَ
