conf,end,start,word
1.0,0.78,0.36,وَذَلِكَ
1.0,0.930278,0.78,فِي
0.984117,1.14,0.930278,إِطَارِ
