conf,end,start,word
0.444055,0.75,0.17512,وَذَلِكَ
0.935556,1.169957,0.757319,بِحُضُورِ
