conf,end,start,word
0.792059,0.389488,0.0,ٱسِّيَاسِيِّ
1.0,0.81,0.389488,وَذَلِكَ
0.969963,1.054463,0.81,بَعْدَ
