conf,end,start,word
1.0,0.75,0.36,وَذَلِكَ
0.996821,0.87,0.75,مِنْ
0.984945,1.101273,0.87,خِلَالِ
