conf,end,start,word
1.0,0.78005,0.36,وَذَلِكَ
0.991837,0.991731,0.78005,إِثْرَ
0.150031,1.17,0.991731,ٱثَّوْرَةِ
