conf,end,start,word
1.0,0.78,0.39,وَذَلِكَ
0.999015,0.963375,0.78,بَعْدَ
0.223595,1.17,0.963375,ٱحْتِلَالِ
