conf,end,start,word
0.999735,0.749971,0.36,وَذَلِكَ
0.98919,1.020975,0.78,خِلَالَ
0.138301,1.17,1.020975,سَاعَاتٍ
