conf,end,start,word
1.0,0.809841,0.36,وَذَلِكَ
0.993378,1.019575,0.81,تَحْتَ
0.436117,1.17,1.02,ٱلْقَصْفِ
