conf,end,start,word
1.0,0.810034,0.33,وَذَلِكَ
0.995019,0.98894,0.810034,فِي
0.224013,1.080746,0.99,مِصْرَ
