conf,end,start,word
0.567334,0.72,0.45,وَذَلِكَ
0.981539,0.900106,0.72,عَلَى
0.740978,1.160195,0.900106,طُولِ
