conf,end,start,word
0.871859,0.75,0.39,وَذَلِكَ
1.0,0.9,0.750203,فِي
0.995019,1.169647,0.9,أَعْقَابِ
