conf,end,start,word
1.0,0.360278,0.03,لَهُ
0.994472,0.78,0.360278,وَذَلِكَ
1.0,1.10351,0.78,بَعْدَ
