conf,end,start,word
0.995982,0.839839,0.33,وَذَلِكَ
0.655186,1.071522,0.87,ضِمْنَ
