conf,end,start,word
0.422824,0.75,0.330405,وَذَلِكَ
0.892947,1.044533,0.75,بَعْدَ
