conf,end,start,word
0.97814,0.81,0.33,وَذَلِكَ
0.14801,1.033535,0.815925,لِأَنَّ
