conf,end,start,word
1.0,0.810042,0.3,وَذَلِكَ
0.990302,1.168186,0.810042,بِسَبَبِ
