conf,end,start,word
0.53576,0.383243,0.0,ٱدَّوْحَةِ
1.0,0.779921,0.383243,وَذَلِكَ
0.993066,1.053194,0.78,بَعْدَ
