conf,end,start,word
1.0,0.77935,0.33,وَذَلِكَ
0.984307,1.063703,0.81066,خِلَالَ
