conf,end,start,word
0.636238,0.69,0.42,وَذَلِكَ
0.964024,0.810244,0.699281,مِنْ
0.892198,1.046991,0.810244,أَجْلِ
