conf,end,start,word
1.0,0.750046,0.36,وَذَلِكَ
0.994525,0.89984,0.750046,فِي
0.761192,1.17,0.9,خِتَامِ
