conf,end,start,word
1.0,0.81,0.33,وَذَلِكَ
0.998131,0.930388,0.81,فِي
0.97423,1.166455,0.930388,إِطَارِ
