conf,end,start,word
0.631236,0.39,0.061685,كَانَتْ
0.989467,0.75,0.39019,وِزَارَةُ
1.0,1.161699,0.75,ٱدِّفَاعِ
