conf,end,start,word
0.994169,0.389946,0.214387,فِي
1.0,0.78,0.389946,وِزَارَةِ
1.0,1.16736,0.78,ٱدَّاخِلِيَّةِ
