conf,end,start,word
0.841104,0.39,0.03,كَانَتْ
0.986507,0.720113,0.39,وِزَارَةُ
0.996279,1.080655,0.720296,ٱلْخَارِجِيَّةِ
