conf,end,start,word
0.833255,0.417908,0.03,تَنْفِي
0.999053,0.75,0.417908,وِزَارَةُ
1.0,1.165336,0.75,ٱلْخَارِجِيَّةِ
