conf,end,start,word
0.681756,0.340144,0.0,ٱسِّيسِيِّ
0.559148,0.81,0.340144,وِزَارَةً
0.419549,1.167234,0.81,لِدِّفَاعِ
