conf,end,start,word
0.681714,0.39,0.03,قَادَةُ
0.997738,0.781462,0.390174,وِزَارَةِ
0.902385,1.17,0.781462,ٱدِّفَاعِ
