conf,end,start,word
0.182348,0.27,0.0,أُولِيٌّ
0.997786,0.419976,0.270309,فِي
1.0,0.69,0.419976,وِزَارَةِ
1.0,1.100563,0.69,ٱلْخَارِجِيَّةِ
