conf,end,start,word
0.824237,0.929842,0.311312,وِزَارَتَيِ
0.642127,1.17,0.929842,ٱلْخَارِجِيَّةِ
