conf,end,start,word
0.207597,0.398966,0.03,دُرُوسُ
0.909411,0.78,0.398966,وِزَارَةِ
1.0,1.17,0.78,ٱلْعَدْلِ
