conf,end,start,word
0.929605,0.39,0.06,قَالَتْ
1.0,0.750031,0.39,وِزَارَةُ
0.995457,1.099959,0.750031,ٱصِّحَّةِ
