conf,end,start,word
0.643207,0.419459,0.0,ٱلَّتِي
0.954326,0.75,0.422828,وِزَارَةُ
1.0,1.157836,0.750579,ٱلْخَارِجِيَّةِ
