conf,end,start,word
0.976889,0.42,0.03,بَثَّتْ
0.996055,0.72,0.420147,وِزَارَةُ
1.0,1.075622,0.72,ٱدِّفَاعِ
