conf,end,start,word
0.987959,0.36,0.06825,فِي
1.0,0.750144,0.36,وِزَارَةِ
0.985012,1.060053,0.750144,ٱطَّاقَةِ
