conf,end,start,word
0.273044,0.355504,0.0,ٱسْمِيَّةُ
0.866137,0.78052,0.355504,وِزَارَةِ
0.981883,1.107623,0.78052,ٱدِّفَاعِ
