conf,end,start,word
0.937268,0.33,0.03,قَالَتْ
1.0,0.75,0.33,وِزَارَةُ
1.0,1.081013,0.75,ٱدِّفَاعِ
0.587554,1.17,1.081013,عَنْ
