conf,end,start,word
0.997196,0.3901,0.218939,فِي
1.0,0.750107,0.3901,وِزَارَةِ
0.671923,1.17,0.750107,ٱلْخِزَانَةِ
