conf,end,start,word
0.924215,0.39,0.06,قَالَتْ
1.0,0.776981,0.39,وِزَارَةُ
0.847006,1.106307,0.78,دِفَاعٍ
