conf,end,start,word
0.87308,0.298832,0.0,أَيُّ
0.992039,0.794067,0.298832,وِزَارَةٍ
