conf,end,start,word
0.705712,0.33,0.03,كَانَتْ
0.996606,0.780491,0.340314,وِزَارَةُ
0.946212,1.14,0.780491,ٱرَّئِيسِ
