conf,end,start,word
0.719765,0.84,0.301742,وِزَارَةُ
0.233673,1.169793,0.959586,ٱلْمَالِيَّةِ
