conf,end,start,word
0.501873,0.3,0.03,مَعَ
1.0,0.780454,0.348876,وِزَارَةِ
0.956151,1.006219,0.780454,ٱصِّحَّةِ
0.286757,1.17,1.006219,ٱلْعَامَّةِ
