conf,end,start,word
0.999298,0.39,0.03,عَنْ
0.569326,0.802988,0.39,وِزَارَتَيِ
0.913774,1.101002,0.802988,ٱدِّفَاعِ
