conf,end,start,word
0.320948,0.42,0.03,كَشَفَتْ
0.976821,0.78,0.425794,وِزَارَةُ
1.0,1.167414,0.780055,ٱدَّاخِلِيَّةِ
