conf,end,start,word
0.713305,0.39,0.0,أَطْلَقَتْ
0.990368,0.780064,0.39,وِزَارَةُ
0.993618,1.103868,0.780064,ٱدِّفَاعِ
