conf,end,start,word
0.991886,0.388289,0.03,عَفْوً
0.735175,0.805976,0.390276,وِزَارَتُهُ
1.0,1.168991,0.805976,ٱلْخَارِجِيَّةِ
