conf,end,start,word
0.835245,0.41996,0.12,قَالَتْ
1.0,0.751028,0.41996,وِزَارَةُ
0.933441,1.102028,0.751028,ٱدَّاخِلِيَّةِ
