conf,end,start,word
0.998019,0.33,0.0,أَنَّ
0.990813,0.78,0.33,وِزَارَةَ
0.976289,1.069054,0.780282,ٱنَّقْلِ
