conf,end,start,word
0.702759,0.382027,0.03,رَفَضَتْ
0.894728,0.75,0.382027,وِزَارَةُ
