conf,end,start,word
0.6378,0.389497,0.03,حَذَّرَتْ
0.913954,0.72,0.390076,وِزَارَةُ
1.0,1.135038,0.722581,ٱلْخَارِجِيَّةِ
