conf,end,start,word
0.573822,0.224306,0.0,أَنَا
0.942543,0.39,0.224306,إِلَى
0.934795,0.75,0.390057,وِزَارَةِ
0.996895,1.076223,0.751962,ٱنَّقْلِ
