conf,end,start,word
0.735439,0.358559,0.0,أَنَا
0.996138,0.81,0.358559,وِزَارَةُ
1.0,1.169737,0.81,ٱلْعَدْلِ
