conf,end,start,word
0.681794,0.39,0.03,دَاخِلَ
0.99676,0.78,0.399577,وِزَارَةِ
1.0,1.16799,0.780097,ٱلْبِيئَةِ
