conf,end,start,word
0.750259,0.749991,0.360338,وِزَارَةُ
0.552168,1.024429,0.749991,ٱصِّحَّةِ
