conf,end,start,word
0.911232,0.39,0.0,أَعْلَنَتْ
1.0,0.750132,0.390385,وِزَارَةُ
0.988248,1.020248,0.750132,ٱصِّحَّةِ
0.416154,1.082974,1.020248,فِي
