conf,end,start,word
0.976253,0.419778,0.27,عَنْ
1.0,0.75,0.419778,وِزَارَةِ
1.0,1.109245,0.75,ٱدِّفَاعِ
