conf,end,start,word
0.502448,0.299914,0.0,أَنَّنَا
0.992115,0.419944,0.299914,فِي
0.999082,0.75,0.419944,وِزَارَةِ
1.0,1.14,0.75,ٱدِّفَاعِ
