conf,end,start,word
0.776375,0.749619,0.361793,وِزَارَةُ
0.674577,1.17,0.749619,ٱلْخِزَانِ
