conf,end,start,word
0.989401,0.419972,0.33,فِي
0.99374,0.75,0.419972,وِزَارَةِ
1.0,1.102151,0.75,ٱدَّاخِلِيَّةِ
