conf,end,start,word
0.744445,0.42,0.03,بَحَثَ
0.990604,0.690096,0.431778,وَزِيرُ
0.996826,1.11,0.69028,ٱدِّفَاعِ
