conf,end,start,word
0.648821,0.446305,0.03,طَلَعْنَا
0.797369,0.72,0.446305,وَزِيرُ
0.984858,1.160588,0.725582,ٱلْخَارِجِيَّةِ
