conf,end,start,word
0.996536,0.45,0.15,أَكَّدَ
1.0,0.660047,0.450104,وَزِيرُ
0.997605,1.058018,0.660047,ٱلْخَارِجِيَّةِ
