conf,end,start,word
0.55856,0.42,0.03,تَوَتُّرُ
0.966635,0.690089,0.42,وَزِيرِ
0.997125,1.141269,0.690627,ٱلْخَارِجِيَّةِ
