conf,end,start,word
0.88785,0.39,0.03,وَصَلَ
1.0,0.721841,0.42,وَزِيرُ
0.88443,1.063426,0.721841,ٱلْخَارِجِيَّةِ
