conf,end,start,word
0.88391,0.419852,0.03,وُصُولُهَا
0.996329,0.690678,0.419852,وَزِيرَ
0.963487,1.127146,0.690678,ٱلْخَارِجِيَّةِ
