conf,end,start,word
0.809662,0.449103,0.15,وَكَذَا
0.985197,0.749139,0.449103,وَزِيرُ
0.536919,1.077202,0.78,خَارِجِيَّةِ
