conf,end,start,word
0.387573,0.389007,0.03,تَرْمِي
0.575551,0.69,0.410696,وَزِيرَ
0.884733,1.08,0.69,ٱلْخَارِجِيَّةِ
