conf,end,start,word
0.253278,0.36,0.0,أَمَامَ
0.987979,0.75,0.421759,وَزِيرِ
1.0,1.169542,0.750361,ٱلْخَارِجِيَّةِ
