conf,end,start,word
0.994418,0.45,0.24,قَالَ
1.0,0.72,0.450074,وَزِيرُ
0.965028,0.990634,0.72,ٱدَّوْلَةِ
0.183752,1.091079,1.001079,طَيِّبْ
