conf,end,start,word
1.0,0.36,0.03,حَذَّرَ
1.0,0.722094,0.36,وَزِيرُ
0.857611,1.107559,0.722094,ٱدَّوْلَةِ
