conf,end,start,word
0.645879,0.293513,0.0,أَيًّا
0.995455,0.42,0.293513,مِنْ
1.0,0.72,0.42,وَزِيرِ
1.0,1.061867,0.72,ٱدِّفَاعِ
