conf,end,start,word
0.764263,0.39,0.03,كَانَ
1.0,0.75016,0.396561,وَزِيرُ
0.990182,1.168223,0.75016,ٱلْخَارِجِيَّةِ
