conf,end,start,word
0.458839,0.419927,0.09,ظَاهِرَةُ
0.988323,0.750408,0.419927,وَزِيرِ
0.97811,1.14,0.750408,ٱلْخَارِجِيَّةِ
