conf,end,start,word
0.898557,0.42,0.03,مُسْتَشَارُ
1.0,0.75,0.420332,وَزِيرِ
0.814658,1.077965,0.75,دِفَاعٍ
