conf,end,start,word
1.0,0.42,0.03,وَكَانَ
0.999843,0.72,0.42,وَزِيرُ
0.997397,0.99127,0.72,ٱطَّاقَةِ
0.048487,1.17,0.99127,وَٱنِّفْطِ
