conf,end,start,word
0.802568,0.36,0.03,وَقَالَ
1.0,0.720035,0.36,وَزِيرُ
0.997831,1.13979,0.720035,ٱلْخَارِجِيَّةِ
