conf,end,start,word
0.568693,0.456614,0.03,بَحَثَا
0.995649,0.750098,0.456614,وَزِيرُ
0.994459,1.167523,0.750098,ٱلْخَارِجِيَّةِ
