conf,end,start,word
0.965299,0.39,0.12,قَالَ
1.0,0.743367,0.392054,وَزِيرُ
0.298853,1.102268,0.78,خَارِجِيَّةِ
