conf,end,start,word
0.676015,0.45,0.0,ٱسُّعُودِيُّ
0.890655,0.690098,0.45869,وَزِيرُ
0.993371,1.091601,0.690098,ٱدِّفَاعِ
