conf,end,start,word
0.646296,0.48,0.18,قِلَّةُ
0.975844,0.720376,0.488439,وَزِيرِ
0.990481,1.138374,0.720376,ٱلْخَارِجِيَّةِ
