conf,end,start,word
0.763078,0.45,0.03,وَصَلَ
0.99402,0.716447,0.45041,وَزِيرُ
0.724209,1.065154,0.75,خَارِجِيَّةِ
