conf,end,start,word
0.670384,0.446548,0.0,أَمَّا
0.991942,0.69,0.446548,وَزِيرُ
1.0,1.055645,0.69,ٱلْخَارِجِيَّةِ
