conf,end,start,word
0.91209,0.449992,0.03,يُجْرِي
0.951068,0.714124,0.449992,وَزِيرُ
0.697357,1.071349,0.75,خَارِجِيَّةِ
