conf,end,start,word
0.945237,0.418562,0.0,ٱنِّقَاشُ
0.872888,0.750378,0.418562,وَزِيرَ
0.32932,1.032262,0.752733,ٱدَّوْلَةِ
