conf,end,start,word
0.930705,0.21,0.03,مَا
0.8654,0.477784,0.21,قَالَهُ
1.0,0.690394,0.477784,وَزِيرُ
0.979128,1.050787,0.690394,ٱلْخَارِجِيَّةِ
