conf,end,start,word
0.959827,0.42,0.09,قَالَ
1.0,0.720034,0.420104,وَزِيرُ
0.998132,1.17,0.720034,ٱلْٱقْتِصَادِ
