conf,end,start,word
1.0,0.42,0.09,حَثَّ
1.0,0.720057,0.42,وَزِيرُ
0.998402,1.168374,0.720057,ٱتِّجَارَةِ
