conf,end,start,word
0.914915,0.45,0.03,لِقَائِهِ
0.994754,0.720066,0.45,وَزِيرَ
0.991042,1.107489,0.720066,ٱدِّفَاعِ
