conf,end,start,word
0.993207,0.42,0.03,وَقَالَ
1.0,0.690076,0.42014,وَزِيرُ
0.995924,1.13815,0.690076,ٱلْخَارِجِيَّةِ
