conf,end,start,word
1.0,0.42,0.030359,طَلَبَ
1.0,0.720087,0.42,وَزِيرُ
0.994995,1.133037,0.720087,ٱلْخَارِجِيَّةِ
