conf,end,start,word
0.852082,0.36,0.0,أَنَّ
0.989277,0.745676,0.360702,وَزِيرَ
0.318137,1.17,0.99,خَارِجِيَّةِ
