conf,end,start,word
0.895001,0.36,0.03,وَقَالَ
1.0,0.690058,0.361916,وَزِيرُ
0.993502,1.024286,0.690058,ٱدِّفَاعِ
