conf,end,start,word
0.894519,0.33,0.03,لَنَا
0.996,0.750094,0.36,وَزِيرُ
0.993966,1.16831,0.750094,ٱلْخَارِجِيَّةِ
