conf,end,start,word
0.272294,0.469264,0.0,ٱلْقِلَاعُ
0.976925,0.7504,0.469264,وَزِيرُ
0.929585,1.049184,0.7504,ٱرَّيِّ
