conf,end,start,word
0.995836,0.45,0.12,أَقَرَّ
1.0,0.720033,0.45,وَزِيرُ
0.998152,1.123507,0.720033,ٱلْخَارِجِيَّةِ
