conf,end,start,word
0.994378,0.45,0.212342,قَالَ
1.0,0.72,0.450241,وَزِيرُ
0.99772,0.990793,0.72,ٱلْإِعْلَامِ
0.703823,1.17,0.990793,ٱسُّورِيُّ
