conf,end,start,word
0.73407,0.39,0.0,ٱدَّوْرُ
0.997036,0.750725,0.39,وَزِيرُ
0.953392,1.137395,0.750725,ٱلْخَارِجِيَّةِ
