conf,end,start,word
0.987364,0.36,0.03,قَالَ
1.0,0.75046,0.36,وَزِيرُ
0.967879,1.106943,0.75046,ٱشُّؤُونِ
