conf,end,start,word
0.800948,0.419721,0.274782,عَنْ
1.0,0.720656,0.419721,وَزِيرِ
0.955555,1.17,0.720656,ٱلْمُوَاصَلَاتِ
