conf,end,start,word
0.563977,0.33,0.03,وَقَدْ
0.995819,0.69567,0.333943,وَزِيرُ
0.580988,0.996114,0.69567,ٱدِّفَاعِ
