conf,end,start,word
0.513016,0.449649,0.12,عُدْنَا
0.974919,0.690169,0.449649,وَزِيرُ
0.991738,1.17,0.690169,ٱلْخَارِجِيَّةِ
