conf,end,start,word
0.996117,0.36,0.03,وَصَلَ
1.0,0.690142,0.360116,وَزِيرُ
0.995985,1.166767,0.690142,ٱلْخَارِجِيَّةِ
