conf,end,start,word
0.995588,0.36,0.03,نَائِبُ
0.979305,0.78,0.36,وَزِيرِ
0.971323,1.099011,0.780639,ٱلْإِعْلَامِ
