conf,end,start,word
0.993053,0.42,0.09,وَقَالَ
1.0,0.697212,0.42,وَزِيرُ
0.532965,0.971867,0.697212,ٱشُّؤُونِ
0.293813,1.14,0.971867,ٱلْبِلَادِ
