conf,end,start,word
0.839789,0.45,0.0,ٱرَّقَابَةُ
0.972995,0.720086,0.450326,وَزِيرُ
0.997691,1.130624,0.720086,ٱلْخَارِجِيَّةِ
