conf,end,start,word
0.993823,0.42,0.03,تَوَعَّدَ
1.0,0.721458,0.42,وَزِيرُ
0.916181,1.137349,0.721458,ٱلْخَارِجِيَّةِ
