conf,end,start,word
0.978232,0.42,0.03,وَقَالَ
1.0,0.75005,0.42,وَزِيرُ
0.997008,1.168246,0.75005,ٱلْخَارِجِيَّةِ
