conf,end,start,word
0.993826,0.42,0.18,قَالَ
1.0,0.69,0.420076,وَزِيرُ
0.661824,1.053986,0.75,خَارِجِيَّةِ
