conf,end,start,word
0.998668,0.45,0.18,وَقَالَ
1.0,0.720736,0.45,وَزِيرُ
0.956281,1.066575,0.720736,ٱلْخَارِجِيَّةِ
