conf,end,start,word
0.744584,0.438678,0.03,يَضُمُّ
0.65281,0.780134,0.438678,وَزِيرَ
0.898199,1.14,0.796587,ٱلْخَارِجِيَّةِ
