conf,end,start,word
1.0,0.42,0.0,ٱلْتَقَى
0.996652,0.691364,0.42,وَزِيرُ
0.926853,1.133288,0.691364,ٱلْخَارِجِيَّةِ
