conf,end,start,word
0.561055,0.36,0.03,فِينَا
1.0,0.810007,0.361577,وَقُوَّاتُ
0.999394,1.107202,0.810007,ٱلْأَمْنِ
