conf,end,start,word
0.336832,0.390239,0.0,أَجْنَبِيَّةٌ
0.854119,0.78,0.390239,وَقُوَّاتُ
0.875918,0.990124,0.78,ٱنِّظَامِ
0.585907,1.17,0.990124,ٱسُّورِيِّ
