conf,end,start,word
0.788088,0.39,0.0,ٱلْحُوثِيِّينَ
0.923256,0.78041,0.391092,وَقُوَّاتِ
0.958536,1.047016,0.78041,ٱرَّئِيسِ
