conf,end,start,word
0.464907,0.421439,0.06,قُوَى
0.366723,0.93,0.421439,قُوَّتِهِ
