conf,end,start,word
0.496022,0.831813,0.33,وَقُوَّةُ
0.327456,1.15008,0.843597,ٱرَّئِيسِ
