conf,end,start,word
0.627381,0.359944,0.0,أَسْلِحَةٌ
0.936035,0.81,0.359944,وَقُوَّاتُ
0.680398,1.076644,0.81,سُورْيَا
