conf,end,start,word
0.961425,0.42,0.0,ٱلْحُوثِيِّ
1.0,0.81,0.42,وَقُوَّاتِ
0.941498,1.024636,0.81,ٱرَّئِيسِ
0.376688,1.14,1.024636,مُرْسِي
