conf,end,start,word
0.696604,0.33,0.0,ٱلْحُوثِيِّينَ
0.992229,0.80997,0.33,وَقُوَّاتِ
0.730215,1.031078,0.80997,ٱرَّئِيسِ
