conf,end,start,word
0.988639,0.39,0.0,ٱلْحُوثِيِّ
1.0,0.750106,0.390215,وَقُوَّاتِ
0.991395,0.995129,0.750106,ٱرَّئِيسِ
0.345066,1.17,0.995129,ٱسِّيسِيِّ
