conf,end,start,word
0.997653,0.359987,0.0,ٱلْحُوثِيِّ
1.0,0.810307,0.359987,وَقُوَّاتِ
0.953866,1.053528,0.810307,ٱرَّئِيسِ
0.25442,1.17,1.053528,مُرْسِي
