conf,end,start,word
1.0,0.42,0.0,ٱلْحُوثِيِّ
0.998617,0.779966,0.42,وَقُوَّاتِ
0.891449,0.973952,0.779966,ٱرَّئِيسِ
0.362568,1.14,0.973952,ٱسَّابِقِ
