conf,end,start,word
0.982042,0.78,0.300611,وَقُوَّاتُ
0.99364,1.139311,0.78035,ٱنَّاتُو
