conf,end,start,word
0.990185,0.39,0.0,ٱلْحُوثِيِّ
1.0,0.78,0.390294,وَقُوَّاتِ
0.977785,0.995881,0.78,ٱرَّئِيسِ
0.45283,1.17,0.995881,ٱسَّابِقِ
