conf,end,start,word
0.871646,0.360255,0.03,فَتْحٌ
0.661104,0.810168,0.361292,وَأَقْوَاتٌ
0.704557,1.17,0.810351,حِزْبِيَّةٌ
