conf,end,start,word
0.740436,0.81,0.321668,وَقُوَّاتُ
0.972102,1.14,0.817545,حَفْتَرٍ
