conf,end,start,word
0.386294,0.509369,0.03,حَاوَلَ
0.861685,0.81105,0.511458,قُوَّاتُ
0.91136,1.129269,0.81105,ٱنِّظَامِ
