conf,end,start,word
0.914451,0.840031,0.341494,وَقُوَّاتُ
0.985327,1.14,0.840031,ٱلْحَشْدِ
