conf,end,start,word
0.982232,0.78,0.36,وَقُوَّاتُ
0.995375,1.019621,0.780143,حِزْبِ
0.935543,1.14,1.02,ٱلَّهِ
