conf,end,start,word
0.997425,0.39,0.0,ٱلْحُوثِيِّ
1.0,0.78,0.39,وَقُوَّاتِ
0.972035,1.022644,0.78,ٱرَّئِيسِ
0.444802,1.14,1.022644,مُرْسِي
