conf,end,start,word
0.354607,0.299389,0.0,أَنَّنِي
0.984949,0.842331,0.299389,وَقُوَّاتُ
0.530488,1.17,0.842331,ٱلْمُقَاوَمَةِ
