conf,end,start,word
0.887156,0.810031,0.317197,وَقُوَّةُ
0.215817,1.157879,0.810031,ٱلْبَطْشِ
