conf,end,start,word
0.660354,0.327385,0.03,وَفِي
0.998128,0.810739,0.327385,وَقُوَّاتِ
0.933933,1.14,0.810739,ٱرَّئِيسِ
