conf,end,start,word
0.98791,0.781467,0.30088,وَقُوَّاتِ
0.833861,0.998224,0.781467,ٱرَّئِيسِ
0.314795,1.17,0.998224,ٱسَّابِقِ
