conf,end,start,word
0.625385,0.81,0.339951,وَقُوَّاتُ
0.73294,1.097993,0.810064,ٱلِّوَاءِ
