conf,end,start,word
0.742283,0.359895,0.03,خَاصَّةٌ
0.999429,0.78,0.359895,وَقُوَّاتُ
0.988296,1.14,0.78,ٱلْٱحْتِلَالِ
