conf,end,start,word
0.993417,0.36,0.0,ٱلْحُوثِيِّ
1.0,0.78001,0.360395,وَقُوَّاتِ
0.99905,1.003235,0.78001,ٱرَّئِيسِ
0.294857,1.17,1.003235,ٱسَّابِقِ
