conf,end,start,word
0.575196,0.086319,0.03,مِنْ
1.0,0.42,0.086319,جِهَةٍ
1.0,0.780776,0.42,وَقُوَّاتُ
0.938713,1.044127,0.780776,ٱنِّظَامِ
