conf,end,start,word
1.0,0.36,0.0,ٱلْحُوثِيِّ
1.0,0.810248,0.36,وَقُوَّاتِ
0.966213,1.052582,0.810248,ٱرَّئِيسِ
0.275498,1.17,1.052582,مُرْسِي
