conf,end,start,word
0.999136,0.39,0.0,ٱلْحُوثِيِّ
1.0,0.78,0.390026,وَقُوَّاتِ
0.994341,0.994519,0.78,ٱرَّئِيسِ
0.371101,1.17,0.994519,ٱسَّابِقِ
