conf,end,start,word
0.977823,0.359893,0.03,مِيَاهٌ
0.585298,0.81,0.359893,وَقُوَّاتُ
0.509308,1.066913,0.81,سُورْيَا
