conf,end,start,word
1.0,0.42,0.0,ٱلْحُوثِيِّ
1.0,0.750068,0.42,وَقُوَّاتِ
0.994895,1.000231,0.750068,ٱرَّئِيسِ
0.296869,1.17,1.000231,ٱسَّابِقِ
