conf,end,start,word
0.932145,0.32966,0.0,ٱلْحُوثِيِّينَ
1.0,0.781538,0.32966,وَقُوَّاتِ
0.857544,1.035648,0.781538,ٱرَّئِيسِ
0.269638,1.17,1.05,مُرْسِي
