conf,end,start,word
0.634445,0.36,0.0,ٱلْحُوثِيِّينَ
0.985407,0.780108,0.36,وَقُوَّاتِ
0.988688,1.062415,0.780108,ٱرَّئِيسِ
