conf,end,start,word
0.708341,0.39,0.0,ٱلْحُوثِيِّينَ
1.0,0.750117,0.39,وَقُوَّاتِ
0.990685,0.998386,0.750117,ٱرَّئِيسِ
0.231274,1.17,0.998386,ٱسِّيسِيِّ
