conf,end,start,word
0.662183,0.48,0.03,حَاوَلَ
0.953761,0.787659,0.488699,قُوَّاتُ
0.55731,1.166869,0.787659,ٱنِّظَامِ
