conf,end,start,word
0.354065,0.351929,0.03,نَشَرَتْ
0.891351,0.779933,0.351929,وَكَالَةُ
0.877507,1.108764,0.779933,أَعْمَاقْ
