conf,end,start,word
0.986399,0.389982,0.03,قَالَتْ
1.0,0.779999,0.389982,وَكَالَةُ
0.998487,1.021586,0.78,سَانَا
0.045217,1.17,1.021586,أَشَارَتْ
