conf,end,start,word
0.958187,0.36,0.03,نَقَلَتْ
0.9896,0.72008,0.36,وَكَالَةُ
0.994751,1.079846,0.72008,ٱلْأَنۢبَاءْ
