conf,end,start,word
0.530768,0.39,0.0,أَعْلَنَتْ
0.996755,0.78,0.390059,وَكَالَةُ
0.978641,1.103867,0.78,أَعْمَاقْ
