conf,end,start,word
0.94633,0.36,0.03,نَقَلَتْ
0.996187,0.720044,0.36,وَكَالَةُ
0.996843,1.03519,0.720044,ٱلْأَنۢبَاءْ
