conf,end,start,word
0.989175,0.39,0.03,ذَكَرَتْ
1.0,0.749103,0.39,وَكَالَةُ
0.970098,1.016338,0.75,أَنْبَاءٍ
