conf,end,start,word
0.441987,0.328337,0.03,نَقَلَتْ
0.9875,0.78,0.328337,وَكَالَةُ
