conf,end,start,word
0.996594,0.389996,0.09,قَالَتْ
0.697548,0.747781,0.39,وَكَانَتْ
