conf,end,start,word
0.636258,0.3,0.03,وَقَالَ
0.549978,0.72,0.385946,وَكَالَةُ
0.997966,1.043228,0.72,ٱلْأَنۢبَاءْ
