conf,end,start,word
0.424444,0.450527,0.03,حَضَرَتْ
0.376684,0.719968,0.45809,وَكَالَةُ
0.760614,0.979296,0.719968,ٱشُّرْطَةِ
0.279533,1.17,0.979296,ٱلْمِصْرِيَّةِ
