conf,end,start,word
0.686998,0.449925,0.0,ٱلَّتِي
0.931152,0.809458,0.456968,كَانَتْ
0.858231,1.095434,0.84,تَابِعَةً
