conf,end,start,word
0.638225,0.36,0.03,وَقَالَتْ
0.992286,0.78,0.379102,وَكَالَةُ
0.995986,1.069981,0.78,ٱلْأَنۢبَاءْ
