conf,end,start,word
0.840275,0.36,0.03,قَالَتْ
1.0,0.808621,0.36,وَكَالَةُ
0.957012,1.077691,0.81,سَانَا
