conf,end,start,word
0.939863,0.780383,0.359903,وَكَالَةُ
0.96158,1.077404,0.780383,ٱلْأَنۢبَاءْ
