conf,end,start,word
0.985197,0.39,0.0,أَكَّدَتْ
0.993216,0.750047,0.390203,وَكَالَةُ
0.996628,1.060909,0.750047,ٱلْأَنۢبَاءْ
