conf,end,start,word
0.977958,0.419261,0.0,ٱلَّتِي
1.0,0.75,0.419261,وَكَالَةُ
0.999797,1.036818,0.75,أَنْبَاءٍ
