conf,end,start,word
0.386211,0.421106,0.0,ٱتَّوُ
0.802751,0.84,0.421106,وَكَالَةُ
0.616191,1.169654,0.84,ٱلْأَنۢبَاءْ
