conf,end,start,word
0.974669,0.750049,0.36,وَكَالَةُ
0.996459,1.071702,0.750049,ٱلْأَنۢبَاءْ
