conf,end,start,word
0.687788,0.326571,0.03,فِي
1.0,0.840056,0.326571,وَكَالَةِ
0.997452,1.14,0.840056,ٱطَّاقَةِ
