conf,end,start,word
0.963185,0.359495,0.031114,فِي
1.0,0.75,0.359495,وَكَالَةِ
1.0,1.137817,0.75,ٱطَّاقَةِ
