conf,end,start,word
0.754985,0.423555,0.0,ٱلَّتِي
0.666267,0.78,0.423555,وَكَالَةُ
