conf,end,start,word
0.776094,0.359904,0.03,قَالَتْ
0.986878,0.81,0.359904,وَكَالَةُ
1.0,1.156817,0.81,ٱلْأَنۢبَاءْ
