conf,end,start,word
0.998392,0.39,0.0,أَوْرَدَتْ
0.998215,0.72088,0.39,وَكَالَةُ
0.933597,1.034624,0.72088,ٱلْأَنۢبَاءْ
