conf,end,start,word
0.889302,0.359143,0.03,قَالَتْ
0.998333,0.869433,0.359143,وَكَالَةُ
0.39211,1.17,0.93,سَانَا
