conf,end,start,word
0.854638,0.39,0.03,قَالَتْ
1.0,0.779925,0.39,وَكَالَةُ
0.997516,1.078842,0.78,سَبَإٍ
