conf,end,start,word
0.993322,0.39,0.12,قَالَتْ
0.963812,0.719421,0.39,وَكَالَةُ
1.0,1.007451,0.719421,ٱلْأَنۢبَاءْ
