conf,end,start,word
0.967787,0.39,0.03,بَثَّتْ
0.997227,0.778962,0.39,وَكَالَةُ
0.85353,1.087578,0.78,أَعْمَاقْ
