conf,end,start,word
0.986546,0.39,0.09,قَالَتْ
1.0,0.749903,0.39,وَكَالَةُ
0.956746,1.022672,0.75,أَعْمَاقْ
