conf,end,start,word
0.95126,0.389825,0.091345,لَهَا
0.854469,0.78,0.389825,وَكَالَةُ
1.0,1.11,0.78,ٱلْأَنۢبَاءْ
