conf,end,start,word
0.821735,0.36,0.03,قَالَتْ
0.990552,0.778192,0.363195,وَكَالَةُ
0.911231,1.137186,0.78,سَانَا
