conf,end,start,word
0.951867,0.42,0.03,نَقَلَتْ
0.994499,0.750157,0.42,وَكَالَةُ
0.388299,1.09331,0.750157,ٱلْإِعْلَامِ
