conf,end,start,word
0.999652,0.780007,0.36,وَكَالَةُ
0.999427,1.050289,0.780007,ٱلْأَنۢبَاءْ
0.130012,1.17,1.050289,ٱلَّتِي
