conf,end,start,word
0.811037,0.36,0.03,قَالَتْ
0.884982,0.805007,0.36212,وَكَالَةُ
0.185018,1.130188,0.81,شُرْطَةٍ
