conf,end,start,word
0.446441,0.3,0.001009,أَنْتَ
0.939165,0.78,0.300707,وَكَالَةُ
