conf,end,start,word
0.40321,0.328497,0.03,وَقَّعَ
0.769236,0.84,0.336048,وَكَالَةُ
0.986849,1.17,0.84,ٱلْأَنۢبَاءْ
