conf,end,start,word
0.721042,0.39,0.03,قَالَتْ
0.991286,0.750052,0.398394,وَكَالَةُ
0.996583,1.103752,0.750052,ٱلْأَنۢبَاءْ
