conf,end,start,word
0.997952,0.36,0.03,وَكَانَتْ
0.94987,0.78,0.360784,وَكَالَةُ
0.84231,1.109403,0.78,سَانَا
