conf,end,start,word
0.946482,0.36,0.03,قَالَتْ
1.0,0.78,0.361562,وَكَالَةُ
0.944716,1.094824,0.78,أَعْمَاقْ
