conf,end,start,word
0.826303,0.389357,0.06,قَالَتْ
0.655087,0.750558,0.389357,وَكَانَتْ
0.637816,1.14,0.758062,أَعْمَقُ
