conf,end,start,word
0.499726,0.359464,0.0,ٱلْخَيْرِيُّ
0.999188,0.78,0.359464,وَكَالَةُ
1.0,1.079742,0.78,أَنْبَاءٍ
