conf,end,start,word
0.727846,0.36,0.03,قَالَتْ
0.974872,0.81,0.368644,وَكَالَةُ
0.884023,1.17,0.81,أَعْمَاقْ
