conf,end,start,word
0.876637,0.35838,0.03,بَثَّتْ
1.0,0.78,0.35838,وَكَالَةُ
0.995665,1.139671,0.78,أَعْمَاقْ
