conf,end,start,word
0.986457,0.36,0.03,نَقَلَتْ
1.0,0.779588,0.36,وَكَالَةُ
0.193329,1.169273,0.958182,رُويْتَرْزْ
