conf,end,start,word
0.867148,0.316051,0.03,حَسَبَ
0.422413,0.81,0.330999,وَوَكَالَةِ
0.984013,1.14,0.81,ٱلْأَنۢبَاءْ
