conf,end,start,word
0.981487,0.42,0.06,قَالَتْ
0.976313,0.75,0.420819,وَكَالَةُ
0.993905,1.063802,0.75,ٱلْأَنۢبَاءْ
