conf,end,start,word
0.977065,0.36,0.03,قَالَتْ
1.0,0.778862,0.36,وَكَالَةُ
0.951602,1.042954,0.78,أَنْبَاءٍ
