conf,end,start,word
0.99936,0.39,0.03,وَنَقَلَتْ
1.0,0.756621,0.39,وَكَالَةُ
0.379659,1.108866,0.756621,ٱصَّحَافَةِ
