conf,end,start,word
0.757983,0.359751,0.03,ذَكَرَتْ
1.0,0.78,0.359751,وَكَالَةُ
0.967011,1.14,0.78,أَعْمَاقْ
