conf,end,start,word
0.983828,0.39,0.09,قَالَتْ
0.97055,0.75,0.390161,وَكَالَةُ
0.93111,1.17,0.750735,ٱلْأَنۢبَاءْ
